<?xml version="1.0" encoding="UTF-8"?>
<gpx xmlns="http://www.topografix.com/GPX/1/1" xmlns:gpxtpx="http://www.garmin.com/xmlschemas/TrackPointExtension/v1" xmlns:xsi="http://www.w3.org/2001/XMLSchema-instance" xsi:schemaLocation="http://www.topografix.com/GPX/1/1 http://www.topografix.com/GPX/1/1/gpx.xsd" version="1.1" creator="gpx.py -- https://github.com/tkrajina/gpxpy">
  <trk>
    <name>gpx from joyrun 1776762910</name>
    <trkseg>
      <trkpt lat="23.117575" lon="113.313046">
        <ele>12.74</ele>
        <time>2026-04-21T09:15:10Z</time>
        <extensions>
          <gpxtpx:TrackPointExtension></gpxtpx:TrackPointExtension>
        </extensions>
      </trkpt>
      <trkpt lat="23.117569" lon="113.313044">
        <ele>12.97</ele>
        <time>2026-04-21T09:15:15Z</time>
        <extensions>
          <gpxtpx:TrackPointExtension></gpxtpx:TrackPointExtension>
        </extensions>
      </trkpt>
      <trkpt lat="23.117544" lon="113.31305">
        <ele>13.11</ele>
        <time>2026-04-21T09:15:20Z</time>
        <extensions>
          <gpxtpx:TrackPointExtension></gpxtpx:TrackPointExtension>
        </extensions>
      </trkpt>
      <trkpt lat="23.117461" lon="113.313041">
        <ele>12.39</ele>
        <time>2026-04-21T09:15:25Z</time>
        <extensions>
          <gpxtpx:TrackPointExtension></gpxtpx:TrackPointExtension>
        </extensions>
      </trkpt>
      <trkpt lat="23.117291" lon="113.313065">
        <ele>12.31</ele>
        <time>2026-04-21T09:15:30Z</time>
        <extensions>
          <gpxtpx:TrackPointExtension></gpxtpx:TrackPointExtension>
        </extensions>
      </trkpt>
      <trkpt lat="23.117121" lon="113.313058">
        <ele>12.31</ele>
        <time>2026-04-21T09:15:35Z</time>
        <extensions>
          <gpxtpx:TrackPointExtension></gpxtpx:TrackPointExtension>
        </extensions>
      </trkpt>
      <trkpt lat="23.117076" lon="113.313208">
        <ele>12.2</ele>
        <time>2026-04-21T09:15:40Z</time>
        <extensions>
          <gpxtpx:TrackPointExtension></gpxtpx:TrackPointExtension>
        </extensions>
      </trkpt>
      <trkpt lat="23.117038" lon="113.313342">
        <ele>12.12</ele>
        <time>2026-04-21T09:15:45Z</time>
        <extensions>
          <gpxtpx:TrackPointExtension></gpxtpx:TrackPointExtension>
        </extensions>
      </trkpt>
      <trkpt lat="23.11703" lon="113.313469">
        <ele>12.15</ele>
        <time>2026-04-21T09:15:50Z</time>
        <extensions>
          <gpxtpx:TrackPointExtension></gpxtpx:TrackPointExtension>
        </extensions>
      </trkpt>
      <trkpt lat="23.117018" lon="113.313603">
        <ele>12.26</ele>
        <time>2026-04-21T09:15:55Z</time>
        <extensions>
          <gpxtpx:TrackPointExtension></gpxtpx:TrackPointExtension>
        </extensions>
      </trkpt>
      <trkpt lat="23.117037" lon="113.313746">
        <ele>12.34</ele>
        <time>2026-04-21T09:16:00Z</time>
        <extensions>
          <gpxtpx:TrackPointExtension></gpxtpx:TrackPointExtension>
        </extensions>
      </trkpt>
      <trkpt lat="23.11704" lon="113.313881">
        <ele>12.25</ele>
        <time>2026-04-21T09:16:05Z</time>
        <extensions>
          <gpxtpx:TrackPointExtension></gpxtpx:TrackPointExtension>
        </extensions>
      </trkpt>
      <trkpt lat="23.117049" lon="113.314007">
        <ele>12.01</ele>
        <time>2026-04-21T09:16:10Z</time>
        <extensions>
          <gpxtpx:TrackPointExtension></gpxtpx:TrackPointExtension>
        </extensions>
      </trkpt>
      <trkpt lat="23.117027" lon="113.314153">
        <ele>11.75</ele>
        <time>2026-04-21T09:16:15Z</time>
        <extensions>
          <gpxtpx:TrackPointExtension></gpxtpx:TrackPointExtension>
        </extensions>
      </trkpt>
      <trkpt lat="23.117026" lon="113.314262">
        <ele>11.64</ele>
        <time>2026-04-21T09:16:20Z</time>
        <extensions>
          <gpxtpx:TrackPointExtension></gpxtpx:TrackPointExtension>
        </extensions>
      </trkpt>
      <trkpt lat="23.117063" lon="113.314359">
        <ele>11.66</ele>
        <time>2026-04-21T09:16:25Z</time>
        <extensions>
          <gpxtpx:TrackPointExtension></gpxtpx:TrackPointExtension>
        </extensions>
      </trkpt>
      <trkpt lat="23.11709" lon="113.314452">
        <ele>12.02</ele>
        <time>2026-04-21T09:16:30Z</time>
        <extensions>
          <gpxtpx:TrackPointExtension></gpxtpx:TrackPointExtension>
        </extensions>
      </trkpt>
      <trkpt lat="23.117064" lon="113.314582">
        <ele>12.06</ele>
        <time>2026-04-21T09:16:35Z</time>
        <extensions>
          <gpxtpx:TrackPointExtension></gpxtpx:TrackPointExtension>
        </extensions>
      </trkpt>
      <trkpt lat="23.117055" lon="113.314722">
        <ele>12.01</ele>
        <time>2026-04-21T09:16:40Z</time>
        <extensions>
          <gpxtpx:TrackPointExtension></gpxtpx:TrackPointExtension>
        </extensions>
      </trkpt>
      <trkpt lat="23.116992" lon="113.314887">
        <ele>11.79</ele>
        <time>2026-04-21T09:16:45Z</time>
        <extensions>
          <gpxtpx:TrackPointExtension></gpxtpx:TrackPointExtension>
        </extensions>
      </trkpt>
      <trkpt lat="23.116999" lon="113.315025">
        <ele>11.84</ele>
        <time>2026-04-21T09:16:50Z</time>
        <extensions>
          <gpxtpx:TrackPointExtension></gpxtpx:TrackPointExtension>
        </extensions>
      </trkpt>
      <trkpt lat="23.116939" lon="113.315081">
        <ele>11.42</ele>
        <time>2026-04-21T09:16:55Z</time>
        <extensions>
          <gpxtpx:TrackPointExtension></gpxtpx:TrackPointExtension>
        </extensions>
      </trkpt>
      <trkpt lat="23.116961" lon="113.315213">
        <ele>10.86</ele>
        <time>2026-04-21T09:17:00Z</time>
        <extensions>
          <gpxtpx:TrackPointExtension></gpxtpx:TrackPointExtension>
        </extensions>
      </trkpt>
      <trkpt lat="23.116964" lon="113.315291">
        <ele>10.83</ele>
        <time>2026-04-21T09:17:05Z</time>
        <extensions>
          <gpxtpx:TrackPointExtension></gpxtpx:TrackPointExtension>
        </extensions>
      </trkpt>
      <trkpt lat="23.116979" lon="113.315311">
        <ele>11.3</ele>
        <time>2026-04-21T09:17:10Z</time>
        <extensions>
          <gpxtpx:TrackPointExtension></gpxtpx:TrackPointExtension>
        </extensions>
      </trkpt>
      <trkpt lat="23.116913" lon="113.315398">
        <ele>11.74</ele>
        <time>2026-04-21T09:17:15Z</time>
        <extensions>
          <gpxtpx:TrackPointExtension></gpxtpx:TrackPointExtension>
        </extensions>
      </trkpt>
      <trkpt lat="23.116836" lon="113.315508">
        <ele>12.01</ele>
        <time>2026-04-21T09:17:20Z</time>
        <extensions>
          <gpxtpx:TrackPointExtension></gpxtpx:TrackPointExtension>
        </extensions>
      </trkpt>
      <trkpt lat="23.116688" lon="113.315547">
        <ele>12.18</ele>
        <time>2026-04-21T09:17:25Z</time>
        <extensions>
          <gpxtpx:TrackPointExtension></gpxtpx:TrackPointExtension>
        </extensions>
      </trkpt>
      <trkpt lat="23.116643" lon="113.315609">
        <ele>12.21</ele>
        <time>2026-04-21T09:17:30Z</time>
        <extensions>
          <gpxtpx:TrackPointExtension></gpxtpx:TrackPointExtension>
        </extensions>
      </trkpt>
      <trkpt lat="23.116549" lon="113.315674">
        <ele>12.05</ele>
        <time>2026-04-21T09:17:35Z</time>
        <extensions>
          <gpxtpx:TrackPointExtension></gpxtpx:TrackPointExtension>
        </extensions>
      </trkpt>
      <trkpt lat="23.116415" lon="113.315703">
        <ele>11.44</ele>
        <time>2026-04-21T09:17:40Z</time>
        <extensions>
          <gpxtpx:TrackPointExtension></gpxtpx:TrackPointExtension>
        </extensions>
      </trkpt>
      <trkpt lat="23.116389" lon="113.315851">
        <ele>11.4</ele>
        <time>2026-04-21T09:17:45Z</time>
        <extensions>
          <gpxtpx:TrackPointExtension></gpxtpx:TrackPointExtension>
        </extensions>
      </trkpt>
      <trkpt lat="23.116391" lon="113.315975">
        <ele>11.5</ele>
        <time>2026-04-21T09:17:50Z</time>
        <extensions>
          <gpxtpx:TrackPointExtension></gpxtpx:TrackPointExtension>
        </extensions>
      </trkpt>
      <trkpt lat="23.116395" lon="113.316111">
        <ele>11.71</ele>
        <time>2026-04-21T09:17:55Z</time>
        <extensions>
          <gpxtpx:TrackPointExtension></gpxtpx:TrackPointExtension>
        </extensions>
      </trkpt>
      <trkpt lat="23.116384" lon="113.316231">
        <ele>11.89</ele>
        <time>2026-04-21T09:18:00Z</time>
        <extensions>
          <gpxtpx:TrackPointExtension></gpxtpx:TrackPointExtension>
        </extensions>
      </trkpt>
      <trkpt lat="23.116377" lon="113.316351">
        <ele>11.9</ele>
        <time>2026-04-21T09:18:05Z</time>
        <extensions>
          <gpxtpx:TrackPointExtension></gpxtpx:TrackPointExtension>
        </extensions>
      </trkpt>
      <trkpt lat="23.116375" lon="113.316459">
        <ele>12.07</ele>
        <time>2026-04-21T09:18:10Z</time>
        <extensions>
          <gpxtpx:TrackPointExtension></gpxtpx:TrackPointExtension>
        </extensions>
      </trkpt>
      <trkpt lat="23.116349" lon="113.316596">
        <ele>12.24</ele>
        <time>2026-04-21T09:18:15Z</time>
        <extensions>
          <gpxtpx:TrackPointExtension></gpxtpx:TrackPointExtension>
        </extensions>
      </trkpt>
      <trkpt lat="23.116342" lon="113.316688">
        <ele>12.24</ele>
        <time>2026-04-21T09:18:20Z</time>
        <extensions>
          <gpxtpx:TrackPointExtension></gpxtpx:TrackPointExtension>
        </extensions>
      </trkpt>
      <trkpt lat="23.116327" lon="113.316793">
        <ele>12.68</ele>
        <time>2026-04-21T09:18:25Z</time>
        <extensions>
          <gpxtpx:TrackPointExtension></gpxtpx:TrackPointExtension>
        </extensions>
      </trkpt>
      <trkpt lat="23.116304" lon="113.316893">
        <ele>12.78</ele>
        <time>2026-04-21T09:18:30Z</time>
        <extensions>
          <gpxtpx:TrackPointExtension></gpxtpx:TrackPointExtension>
        </extensions>
      </trkpt>
      <trkpt lat="23.116255" lon="113.317009">
        <ele>12.83</ele>
        <time>2026-04-21T09:18:35Z</time>
        <extensions>
          <gpxtpx:TrackPointExtension></gpxtpx:TrackPointExtension>
        </extensions>
      </trkpt>
      <trkpt lat="23.1162" lon="113.317133">
        <ele>12.99</ele>
        <time>2026-04-21T09:18:40Z</time>
        <extensions>
          <gpxtpx:TrackPointExtension></gpxtpx:TrackPointExtension>
        </extensions>
      </trkpt>
      <trkpt lat="23.116207" lon="113.317244">
        <ele>12.98</ele>
        <time>2026-04-21T09:18:45Z</time>
        <extensions>
          <gpxtpx:TrackPointExtension></gpxtpx:TrackPointExtension>
        </extensions>
      </trkpt>
      <trkpt lat="23.116198" lon="113.317387">
        <ele>12.98</ele>
        <time>2026-04-21T09:18:50Z</time>
        <extensions>
          <gpxtpx:TrackPointExtension></gpxtpx:TrackPointExtension>
        </extensions>
      </trkpt>
      <trkpt lat="23.116185" lon="113.317535">
        <ele>13.04</ele>
        <time>2026-04-21T09:18:55Z</time>
        <extensions>
          <gpxtpx:TrackPointExtension></gpxtpx:TrackPointExtension>
        </extensions>
      </trkpt>
      <trkpt lat="23.116187" lon="113.317665">
        <ele>13.03</ele>
        <time>2026-04-21T09:19:00Z</time>
        <extensions>
          <gpxtpx:TrackPointExtension></gpxtpx:TrackPointExtension>
        </extensions>
      </trkpt>
      <trkpt lat="23.116211" lon="113.317814">
        <ele>13.12</ele>
        <time>2026-04-21T09:19:05Z</time>
        <extensions>
          <gpxtpx:TrackPointExtension></gpxtpx:TrackPointExtension>
        </extensions>
      </trkpt>
      <trkpt lat="23.116179" lon="113.31795">
        <ele>13.25</ele>
        <time>2026-04-21T09:19:10Z</time>
        <extensions>
          <gpxtpx:TrackPointExtension></gpxtpx:TrackPointExtension>
        </extensions>
      </trkpt>
      <trkpt lat="23.116118" lon="113.318082">
        <ele>13.35</ele>
        <time>2026-04-21T09:19:15Z</time>
        <extensions>
          <gpxtpx:TrackPointExtension></gpxtpx:TrackPointExtension>
        </extensions>
      </trkpt>
      <trkpt lat="23.116052" lon="113.318202">
        <ele>13.47</ele>
        <time>2026-04-21T09:19:20Z</time>
        <extensions>
          <gpxtpx:TrackPointExtension></gpxtpx:TrackPointExtension>
        </extensions>
      </trkpt>
      <trkpt lat="23.115989" lon="113.31834">
        <ele>13.53</ele>
        <time>2026-04-21T09:19:25Z</time>
        <extensions>
          <gpxtpx:TrackPointExtension></gpxtpx:TrackPointExtension>
        </extensions>
      </trkpt>
      <trkpt lat="23.115936" lon="113.318444">
        <ele>13.44</ele>
        <time>2026-04-21T09:19:30Z</time>
        <extensions>
          <gpxtpx:TrackPointExtension></gpxtpx:TrackPointExtension>
        </extensions>
      </trkpt>
      <trkpt lat="23.115842" lon="113.318566">
        <ele>13.58</ele>
        <time>2026-04-21T09:19:35Z</time>
        <extensions>
          <gpxtpx:TrackPointExtension></gpxtpx:TrackPointExtension>
        </extensions>
      </trkpt>
      <trkpt lat="23.11577" lon="113.318678">
        <ele>13.66</ele>
        <time>2026-04-21T09:19:40Z</time>
        <extensions>
          <gpxtpx:TrackPointExtension></gpxtpx:TrackPointExtension>
        </extensions>
      </trkpt>
      <trkpt lat="23.115704" lon="113.318776">
        <ele>14.04</ele>
        <time>2026-04-21T09:19:45Z</time>
        <extensions>
          <gpxtpx:TrackPointExtension></gpxtpx:TrackPointExtension>
        </extensions>
      </trkpt>
      <trkpt lat="23.115644" lon="113.318869">
        <ele>14.31</ele>
        <time>2026-04-21T09:19:50Z</time>
        <extensions>
          <gpxtpx:TrackPointExtension></gpxtpx:TrackPointExtension>
        </extensions>
      </trkpt>
      <trkpt lat="23.115595" lon="113.318989">
        <ele>14.45</ele>
        <time>2026-04-21T09:19:55Z</time>
        <extensions>
          <gpxtpx:TrackPointExtension></gpxtpx:TrackPointExtension>
        </extensions>
      </trkpt>
      <trkpt lat="23.115507" lon="113.319085">
        <ele>14.58</ele>
        <time>2026-04-21T09:20:00Z</time>
        <extensions>
          <gpxtpx:TrackPointExtension></gpxtpx:TrackPointExtension>
        </extensions>
      </trkpt>
      <trkpt lat="23.115382" lon="113.319123">
        <ele>14.29</ele>
        <time>2026-04-21T09:20:05Z</time>
        <extensions>
          <gpxtpx:TrackPointExtension></gpxtpx:TrackPointExtension>
        </extensions>
      </trkpt>
      <trkpt lat="23.115269" lon="113.319153">
        <ele>13.84</ele>
        <time>2026-04-21T09:20:10Z</time>
        <extensions>
          <gpxtpx:TrackPointExtension></gpxtpx:TrackPointExtension>
        </extensions>
      </trkpt>
      <trkpt lat="23.115153" lon="113.319197">
        <ele>13.62</ele>
        <time>2026-04-21T09:20:15Z</time>
        <extensions>
          <gpxtpx:TrackPointExtension></gpxtpx:TrackPointExtension>
        </extensions>
      </trkpt>
      <trkpt lat="23.115053" lon="113.319278">
        <ele>13.31</ele>
        <time>2026-04-21T09:20:20Z</time>
        <extensions>
          <gpxtpx:TrackPointExtension></gpxtpx:TrackPointExtension>
        </extensions>
      </trkpt>
      <trkpt lat="23.114968" lon="113.319373">
        <ele>12.44</ele>
        <time>2026-04-21T09:20:25Z</time>
        <extensions>
          <gpxtpx:TrackPointExtension></gpxtpx:TrackPointExtension>
        </extensions>
      </trkpt>
      <trkpt lat="23.114925" lon="113.319472">
        <ele>12.11</ele>
        <time>2026-04-21T09:20:30Z</time>
        <extensions>
          <gpxtpx:TrackPointExtension></gpxtpx:TrackPointExtension>
        </extensions>
      </trkpt>
      <trkpt lat="23.114901" lon="113.319606">
        <ele>12.09</ele>
        <time>2026-04-21T09:20:35Z</time>
        <extensions>
          <gpxtpx:TrackPointExtension></gpxtpx:TrackPointExtension>
        </extensions>
      </trkpt>
      <trkpt lat="23.114883" lon="113.319721">
        <ele>12.13</ele>
        <time>2026-04-21T09:20:40Z</time>
        <extensions>
          <gpxtpx:TrackPointExtension></gpxtpx:TrackPointExtension>
        </extensions>
      </trkpt>
      <trkpt lat="23.114841" lon="113.319828">
        <ele>12.16</ele>
        <time>2026-04-21T09:20:45Z</time>
        <extensions>
          <gpxtpx:TrackPointExtension></gpxtpx:TrackPointExtension>
        </extensions>
      </trkpt>
      <trkpt lat="23.114811" lon="113.319946">
        <ele>12.09</ele>
        <time>2026-04-21T09:20:50Z</time>
        <extensions>
          <gpxtpx:TrackPointExtension></gpxtpx:TrackPointExtension>
        </extensions>
      </trkpt>
      <trkpt lat="23.114819" lon="113.320084">
        <ele>12.3</ele>
        <time>2026-04-21T09:20:55Z</time>
        <extensions>
          <gpxtpx:TrackPointExtension></gpxtpx:TrackPointExtension>
        </extensions>
      </trkpt>
      <trkpt lat="23.114791" lon="113.320202">
        <ele>12.31</ele>
        <time>2026-04-21T09:21:00Z</time>
        <extensions>
          <gpxtpx:TrackPointExtension></gpxtpx:TrackPointExtension>
        </extensions>
      </trkpt>
      <trkpt lat="23.114778" lon="113.320337">
        <ele>12.14</ele>
        <time>2026-04-21T09:21:05Z</time>
        <extensions>
          <gpxtpx:TrackPointExtension></gpxtpx:TrackPointExtension>
        </extensions>
      </trkpt>
      <trkpt lat="23.11476" lon="113.320478">
        <ele>12.23</ele>
        <time>2026-04-21T09:21:10Z</time>
        <extensions>
          <gpxtpx:TrackPointExtension></gpxtpx:TrackPointExtension>
        </extensions>
      </trkpt>
      <trkpt lat="23.114736" lon="113.320611">
        <ele>12.25</ele>
        <time>2026-04-21T09:21:15Z</time>
        <extensions>
          <gpxtpx:TrackPointExtension></gpxtpx:TrackPointExtension>
        </extensions>
      </trkpt>
      <trkpt lat="23.114708" lon="113.320744">
        <ele>12.15</ele>
        <time>2026-04-21T09:21:20Z</time>
        <extensions>
          <gpxtpx:TrackPointExtension></gpxtpx:TrackPointExtension>
        </extensions>
      </trkpt>
      <trkpt lat="23.114687" lon="113.320876">
        <ele>12.12</ele>
        <time>2026-04-21T09:21:25Z</time>
        <extensions>
          <gpxtpx:TrackPointExtension></gpxtpx:TrackPointExtension>
        </extensions>
      </trkpt>
      <trkpt lat="23.114674" lon="113.321025">
        <ele>12.13</ele>
        <time>2026-04-21T09:21:30Z</time>
        <extensions>
          <gpxtpx:TrackPointExtension></gpxtpx:TrackPointExtension>
        </extensions>
      </trkpt>
      <trkpt lat="23.114652" lon="113.321156">
        <ele>12.23</ele>
        <time>2026-04-21T09:21:35Z</time>
        <extensions>
          <gpxtpx:TrackPointExtension></gpxtpx:TrackPointExtension>
        </extensions>
      </trkpt>
      <trkpt lat="23.114611" lon="113.321279">
        <ele>12.34</ele>
        <time>2026-04-21T09:21:40Z</time>
        <extensions>
          <gpxtpx:TrackPointExtension></gpxtpx:TrackPointExtension>
        </extensions>
      </trkpt>
      <trkpt lat="23.114533" lon="113.32137">
        <ele>12.35</ele>
        <time>2026-04-21T09:21:45Z</time>
        <extensions>
          <gpxtpx:TrackPointExtension></gpxtpx:TrackPointExtension>
        </extensions>
      </trkpt>
      <trkpt lat="23.114416" lon="113.321417">
        <ele>12.39</ele>
        <time>2026-04-21T09:21:50Z</time>
        <extensions>
          <gpxtpx:TrackPointExtension></gpxtpx:TrackPointExtension>
        </extensions>
      </trkpt>
      <trkpt lat="23.114288" lon="113.321444">
        <ele>12.39</ele>
        <time>2026-04-21T09:21:55Z</time>
        <extensions>
          <gpxtpx:TrackPointExtension></gpxtpx:TrackPointExtension>
        </extensions>
      </trkpt>
      <trkpt lat="23.114197" lon="113.321474">
        <ele>12.35</ele>
        <time>2026-04-21T09:22:00Z</time>
        <extensions>
          <gpxtpx:TrackPointExtension></gpxtpx:TrackPointExtension>
        </extensions>
      </trkpt>
      <trkpt lat="23.114105" lon="113.321478">
        <ele>12.45</ele>
        <time>2026-04-21T09:22:05Z</time>
        <extensions>
          <gpxtpx:TrackPointExtension></gpxtpx:TrackPointExtension>
        </extensions>
      </trkpt>
      <trkpt lat="23.113984" lon="113.321444">
        <ele>12.53</ele>
        <time>2026-04-21T09:22:10Z</time>
        <extensions>
          <gpxtpx:TrackPointExtension></gpxtpx:TrackPointExtension>
        </extensions>
      </trkpt>
      <trkpt lat="23.113872" lon="113.321445">
        <ele>12.59</ele>
        <time>2026-04-21T09:22:15Z</time>
        <extensions>
          <gpxtpx:TrackPointExtension></gpxtpx:TrackPointExtension>
        </extensions>
      </trkpt>
      <trkpt lat="23.113784" lon="113.321431">
        <ele>12.47</ele>
        <time>2026-04-21T09:22:20Z</time>
        <extensions>
          <gpxtpx:TrackPointExtension></gpxtpx:TrackPointExtension>
        </extensions>
      </trkpt>
      <trkpt lat="23.113675" lon="113.321366">
        <ele>12.45</ele>
        <time>2026-04-21T09:22:25Z</time>
        <extensions>
          <gpxtpx:TrackPointExtension></gpxtpx:TrackPointExtension>
        </extensions>
      </trkpt>
      <trkpt lat="23.113625" lon="113.321268">
        <ele>12.4</ele>
        <time>2026-04-21T09:22:30Z</time>
        <extensions>
          <gpxtpx:TrackPointExtension></gpxtpx:TrackPointExtension>
        </extensions>
      </trkpt>
      <trkpt lat="23.113578" lon="113.321133">
        <ele>12.5</ele>
        <time>2026-04-21T09:22:35Z</time>
        <extensions>
          <gpxtpx:TrackPointExtension></gpxtpx:TrackPointExtension>
        </extensions>
      </trkpt>
      <trkpt lat="23.113531" lon="113.320993">
        <ele>12.32</ele>
        <time>2026-04-21T09:22:40Z</time>
        <extensions>
          <gpxtpx:TrackPointExtension></gpxtpx:TrackPointExtension>
        </extensions>
      </trkpt>
      <trkpt lat="23.113511" lon="113.320878">
        <ele>12.28</ele>
        <time>2026-04-21T09:22:45Z</time>
        <extensions>
          <gpxtpx:TrackPointExtension></gpxtpx:TrackPointExtension>
        </extensions>
      </trkpt>
      <trkpt lat="23.113475" lon="113.320774">
        <ele>12.32</ele>
        <time>2026-04-21T09:22:50Z</time>
        <extensions>
          <gpxtpx:TrackPointExtension></gpxtpx:TrackPointExtension>
        </extensions>
      </trkpt>
      <trkpt lat="23.113445" lon="113.320637">
        <ele>12.42</ele>
        <time>2026-04-21T09:22:55Z</time>
        <extensions>
          <gpxtpx:TrackPointExtension></gpxtpx:TrackPointExtension>
        </extensions>
      </trkpt>
      <trkpt lat="23.113412" lon="113.320525">
        <ele>12.32</ele>
        <time>2026-04-21T09:23:00Z</time>
        <extensions>
          <gpxtpx:TrackPointExtension></gpxtpx:TrackPointExtension>
        </extensions>
      </trkpt>
      <trkpt lat="23.113385" lon="113.320427">
        <ele>12.27</ele>
        <time>2026-04-21T09:23:05Z</time>
        <extensions>
          <gpxtpx:TrackPointExtension></gpxtpx:TrackPointExtension>
        </extensions>
      </trkpt>
      <trkpt lat="23.113372" lon="113.320302">
        <ele>12.32</ele>
        <time>2026-04-21T09:23:10Z</time>
        <extensions>
          <gpxtpx:TrackPointExtension></gpxtpx:TrackPointExtension>
        </extensions>
      </trkpt>
      <trkpt lat="23.113375" lon="113.320177">
        <ele>12.33</ele>
        <time>2026-04-21T09:23:15Z</time>
        <extensions>
          <gpxtpx:TrackPointExtension></gpxtpx:TrackPointExtension>
        </extensions>
      </trkpt>
      <trkpt lat="23.113337" lon="113.320064">
        <ele>12.37</ele>
        <time>2026-04-21T09:23:20Z</time>
        <extensions>
          <gpxtpx:TrackPointExtension></gpxtpx:TrackPointExtension>
        </extensions>
      </trkpt>
      <trkpt lat="23.113306" lon="113.319951">
        <ele>12.35</ele>
        <time>2026-04-21T09:23:25Z</time>
        <extensions>
          <gpxtpx:TrackPointExtension></gpxtpx:TrackPointExtension>
        </extensions>
      </trkpt>
      <trkpt lat="23.113282" lon="113.319827">
        <ele>12.35</ele>
        <time>2026-04-21T09:23:30Z</time>
        <extensions>
          <gpxtpx:TrackPointExtension></gpxtpx:TrackPointExtension>
        </extensions>
      </trkpt>
      <trkpt lat="23.113276" lon="113.319699">
        <ele>12.24</ele>
        <time>2026-04-21T09:23:35Z</time>
        <extensions>
          <gpxtpx:TrackPointExtension></gpxtpx:TrackPointExtension>
        </extensions>
      </trkpt>
      <trkpt lat="23.113255" lon="113.319558">
        <ele>12.17</ele>
        <time>2026-04-21T09:23:40Z</time>
        <extensions>
          <gpxtpx:TrackPointExtension></gpxtpx:TrackPointExtension>
        </extensions>
      </trkpt>
      <trkpt lat="23.113271" lon="113.319419">
        <ele>12.21</ele>
        <time>2026-04-21T09:23:45Z</time>
        <extensions>
          <gpxtpx:TrackPointExtension></gpxtpx:TrackPointExtension>
        </extensions>
      </trkpt>
      <trkpt lat="23.113282" lon="113.319285">
        <ele>12.24</ele>
        <time>2026-04-21T09:23:50Z</time>
        <extensions>
          <gpxtpx:TrackPointExtension></gpxtpx:TrackPointExtension>
        </extensions>
      </trkpt>
      <trkpt lat="23.113274" lon="113.319119">
        <ele>12.2</ele>
        <time>2026-04-21T09:23:55Z</time>
        <extensions>
          <gpxtpx:TrackPointExtension></gpxtpx:TrackPointExtension>
        </extensions>
      </trkpt>
      <trkpt lat="23.113269" lon="113.319004">
        <ele>12.21</ele>
        <time>2026-04-21T09:24:00Z</time>
        <extensions>
          <gpxtpx:TrackPointExtension></gpxtpx:TrackPointExtension>
        </extensions>
      </trkpt>
      <trkpt lat="23.113272" lon="113.318867">
        <ele>12.24</ele>
        <time>2026-04-21T09:24:05Z</time>
        <extensions>
          <gpxtpx:TrackPointExtension></gpxtpx:TrackPointExtension>
        </extensions>
      </trkpt>
      <trkpt lat="23.113267" lon="113.318722">
        <ele>12.29</ele>
        <time>2026-04-21T09:24:10Z</time>
        <extensions>
          <gpxtpx:TrackPointExtension></gpxtpx:TrackPointExtension>
        </extensions>
      </trkpt>
      <trkpt lat="23.113264" lon="113.318584">
        <ele>12.26</ele>
        <time>2026-04-21T09:24:15Z</time>
        <extensions>
          <gpxtpx:TrackPointExtension></gpxtpx:TrackPointExtension>
        </extensions>
      </trkpt>
      <trkpt lat="23.113272" lon="113.318466">
        <ele>12.23</ele>
        <time>2026-04-21T09:24:20Z</time>
        <extensions>
          <gpxtpx:TrackPointExtension></gpxtpx:TrackPointExtension>
        </extensions>
      </trkpt>
      <trkpt lat="23.113274" lon="113.318338">
        <ele>12.17</ele>
        <time>2026-04-21T09:24:25Z</time>
        <extensions>
          <gpxtpx:TrackPointExtension></gpxtpx:TrackPointExtension>
        </extensions>
      </trkpt>
      <trkpt lat="23.113274" lon="113.318206">
        <ele>12.12</ele>
        <time>2026-04-21T09:24:30Z</time>
        <extensions>
          <gpxtpx:TrackPointExtension></gpxtpx:TrackPointExtension>
        </extensions>
      </trkpt>
      <trkpt lat="23.113278" lon="113.318094">
        <ele>12.12</ele>
        <time>2026-04-21T09:24:35Z</time>
        <extensions>
          <gpxtpx:TrackPointExtension></gpxtpx:TrackPointExtension>
        </extensions>
      </trkpt>
      <trkpt lat="23.113281" lon="113.317959">
        <ele>12.15</ele>
        <time>2026-04-21T09:24:40Z</time>
        <extensions>
          <gpxtpx:TrackPointExtension></gpxtpx:TrackPointExtension>
        </extensions>
      </trkpt>
      <trkpt lat="23.113277" lon="113.31785">
        <ele>12.22</ele>
        <time>2026-04-21T09:24:45Z</time>
        <extensions>
          <gpxtpx:TrackPointExtension></gpxtpx:TrackPointExtension>
        </extensions>
      </trkpt>
      <trkpt lat="23.113277" lon="113.317725">
        <ele>12.36</ele>
        <time>2026-04-21T09:24:50Z</time>
        <extensions>
          <gpxtpx:TrackPointExtension></gpxtpx:TrackPointExtension>
        </extensions>
      </trkpt>
      <trkpt lat="23.11327" lon="113.3176">
        <ele>12.31</ele>
        <time>2026-04-21T09:24:55Z</time>
        <extensions>
          <gpxtpx:TrackPointExtension></gpxtpx:TrackPointExtension>
        </extensions>
      </trkpt>
      <trkpt lat="23.113278" lon="113.317494">
        <ele>12.29</ele>
        <time>2026-04-21T09:25:00Z</time>
        <extensions>
          <gpxtpx:TrackPointExtension></gpxtpx:TrackPointExtension>
        </extensions>
      </trkpt>
      <trkpt lat="23.11327" lon="113.317367">
        <ele>12.26</ele>
        <time>2026-04-21T09:25:05Z</time>
        <extensions>
          <gpxtpx:TrackPointExtension></gpxtpx:TrackPointExtension>
        </extensions>
      </trkpt>
      <trkpt lat="23.11328" lon="113.317222">
        <ele>12.35</ele>
        <time>2026-04-21T09:25:10Z</time>
        <extensions>
          <gpxtpx:TrackPointExtension></gpxtpx:TrackPointExtension>
        </extensions>
      </trkpt>
      <trkpt lat="23.113299" lon="113.317088">
        <ele>12.42</ele>
        <time>2026-04-21T09:25:15Z</time>
        <extensions>
          <gpxtpx:TrackPointExtension></gpxtpx:TrackPointExtension>
        </extensions>
      </trkpt>
      <trkpt lat="23.113346" lon="113.316966">
        <ele>12.26</ele>
        <time>2026-04-21T09:25:20Z</time>
        <extensions>
          <gpxtpx:TrackPointExtension></gpxtpx:TrackPointExtension>
        </extensions>
      </trkpt>
      <trkpt lat="23.113324" lon="113.316876">
        <ele>12.04</ele>
        <time>2026-04-21T09:25:25Z</time>
        <extensions>
          <gpxtpx:TrackPointExtension></gpxtpx:TrackPointExtension>
        </extensions>
      </trkpt>
      <trkpt lat="23.113323" lon="113.31673">
        <ele>12.01</ele>
        <time>2026-04-21T09:25:30Z</time>
        <extensions>
          <gpxtpx:TrackPointExtension></gpxtpx:TrackPointExtension>
        </extensions>
      </trkpt>
      <trkpt lat="23.113348" lon="113.316577">
        <ele>11.98</ele>
        <time>2026-04-21T09:25:35Z</time>
        <extensions>
          <gpxtpx:TrackPointExtension></gpxtpx:TrackPointExtension>
        </extensions>
      </trkpt>
      <trkpt lat="23.113431" lon="113.316467">
        <ele>12.14</ele>
        <time>2026-04-21T09:25:40Z</time>
        <extensions>
          <gpxtpx:TrackPointExtension></gpxtpx:TrackPointExtension>
        </extensions>
      </trkpt>
      <trkpt lat="23.113579" lon="113.316428">
        <ele>12.32</ele>
        <time>2026-04-21T09:25:45Z</time>
        <extensions>
          <gpxtpx:TrackPointExtension></gpxtpx:TrackPointExtension>
        </extensions>
      </trkpt>
      <trkpt lat="23.113633" lon="113.316356">
        <ele>12.25</ele>
        <time>2026-04-21T09:25:50Z</time>
        <extensions>
          <gpxtpx:TrackPointExtension></gpxtpx:TrackPointExtension>
        </extensions>
      </trkpt>
      <trkpt lat="23.11367" lon="113.316222">
        <ele>12.17</ele>
        <time>2026-04-21T09:25:55Z</time>
        <extensions>
          <gpxtpx:TrackPointExtension></gpxtpx:TrackPointExtension>
        </extensions>
      </trkpt>
      <trkpt lat="23.113687" lon="113.316082">
        <ele>12.5</ele>
        <time>2026-04-21T09:26:00Z</time>
        <extensions>
          <gpxtpx:TrackPointExtension></gpxtpx:TrackPointExtension>
        </extensions>
      </trkpt>
      <trkpt lat="23.113589" lon="113.315993">
        <ele>12.84</ele>
        <time>2026-04-21T09:26:05Z</time>
        <extensions>
          <gpxtpx:TrackPointExtension></gpxtpx:TrackPointExtension>
        </extensions>
      </trkpt>
      <trkpt lat="23.113468" lon="113.315944">
        <ele>12.81</ele>
        <time>2026-04-21T09:26:10Z</time>
        <extensions>
          <gpxtpx:TrackPointExtension></gpxtpx:TrackPointExtension>
        </extensions>
      </trkpt>
      <trkpt lat="23.113371" lon="113.315879">
        <ele>12.92</ele>
        <time>2026-04-21T09:26:15Z</time>
        <extensions>
          <gpxtpx:TrackPointExtension></gpxtpx:TrackPointExtension>
        </extensions>
      </trkpt>
      <trkpt lat="23.113274" lon="113.315815">
        <ele>13.11</ele>
        <time>2026-04-21T09:26:20Z</time>
        <extensions>
          <gpxtpx:TrackPointExtension></gpxtpx:TrackPointExtension>
        </extensions>
      </trkpt>
      <trkpt lat="23.113175" lon="113.315741">
        <ele>13.21</ele>
        <time>2026-04-21T09:26:25Z</time>
        <extensions>
          <gpxtpx:TrackPointExtension></gpxtpx:TrackPointExtension>
        </extensions>
      </trkpt>
      <trkpt lat="23.113087" lon="113.315641">
        <ele>12.69</ele>
        <time>2026-04-21T09:26:30Z</time>
        <extensions>
          <gpxtpx:TrackPointExtension></gpxtpx:TrackPointExtension>
        </extensions>
      </trkpt>
      <trkpt lat="23.113002" lon="113.315561">
        <ele>12.63</ele>
        <time>2026-04-21T09:26:35Z</time>
        <extensions>
          <gpxtpx:TrackPointExtension></gpxtpx:TrackPointExtension>
        </extensions>
      </trkpt>
      <trkpt lat="23.112916" lon="113.315471">
        <ele>12.67</ele>
        <time>2026-04-21T09:26:40Z</time>
        <extensions>
          <gpxtpx:TrackPointExtension></gpxtpx:TrackPointExtension>
        </extensions>
      </trkpt>
      <trkpt lat="23.112853" lon="113.31539">
        <ele>12.56</ele>
        <time>2026-04-21T09:26:45Z</time>
        <extensions>
          <gpxtpx:TrackPointExtension></gpxtpx:TrackPointExtension>
        </extensions>
      </trkpt>
      <trkpt lat="23.11279" lon="113.315279">
        <ele>12.54</ele>
        <time>2026-04-21T09:26:50Z</time>
        <extensions>
          <gpxtpx:TrackPointExtension></gpxtpx:TrackPointExtension>
        </extensions>
      </trkpt>
      <trkpt lat="23.112745" lon="113.315139">
        <ele>12.52</ele>
        <time>2026-04-21T09:26:55Z</time>
        <extensions>
          <gpxtpx:TrackPointExtension></gpxtpx:TrackPointExtension>
        </extensions>
      </trkpt>
      <trkpt lat="23.112714" lon="113.315015">
        <ele>12.45</ele>
        <time>2026-04-21T09:27:00Z</time>
        <extensions>
          <gpxtpx:TrackPointExtension></gpxtpx:TrackPointExtension>
        </extensions>
      </trkpt>
      <trkpt lat="23.112679" lon="113.314875">
        <ele>12.51</ele>
        <time>2026-04-21T09:27:05Z</time>
        <extensions>
          <gpxtpx:TrackPointExtension></gpxtpx:TrackPointExtension>
        </extensions>
      </trkpt>
      <trkpt lat="23.112652" lon="113.31476">
        <ele>12.47</ele>
        <time>2026-04-21T09:27:10Z</time>
        <extensions>
          <gpxtpx:TrackPointExtension></gpxtpx:TrackPointExtension>
        </extensions>
      </trkpt>
      <trkpt lat="23.112606" lon="113.314658">
        <ele>12.4</ele>
        <time>2026-04-21T09:27:15Z</time>
        <extensions>
          <gpxtpx:TrackPointExtension></gpxtpx:TrackPointExtension>
        </extensions>
      </trkpt>
      <trkpt lat="23.112566" lon="113.314547">
        <ele>12.45</ele>
        <time>2026-04-21T09:27:20Z</time>
        <extensions>
          <gpxtpx:TrackPointExtension></gpxtpx:TrackPointExtension>
        </extensions>
      </trkpt>
      <trkpt lat="23.112526" lon="113.314432">
        <ele>12.58</ele>
        <time>2026-04-21T09:27:25Z</time>
        <extensions>
          <gpxtpx:TrackPointExtension></gpxtpx:TrackPointExtension>
        </extensions>
      </trkpt>
      <trkpt lat="23.112493" lon="113.314315">
        <ele>12.57</ele>
        <time>2026-04-21T09:27:30Z</time>
        <extensions>
          <gpxtpx:TrackPointExtension></gpxtpx:TrackPointExtension>
        </extensions>
      </trkpt>
      <trkpt lat="23.112454" lon="113.314204">
        <ele>12.51</ele>
        <time>2026-04-21T09:27:35Z</time>
        <extensions>
          <gpxtpx:TrackPointExtension></gpxtpx:TrackPointExtension>
        </extensions>
      </trkpt>
      <trkpt lat="23.112414" lon="113.314081">
        <ele>12.52</ele>
        <time>2026-04-21T09:27:40Z</time>
        <extensions>
          <gpxtpx:TrackPointExtension></gpxtpx:TrackPointExtension>
        </extensions>
      </trkpt>
      <trkpt lat="23.112378" lon="113.313982">
        <ele>12.37</ele>
        <time>2026-04-21T09:27:45Z</time>
        <extensions>
          <gpxtpx:TrackPointExtension></gpxtpx:TrackPointExtension>
        </extensions>
      </trkpt>
      <trkpt lat="23.112343" lon="113.313858">
        <ele>12.44</ele>
        <time>2026-04-21T09:27:50Z</time>
        <extensions>
          <gpxtpx:TrackPointExtension></gpxtpx:TrackPointExtension>
        </extensions>
      </trkpt>
      <trkpt lat="23.112303" lon="113.313739">
        <ele>12.28</ele>
        <time>2026-04-21T09:27:55Z</time>
        <extensions>
          <gpxtpx:TrackPointExtension></gpxtpx:TrackPointExtension>
        </extensions>
      </trkpt>
      <trkpt lat="23.112254" lon="113.313643">
        <ele>12.17</ele>
        <time>2026-04-21T09:28:00Z</time>
        <extensions>
          <gpxtpx:TrackPointExtension></gpxtpx:TrackPointExtension>
        </extensions>
      </trkpt>
      <trkpt lat="23.11218" lon="113.313541">
        <ele>12.11</ele>
        <time>2026-04-21T09:28:05Z</time>
        <extensions>
          <gpxtpx:TrackPointExtension></gpxtpx:TrackPointExtension>
        </extensions>
      </trkpt>
      <trkpt lat="23.112133" lon="113.31345">
        <ele>12.13</ele>
        <time>2026-04-21T09:28:10Z</time>
        <extensions>
          <gpxtpx:TrackPointExtension></gpxtpx:TrackPointExtension>
        </extensions>
      </trkpt>
      <trkpt lat="23.112109" lon="113.313329">
        <ele>12.13</ele>
        <time>2026-04-21T09:28:15Z</time>
        <extensions>
          <gpxtpx:TrackPointExtension></gpxtpx:TrackPointExtension>
        </extensions>
      </trkpt>
      <trkpt lat="23.112072" lon="113.313229">
        <ele>12.32</ele>
        <time>2026-04-21T09:28:20Z</time>
        <extensions>
          <gpxtpx:TrackPointExtension></gpxtpx:TrackPointExtension>
        </extensions>
      </trkpt>
      <trkpt lat="23.111997" lon="113.313148">
        <ele>13.0</ele>
        <time>2026-04-21T09:28:25Z</time>
        <extensions>
          <gpxtpx:TrackPointExtension></gpxtpx:TrackPointExtension>
        </extensions>
      </trkpt>
      <trkpt lat="23.111953" lon="113.313032">
        <ele>12.72</ele>
        <time>2026-04-21T09:28:30Z</time>
        <extensions>
          <gpxtpx:TrackPointExtension></gpxtpx:TrackPointExtension>
        </extensions>
      </trkpt>
      <trkpt lat="23.111913" lon="113.312918">
        <ele>12.6</ele>
        <time>2026-04-21T09:28:35Z</time>
        <extensions>
          <gpxtpx:TrackPointExtension></gpxtpx:TrackPointExtension>
        </extensions>
      </trkpt>
      <trkpt lat="23.111886" lon="113.312784">
        <ele>12.55</ele>
        <time>2026-04-21T09:28:40Z</time>
        <extensions>
          <gpxtpx:TrackPointExtension></gpxtpx:TrackPointExtension>
        </extensions>
      </trkpt>
      <trkpt lat="23.111841" lon="113.312676">
        <ele>12.45</ele>
        <time>2026-04-21T09:28:45Z</time>
        <extensions>
          <gpxtpx:TrackPointExtension></gpxtpx:TrackPointExtension>
        </extensions>
      </trkpt>
      <trkpt lat="23.111823" lon="113.312555">
        <ele>12.52</ele>
        <time>2026-04-21T09:28:50Z</time>
        <extensions>
          <gpxtpx:TrackPointExtension></gpxtpx:TrackPointExtension>
        </extensions>
      </trkpt>
      <trkpt lat="23.111786" lon="113.312416">
        <ele>12.42</ele>
        <time>2026-04-21T09:28:55Z</time>
        <extensions>
          <gpxtpx:TrackPointExtension></gpxtpx:TrackPointExtension>
        </extensions>
      </trkpt>
      <trkpt lat="23.111763" lon="113.312283">
        <ele>12.3</ele>
        <time>2026-04-21T09:29:00Z</time>
        <extensions>
          <gpxtpx:TrackPointExtension></gpxtpx:TrackPointExtension>
        </extensions>
      </trkpt>
      <trkpt lat="23.111735" lon="113.312166">
        <ele>12.26</ele>
        <time>2026-04-21T09:29:05Z</time>
        <extensions>
          <gpxtpx:TrackPointExtension></gpxtpx:TrackPointExtension>
        </extensions>
      </trkpt>
      <trkpt lat="23.111693" lon="113.312056">
        <ele>12.17</ele>
        <time>2026-04-21T09:29:10Z</time>
        <extensions>
          <gpxtpx:TrackPointExtension></gpxtpx:TrackPointExtension>
        </extensions>
      </trkpt>
      <trkpt lat="23.111653" lon="113.311946">
        <ele>12.18</ele>
        <time>2026-04-21T09:29:15Z</time>
        <extensions>
          <gpxtpx:TrackPointExtension></gpxtpx:TrackPointExtension>
        </extensions>
      </trkpt>
      <trkpt lat="23.111614" lon="113.311823">
        <ele>12.16</ele>
        <time>2026-04-21T09:29:20Z</time>
        <extensions>
          <gpxtpx:TrackPointExtension></gpxtpx:TrackPointExtension>
        </extensions>
      </trkpt>
      <trkpt lat="23.111584" lon="113.311702">
        <ele>12.24</ele>
        <time>2026-04-21T09:29:25Z</time>
        <extensions>
          <gpxtpx:TrackPointExtension></gpxtpx:TrackPointExtension>
        </extensions>
      </trkpt>
      <trkpt lat="23.111553" lon="113.311582">
        <ele>12.37</ele>
        <time>2026-04-21T09:29:30Z</time>
        <extensions>
          <gpxtpx:TrackPointExtension></gpxtpx:TrackPointExtension>
        </extensions>
      </trkpt>
      <trkpt lat="23.111522" lon="113.311466">
        <ele>12.34</ele>
        <time>2026-04-21T09:29:35Z</time>
        <extensions>
          <gpxtpx:TrackPointExtension></gpxtpx:TrackPointExtension>
        </extensions>
      </trkpt>
      <trkpt lat="23.111481" lon="113.311331">
        <ele>12.1</ele>
        <time>2026-04-21T09:29:40Z</time>
        <extensions>
          <gpxtpx:TrackPointExtension></gpxtpx:TrackPointExtension>
        </extensions>
      </trkpt>
      <trkpt lat="23.111428" lon="113.311227">
        <ele>12.15</ele>
        <time>2026-04-21T09:29:45Z</time>
        <extensions>
          <gpxtpx:TrackPointExtension></gpxtpx:TrackPointExtension>
        </extensions>
      </trkpt>
      <trkpt lat="23.111376" lon="113.311095">
        <ele>12.21</ele>
        <time>2026-04-21T09:29:50Z</time>
        <extensions>
          <gpxtpx:TrackPointExtension></gpxtpx:TrackPointExtension>
        </extensions>
      </trkpt>
      <trkpt lat="23.111362" lon="113.310974">
        <ele>12.26</ele>
        <time>2026-04-21T09:29:55Z</time>
        <extensions>
          <gpxtpx:TrackPointExtension></gpxtpx:TrackPointExtension>
        </extensions>
      </trkpt>
      <trkpt lat="23.111318" lon="113.310861">
        <ele>12.33</ele>
        <time>2026-04-21T09:30:00Z</time>
        <extensions>
          <gpxtpx:TrackPointExtension></gpxtpx:TrackPointExtension>
        </extensions>
      </trkpt>
      <trkpt lat="23.111293" lon="113.310761">
        <ele>12.39</ele>
        <time>2026-04-21T09:30:05Z</time>
        <extensions>
          <gpxtpx:TrackPointExtension></gpxtpx:TrackPointExtension>
        </extensions>
      </trkpt>
      <trkpt lat="23.111259" lon="113.310667">
        <ele>12.29</ele>
        <time>2026-04-21T09:30:10Z</time>
        <extensions>
          <gpxtpx:TrackPointExtension></gpxtpx:TrackPointExtension>
        </extensions>
      </trkpt>
      <trkpt lat="23.111221" lon="113.310547">
        <ele>12.29</ele>
        <time>2026-04-21T09:30:15Z</time>
        <extensions>
          <gpxtpx:TrackPointExtension></gpxtpx:TrackPointExtension>
        </extensions>
      </trkpt>
      <trkpt lat="23.111184" lon="113.310453">
        <ele>12.15</ele>
        <time>2026-04-21T09:30:20Z</time>
        <extensions>
          <gpxtpx:TrackPointExtension></gpxtpx:TrackPointExtension>
        </extensions>
      </trkpt>
      <trkpt lat="23.11117" lon="113.310319">
        <ele>11.9</ele>
        <time>2026-04-21T09:30:25Z</time>
        <extensions>
          <gpxtpx:TrackPointExtension></gpxtpx:TrackPointExtension>
        </extensions>
      </trkpt>
      <trkpt lat="23.111133" lon="113.310202">
        <ele>11.89</ele>
        <time>2026-04-21T09:30:30Z</time>
        <extensions>
          <gpxtpx:TrackPointExtension></gpxtpx:TrackPointExtension>
        </extensions>
      </trkpt>
      <trkpt lat="23.111107" lon="113.31008">
        <ele>11.81</ele>
        <time>2026-04-21T09:30:35Z</time>
        <extensions>
          <gpxtpx:TrackPointExtension></gpxtpx:TrackPointExtension>
        </extensions>
      </trkpt>
      <trkpt lat="23.111028" lon="113.31004">
        <ele>11.89</ele>
        <time>2026-04-21T09:30:40Z</time>
        <extensions>
          <gpxtpx:TrackPointExtension></gpxtpx:TrackPointExtension>
        </extensions>
      </trkpt>
      <trkpt lat="23.111082" lon="113.309913">
        <ele>11.93</ele>
        <time>2026-04-21T09:30:45Z</time>
        <extensions>
          <gpxtpx:TrackPointExtension></gpxtpx:TrackPointExtension>
        </extensions>
      </trkpt>
      <trkpt lat="23.111072" lon="113.309752">
        <ele>11.99</ele>
        <time>2026-04-21T09:30:50Z</time>
        <extensions>
          <gpxtpx:TrackPointExtension></gpxtpx:TrackPointExtension>
        </extensions>
      </trkpt>
      <trkpt lat="23.111053" lon="113.309625">
        <ele>12.09</ele>
        <time>2026-04-21T09:30:55Z</time>
        <extensions>
          <gpxtpx:TrackPointExtension></gpxtpx:TrackPointExtension>
        </extensions>
      </trkpt>
      <trkpt lat="23.111031" lon="113.309502">
        <ele>12.14</ele>
        <time>2026-04-21T09:31:00Z</time>
        <extensions>
          <gpxtpx:TrackPointExtension></gpxtpx:TrackPointExtension>
        </extensions>
      </trkpt>
      <trkpt lat="23.111005" lon="113.309378">
        <ele>12.3</ele>
        <time>2026-04-21T09:31:05Z</time>
        <extensions>
          <gpxtpx:TrackPointExtension></gpxtpx:TrackPointExtension>
        </extensions>
      </trkpt>
      <trkpt lat="23.110978" lon="113.309253">
        <ele>12.27</ele>
        <time>2026-04-21T09:31:10Z</time>
        <extensions>
          <gpxtpx:TrackPointExtension></gpxtpx:TrackPointExtension>
        </extensions>
      </trkpt>
      <trkpt lat="23.110943" lon="113.309137">
        <ele>12.32</ele>
        <time>2026-04-21T09:31:15Z</time>
        <extensions>
          <gpxtpx:TrackPointExtension></gpxtpx:TrackPointExtension>
        </extensions>
      </trkpt>
      <trkpt lat="23.110897" lon="113.309026">
        <ele>12.4</ele>
        <time>2026-04-21T09:31:20Z</time>
        <extensions>
          <gpxtpx:TrackPointExtension></gpxtpx:TrackPointExtension>
        </extensions>
      </trkpt>
      <trkpt lat="23.110869" lon="113.308888">
        <ele>12.68</ele>
        <time>2026-04-21T09:31:25Z</time>
        <extensions>
          <gpxtpx:TrackPointExtension></gpxtpx:TrackPointExtension>
        </extensions>
      </trkpt>
      <trkpt lat="23.110867" lon="113.308777">
        <ele>12.6</ele>
        <time>2026-04-21T09:31:30Z</time>
        <extensions>
          <gpxtpx:TrackPointExtension></gpxtpx:TrackPointExtension>
        </extensions>
      </trkpt>
      <trkpt lat="23.110871" lon="113.308645">
        <ele>12.6</ele>
        <time>2026-04-21T09:31:35Z</time>
        <extensions>
          <gpxtpx:TrackPointExtension></gpxtpx:TrackPointExtension>
        </extensions>
      </trkpt>
      <trkpt lat="23.110857" lon="113.308521">
        <ele>12.48</ele>
        <time>2026-04-21T09:31:40Z</time>
        <extensions>
          <gpxtpx:TrackPointExtension></gpxtpx:TrackPointExtension>
        </extensions>
      </trkpt>
      <trkpt lat="23.110851" lon="113.308438">
        <ele>12.69</ele>
        <time>2026-04-21T09:31:45Z</time>
        <extensions>
          <gpxtpx:TrackPointExtension></gpxtpx:TrackPointExtension>
        </extensions>
      </trkpt>
      <trkpt lat="23.110821" lon="113.308331">
        <ele>12.63</ele>
        <time>2026-04-21T09:31:50Z</time>
        <extensions>
          <gpxtpx:TrackPointExtension></gpxtpx:TrackPointExtension>
        </extensions>
      </trkpt>
      <trkpt lat="23.110793" lon="113.308206">
        <ele>12.4</ele>
        <time>2026-04-21T09:31:55Z</time>
        <extensions>
          <gpxtpx:TrackPointExtension></gpxtpx:TrackPointExtension>
        </extensions>
      </trkpt>
      <trkpt lat="23.110775" lon="113.308081">
        <ele>12.45</ele>
        <time>2026-04-21T09:32:00Z</time>
        <extensions>
          <gpxtpx:TrackPointExtension></gpxtpx:TrackPointExtension>
        </extensions>
      </trkpt>
      <trkpt lat="23.110736" lon="113.307932">
        <ele>12.41</ele>
        <time>2026-04-21T09:32:05Z</time>
        <extensions>
          <gpxtpx:TrackPointExtension></gpxtpx:TrackPointExtension>
        </extensions>
      </trkpt>
      <trkpt lat="23.110718" lon="113.307786">
        <ele>12.48</ele>
        <time>2026-04-21T09:32:10Z</time>
        <extensions>
          <gpxtpx:TrackPointExtension></gpxtpx:TrackPointExtension>
        </extensions>
      </trkpt>
      <trkpt lat="23.110703" lon="113.307654">
        <ele>12.58</ele>
        <time>2026-04-21T09:32:15Z</time>
        <extensions>
          <gpxtpx:TrackPointExtension></gpxtpx:TrackPointExtension>
        </extensions>
      </trkpt>
      <trkpt lat="23.110675" lon="113.307551">
        <ele>12.36</ele>
        <time>2026-04-21T09:32:20Z</time>
        <extensions>
          <gpxtpx:TrackPointExtension></gpxtpx:TrackPointExtension>
        </extensions>
      </trkpt>
      <trkpt lat="23.110641" lon="113.307458">
        <ele>12.33</ele>
        <time>2026-04-21T09:32:25Z</time>
        <extensions>
          <gpxtpx:TrackPointExtension></gpxtpx:TrackPointExtension>
        </extensions>
      </trkpt>
      <trkpt lat="23.110614" lon="113.307353">
        <ele>12.35</ele>
        <time>2026-04-21T09:32:30Z</time>
        <extensions>
          <gpxtpx:TrackPointExtension></gpxtpx:TrackPointExtension>
        </extensions>
      </trkpt>
      <trkpt lat="23.110578" lon="113.307246">
        <ele>12.36</ele>
        <time>2026-04-21T09:32:35Z</time>
        <extensions>
          <gpxtpx:TrackPointExtension></gpxtpx:TrackPointExtension>
        </extensions>
      </trkpt>
      <trkpt lat="23.110581" lon="113.307105">
        <ele>12.37</ele>
        <time>2026-04-21T09:32:40Z</time>
        <extensions>
          <gpxtpx:TrackPointExtension></gpxtpx:TrackPointExtension>
        </extensions>
      </trkpt>
      <trkpt lat="23.110556" lon="113.306976">
        <ele>12.43</ele>
        <time>2026-04-21T09:32:45Z</time>
        <extensions>
          <gpxtpx:TrackPointExtension></gpxtpx:TrackPointExtension>
        </extensions>
      </trkpt>
      <trkpt lat="23.110531" lon="113.30686">
        <ele>12.45</ele>
        <time>2026-04-21T09:32:50Z</time>
        <extensions>
          <gpxtpx:TrackPointExtension></gpxtpx:TrackPointExtension>
        </extensions>
      </trkpt>
      <trkpt lat="23.110505" lon="113.306729">
        <ele>12.61</ele>
        <time>2026-04-21T09:32:55Z</time>
        <extensions>
          <gpxtpx:TrackPointExtension></gpxtpx:TrackPointExtension>
        </extensions>
      </trkpt>
      <trkpt lat="23.110473" lon="113.3066">
        <ele>12.66</ele>
        <time>2026-04-21T09:33:00Z</time>
        <extensions>
          <gpxtpx:TrackPointExtension></gpxtpx:TrackPointExtension>
        </extensions>
      </trkpt>
      <trkpt lat="23.110454" lon="113.306489">
        <ele>12.74</ele>
        <time>2026-04-21T09:33:05Z</time>
        <extensions>
          <gpxtpx:TrackPointExtension></gpxtpx:TrackPointExtension>
        </extensions>
      </trkpt>
      <trkpt lat="23.110433" lon="113.306374">
        <ele>12.53</ele>
        <time>2026-04-21T09:33:10Z</time>
        <extensions>
          <gpxtpx:TrackPointExtension></gpxtpx:TrackPointExtension>
        </extensions>
      </trkpt>
      <trkpt lat="23.110411" lon="113.306274">
        <ele>12.54</ele>
        <time>2026-04-21T09:33:15Z</time>
        <extensions>
          <gpxtpx:TrackPointExtension></gpxtpx:TrackPointExtension>
        </extensions>
      </trkpt>
      <trkpt lat="23.110392" lon="113.306149">
        <ele>12.7</ele>
        <time>2026-04-21T09:33:20Z</time>
        <extensions>
          <gpxtpx:TrackPointExtension></gpxtpx:TrackPointExtension>
        </extensions>
      </trkpt>
      <trkpt lat="23.110376" lon="113.306026">
        <ele>12.66</ele>
        <time>2026-04-21T09:33:25Z</time>
        <extensions>
          <gpxtpx:TrackPointExtension></gpxtpx:TrackPointExtension>
        </extensions>
      </trkpt>
      <trkpt lat="23.110362" lon="113.305899">
        <ele>12.71</ele>
        <time>2026-04-21T09:33:30Z</time>
        <extensions>
          <gpxtpx:TrackPointExtension></gpxtpx:TrackPointExtension>
        </extensions>
      </trkpt>
      <trkpt lat="23.110334" lon="113.305792">
        <ele>12.57</ele>
        <time>2026-04-21T09:33:35Z</time>
        <extensions>
          <gpxtpx:TrackPointExtension></gpxtpx:TrackPointExtension>
        </extensions>
      </trkpt>
      <trkpt lat="23.110295" lon="113.305679">
        <ele>12.33</ele>
        <time>2026-04-21T09:33:40Z</time>
        <extensions>
          <gpxtpx:TrackPointExtension></gpxtpx:TrackPointExtension>
        </extensions>
      </trkpt>
      <trkpt lat="23.110275" lon="113.305556">
        <ele>12.44</ele>
        <time>2026-04-21T09:33:45Z</time>
        <extensions>
          <gpxtpx:TrackPointExtension></gpxtpx:TrackPointExtension>
        </extensions>
      </trkpt>
      <trkpt lat="23.110264" lon="113.305423">
        <ele>12.56</ele>
        <time>2026-04-21T09:33:50Z</time>
        <extensions>
          <gpxtpx:TrackPointExtension></gpxtpx:TrackPointExtension>
        </extensions>
      </trkpt>
      <trkpt lat="23.110251" lon="113.305301">
        <ele>12.55</ele>
        <time>2026-04-21T09:33:55Z</time>
        <extensions>
          <gpxtpx:TrackPointExtension></gpxtpx:TrackPointExtension>
        </extensions>
      </trkpt>
      <trkpt lat="23.110238" lon="113.305177">
        <ele>12.63</ele>
        <time>2026-04-21T09:34:00Z</time>
        <extensions>
          <gpxtpx:TrackPointExtension></gpxtpx:TrackPointExtension>
        </extensions>
      </trkpt>
      <trkpt lat="23.110219" lon="113.305043">
        <ele>12.7</ele>
        <time>2026-04-21T09:34:05Z</time>
        <extensions>
          <gpxtpx:TrackPointExtension></gpxtpx:TrackPointExtension>
        </extensions>
      </trkpt>
      <trkpt lat="23.110195" lon="113.304928">
        <ele>12.7</ele>
        <time>2026-04-21T09:34:10Z</time>
        <extensions>
          <gpxtpx:TrackPointExtension></gpxtpx:TrackPointExtension>
        </extensions>
      </trkpt>
      <trkpt lat="23.110181" lon="113.304804">
        <ele>12.32</ele>
        <time>2026-04-21T09:34:15Z</time>
        <extensions>
          <gpxtpx:TrackPointExtension></gpxtpx:TrackPointExtension>
        </extensions>
      </trkpt>
      <trkpt lat="23.110164" lon="113.304683">
        <ele>12.29</ele>
        <time>2026-04-21T09:34:20Z</time>
        <extensions>
          <gpxtpx:TrackPointExtension></gpxtpx:TrackPointExtension>
        </extensions>
      </trkpt>
      <trkpt lat="23.110142" lon="113.304569">
        <ele>12.45</ele>
        <time>2026-04-21T09:34:25Z</time>
        <extensions>
          <gpxtpx:TrackPointExtension></gpxtpx:TrackPointExtension>
        </extensions>
      </trkpt>
      <trkpt lat="23.110115" lon="113.304449">
        <ele>12.39</ele>
        <time>2026-04-21T09:34:30Z</time>
        <extensions>
          <gpxtpx:TrackPointExtension></gpxtpx:TrackPointExtension>
        </extensions>
      </trkpt>
      <trkpt lat="23.110096" lon="113.304327">
        <ele>12.57</ele>
        <time>2026-04-21T09:34:35Z</time>
        <extensions>
          <gpxtpx:TrackPointExtension></gpxtpx:TrackPointExtension>
        </extensions>
      </trkpt>
      <trkpt lat="23.110066" lon="113.304224">
        <ele>12.61</ele>
        <time>2026-04-21T09:34:40Z</time>
        <extensions>
          <gpxtpx:TrackPointExtension></gpxtpx:TrackPointExtension>
        </extensions>
      </trkpt>
      <trkpt lat="23.110052" lon="113.30409">
        <ele>12.68</ele>
        <time>2026-04-21T09:34:45Z</time>
        <extensions>
          <gpxtpx:TrackPointExtension></gpxtpx:TrackPointExtension>
        </extensions>
      </trkpt>
      <trkpt lat="23.110042" lon="113.303969">
        <ele>12.65</ele>
        <time>2026-04-21T09:34:50Z</time>
        <extensions>
          <gpxtpx:TrackPointExtension></gpxtpx:TrackPointExtension>
        </extensions>
      </trkpt>
      <trkpt lat="23.110016" lon="113.303857">
        <ele>12.65</ele>
        <time>2026-04-21T09:34:55Z</time>
        <extensions>
          <gpxtpx:TrackPointExtension></gpxtpx:TrackPointExtension>
        </extensions>
      </trkpt>
      <trkpt lat="23.109998" lon="113.303743">
        <ele>12.64</ele>
        <time>2026-04-21T09:35:00Z</time>
        <extensions>
          <gpxtpx:TrackPointExtension></gpxtpx:TrackPointExtension>
        </extensions>
      </trkpt>
      <trkpt lat="23.10997" lon="113.303632">
        <ele>12.64</ele>
        <time>2026-04-21T09:35:05Z</time>
        <extensions>
          <gpxtpx:TrackPointExtension></gpxtpx:TrackPointExtension>
        </extensions>
      </trkpt>
      <trkpt lat="23.109922" lon="113.303534">
        <ele>12.57</ele>
        <time>2026-04-21T09:35:10Z</time>
        <extensions>
          <gpxtpx:TrackPointExtension></gpxtpx:TrackPointExtension>
        </extensions>
      </trkpt>
      <trkpt lat="23.109891" lon="113.303404">
        <ele>12.56</ele>
        <time>2026-04-21T09:35:15Z</time>
        <extensions>
          <gpxtpx:TrackPointExtension></gpxtpx:TrackPointExtension>
        </extensions>
      </trkpt>
      <trkpt lat="23.109875" lon="113.303281">
        <ele>12.57</ele>
        <time>2026-04-21T09:35:20Z</time>
        <extensions>
          <gpxtpx:TrackPointExtension></gpxtpx:TrackPointExtension>
        </extensions>
      </trkpt>
      <trkpt lat="23.109877" lon="113.303122">
        <ele>12.49</ele>
        <time>2026-04-21T09:35:25Z</time>
        <extensions>
          <gpxtpx:TrackPointExtension></gpxtpx:TrackPointExtension>
        </extensions>
      </trkpt>
      <trkpt lat="23.109849" lon="113.302992">
        <ele>12.49</ele>
        <time>2026-04-21T09:35:30Z</time>
        <extensions>
          <gpxtpx:TrackPointExtension></gpxtpx:TrackPointExtension>
        </extensions>
      </trkpt>
      <trkpt lat="23.109818" lon="113.302883">
        <ele>12.45</ele>
        <time>2026-04-21T09:35:35Z</time>
        <extensions>
          <gpxtpx:TrackPointExtension></gpxtpx:TrackPointExtension>
        </extensions>
      </trkpt>
      <trkpt lat="23.109793" lon="113.302783">
        <ele>12.54</ele>
        <time>2026-04-21T09:35:40Z</time>
        <extensions>
          <gpxtpx:TrackPointExtension></gpxtpx:TrackPointExtension>
        </extensions>
      </trkpt>
      <trkpt lat="23.109772" lon="113.302651">
        <ele>12.59</ele>
        <time>2026-04-21T09:35:45Z</time>
        <extensions>
          <gpxtpx:TrackPointExtension></gpxtpx:TrackPointExtension>
        </extensions>
      </trkpt>
      <trkpt lat="23.109746" lon="113.30252">
        <ele>12.68</ele>
        <time>2026-04-21T09:35:50Z</time>
        <extensions>
          <gpxtpx:TrackPointExtension></gpxtpx:TrackPointExtension>
        </extensions>
      </trkpt>
      <trkpt lat="23.109724" lon="113.302403">
        <ele>12.73</ele>
        <time>2026-04-21T09:35:55Z</time>
        <extensions>
          <gpxtpx:TrackPointExtension></gpxtpx:TrackPointExtension>
        </extensions>
      </trkpt>
      <trkpt lat="23.109717" lon="113.30225">
        <ele>12.77</ele>
        <time>2026-04-21T09:36:00Z</time>
        <extensions>
          <gpxtpx:TrackPointExtension></gpxtpx:TrackPointExtension>
        </extensions>
      </trkpt>
      <trkpt lat="23.109736" lon="113.302134">
        <ele>12.8</ele>
        <time>2026-04-21T09:36:05Z</time>
        <extensions>
          <gpxtpx:TrackPointExtension></gpxtpx:TrackPointExtension>
        </extensions>
      </trkpt>
      <trkpt lat="23.109733" lon="113.301998">
        <ele>12.79</ele>
        <time>2026-04-21T09:36:10Z</time>
        <extensions>
          <gpxtpx:TrackPointExtension></gpxtpx:TrackPointExtension>
        </extensions>
      </trkpt>
      <trkpt lat="23.109756" lon="113.301866">
        <ele>12.66</ele>
        <time>2026-04-21T09:36:15Z</time>
        <extensions>
          <gpxtpx:TrackPointExtension></gpxtpx:TrackPointExtension>
        </extensions>
      </trkpt>
      <trkpt lat="23.109748" lon="113.301729">
        <ele>12.62</ele>
        <time>2026-04-21T09:36:20Z</time>
        <extensions>
          <gpxtpx:TrackPointExtension></gpxtpx:TrackPointExtension>
        </extensions>
      </trkpt>
      <trkpt lat="23.109783" lon="113.3016">
        <ele>12.58</ele>
        <time>2026-04-21T09:36:25Z</time>
        <extensions>
          <gpxtpx:TrackPointExtension></gpxtpx:TrackPointExtension>
        </extensions>
      </trkpt>
      <trkpt lat="23.109796" lon="113.301502">
        <ele>12.49</ele>
        <time>2026-04-21T09:36:30Z</time>
        <extensions>
          <gpxtpx:TrackPointExtension></gpxtpx:TrackPointExtension>
        </extensions>
      </trkpt>
      <trkpt lat="23.109814" lon="113.301376">
        <ele>12.53</ele>
        <time>2026-04-21T09:36:35Z</time>
        <extensions>
          <gpxtpx:TrackPointExtension></gpxtpx:TrackPointExtension>
        </extensions>
      </trkpt>
      <trkpt lat="23.109831" lon="113.301245">
        <ele>12.53</ele>
        <time>2026-04-21T09:36:40Z</time>
        <extensions>
          <gpxtpx:TrackPointExtension></gpxtpx:TrackPointExtension>
        </extensions>
      </trkpt>
      <trkpt lat="23.109864" lon="113.301134">
        <ele>12.44</ele>
        <time>2026-04-21T09:36:45Z</time>
        <extensions>
          <gpxtpx:TrackPointExtension></gpxtpx:TrackPointExtension>
        </extensions>
      </trkpt>
      <trkpt lat="23.109855" lon="113.30103">
        <ele>12.35</ele>
        <time>2026-04-21T09:36:50Z</time>
        <extensions>
          <gpxtpx:TrackPointExtension></gpxtpx:TrackPointExtension>
        </extensions>
      </trkpt>
      <trkpt lat="23.109843" lon="113.300936">
        <ele>12.24</ele>
        <time>2026-04-21T09:36:55Z</time>
        <extensions>
          <gpxtpx:TrackPointExtension></gpxtpx:TrackPointExtension>
        </extensions>
      </trkpt>
      <trkpt lat="23.109845" lon="113.300804">
        <ele>12.11</ele>
        <time>2026-04-21T09:37:00Z</time>
        <extensions>
          <gpxtpx:TrackPointExtension></gpxtpx:TrackPointExtension>
        </extensions>
      </trkpt>
      <trkpt lat="23.109848" lon="113.300693">
        <ele>12.12</ele>
        <time>2026-04-21T09:37:05Z</time>
        <extensions>
          <gpxtpx:TrackPointExtension></gpxtpx:TrackPointExtension>
        </extensions>
      </trkpt>
      <trkpt lat="23.109847" lon="113.300588">
        <ele>12.2</ele>
        <time>2026-04-21T09:37:10Z</time>
        <extensions>
          <gpxtpx:TrackPointExtension></gpxtpx:TrackPointExtension>
        </extensions>
      </trkpt>
      <trkpt lat="23.109846" lon="113.300472">
        <ele>12.2</ele>
        <time>2026-04-21T09:37:15Z</time>
        <extensions>
          <gpxtpx:TrackPointExtension></gpxtpx:TrackPointExtension>
        </extensions>
      </trkpt>
      <trkpt lat="23.109849" lon="113.300375">
        <ele>12.71</ele>
        <time>2026-04-21T09:37:20Z</time>
        <extensions>
          <gpxtpx:TrackPointExtension></gpxtpx:TrackPointExtension>
        </extensions>
      </trkpt>
      <trkpt lat="23.109849" lon="113.30026">
        <ele>12.83</ele>
        <time>2026-04-21T09:37:25Z</time>
        <extensions>
          <gpxtpx:TrackPointExtension></gpxtpx:TrackPointExtension>
        </extensions>
      </trkpt>
      <trkpt lat="23.109815" lon="113.300133">
        <ele>12.88</ele>
        <time>2026-04-21T09:37:30Z</time>
        <extensions>
          <gpxtpx:TrackPointExtension></gpxtpx:TrackPointExtension>
        </extensions>
      </trkpt>
      <trkpt lat="23.109795" lon="113.30002">
        <ele>12.99</ele>
        <time>2026-04-21T09:37:35Z</time>
        <extensions>
          <gpxtpx:TrackPointExtension></gpxtpx:TrackPointExtension>
        </extensions>
      </trkpt>
      <trkpt lat="23.109785" lon="113.299906">
        <ele>12.9</ele>
        <time>2026-04-21T09:37:40Z</time>
        <extensions>
          <gpxtpx:TrackPointExtension></gpxtpx:TrackPointExtension>
        </extensions>
      </trkpt>
      <trkpt lat="23.109776" lon="113.299764">
        <ele>12.9</ele>
        <time>2026-04-21T09:37:45Z</time>
        <extensions>
          <gpxtpx:TrackPointExtension></gpxtpx:TrackPointExtension>
        </extensions>
      </trkpt>
      <trkpt lat="23.109785" lon="113.299633">
        <ele>12.9</ele>
        <time>2026-04-21T09:37:50Z</time>
        <extensions>
          <gpxtpx:TrackPointExtension></gpxtpx:TrackPointExtension>
        </extensions>
      </trkpt>
      <trkpt lat="23.1098" lon="113.299496">
        <ele>12.87</ele>
        <time>2026-04-21T09:37:55Z</time>
        <extensions>
          <gpxtpx:TrackPointExtension></gpxtpx:TrackPointExtension>
        </extensions>
      </trkpt>
      <trkpt lat="23.109767" lon="113.299364">
        <ele>12.78</ele>
        <time>2026-04-21T09:38:00Z</time>
        <extensions>
          <gpxtpx:TrackPointExtension></gpxtpx:TrackPointExtension>
        </extensions>
      </trkpt>
      <trkpt lat="23.10976" lon="113.299231">
        <ele>12.65</ele>
        <time>2026-04-21T09:38:05Z</time>
        <extensions>
          <gpxtpx:TrackPointExtension></gpxtpx:TrackPointExtension>
        </extensions>
      </trkpt>
      <trkpt lat="23.109763" lon="113.299101">
        <ele>12.61</ele>
        <time>2026-04-21T09:38:10Z</time>
        <extensions>
          <gpxtpx:TrackPointExtension></gpxtpx:TrackPointExtension>
        </extensions>
      </trkpt>
      <trkpt lat="23.109773" lon="113.29896">
        <ele>12.59</ele>
        <time>2026-04-21T09:38:15Z</time>
        <extensions>
          <gpxtpx:TrackPointExtension></gpxtpx:TrackPointExtension>
        </extensions>
      </trkpt>
      <trkpt lat="23.109774" lon="113.298828">
        <ele>12.53</ele>
        <time>2026-04-21T09:38:20Z</time>
        <extensions>
          <gpxtpx:TrackPointExtension></gpxtpx:TrackPointExtension>
        </extensions>
      </trkpt>
      <trkpt lat="23.109766" lon="113.298699">
        <ele>12.53</ele>
        <time>2026-04-21T09:38:25Z</time>
        <extensions>
          <gpxtpx:TrackPointExtension></gpxtpx:TrackPointExtension>
        </extensions>
      </trkpt>
      <trkpt lat="23.109757" lon="113.298584">
        <ele>12.41</ele>
        <time>2026-04-21T09:38:30Z</time>
        <extensions>
          <gpxtpx:TrackPointExtension></gpxtpx:TrackPointExtension>
        </extensions>
      </trkpt>
      <trkpt lat="23.109751" lon="113.29848">
        <ele>12.38</ele>
        <time>2026-04-21T09:38:35Z</time>
        <extensions>
          <gpxtpx:TrackPointExtension></gpxtpx:TrackPointExtension>
        </extensions>
      </trkpt>
      <trkpt lat="23.109742" lon="113.298387">
        <ele>12.32</ele>
        <time>2026-04-21T09:38:40Z</time>
        <extensions>
          <gpxtpx:TrackPointExtension></gpxtpx:TrackPointExtension>
        </extensions>
      </trkpt>
      <trkpt lat="23.109723" lon="113.298273">
        <ele>12.25</ele>
        <time>2026-04-21T09:38:45Z</time>
        <extensions>
          <gpxtpx:TrackPointExtension></gpxtpx:TrackPointExtension>
        </extensions>
      </trkpt>
      <trkpt lat="23.109722" lon="113.29817">
        <ele>12.23</ele>
        <time>2026-04-21T09:38:50Z</time>
        <extensions>
          <gpxtpx:TrackPointExtension></gpxtpx:TrackPointExtension>
        </extensions>
      </trkpt>
      <trkpt lat="23.109754" lon="113.298034">
        <ele>12.4</ele>
        <time>2026-04-21T09:38:55Z</time>
        <extensions>
          <gpxtpx:TrackPointExtension></gpxtpx:TrackPointExtension>
        </extensions>
      </trkpt>
      <trkpt lat="23.109809" lon="113.297888">
        <ele>12.43</ele>
        <time>2026-04-21T09:39:00Z</time>
        <extensions>
          <gpxtpx:TrackPointExtension></gpxtpx:TrackPointExtension>
        </extensions>
      </trkpt>
      <trkpt lat="23.109798" lon="113.297803">
        <ele>12.41</ele>
        <time>2026-04-21T09:39:05Z</time>
        <extensions>
          <gpxtpx:TrackPointExtension></gpxtpx:TrackPointExtension>
        </extensions>
      </trkpt>
      <trkpt lat="23.10979" lon="113.297725">
        <ele>12.41</ele>
        <time>2026-04-21T09:39:10Z</time>
        <extensions>
          <gpxtpx:TrackPointExtension></gpxtpx:TrackPointExtension>
        </extensions>
      </trkpt>
      <trkpt lat="23.109793" lon="113.297611">
        <ele>12.62</ele>
        <time>2026-04-21T09:39:15Z</time>
        <extensions>
          <gpxtpx:TrackPointExtension></gpxtpx:TrackPointExtension>
        </extensions>
      </trkpt>
      <trkpt lat="23.109796" lon="113.297496">
        <ele>12.97</ele>
        <time>2026-04-21T09:39:20Z</time>
        <extensions>
          <gpxtpx:TrackPointExtension></gpxtpx:TrackPointExtension>
        </extensions>
      </trkpt>
      <trkpt lat="23.109816" lon="113.29737">
        <ele>12.88</ele>
        <time>2026-04-21T09:39:25Z</time>
        <extensions>
          <gpxtpx:TrackPointExtension></gpxtpx:TrackPointExtension>
        </extensions>
      </trkpt>
      <trkpt lat="23.109853" lon="113.297236">
        <ele>12.53</ele>
        <time>2026-04-21T09:39:30Z</time>
        <extensions>
          <gpxtpx:TrackPointExtension></gpxtpx:TrackPointExtension>
        </extensions>
      </trkpt>
      <trkpt lat="23.109864" lon="113.297091">
        <ele>12.39</ele>
        <time>2026-04-21T09:39:35Z</time>
        <extensions>
          <gpxtpx:TrackPointExtension></gpxtpx:TrackPointExtension>
        </extensions>
      </trkpt>
      <trkpt lat="23.10987" lon="113.296972">
        <ele>12.28</ele>
        <time>2026-04-21T09:39:40Z</time>
        <extensions>
          <gpxtpx:TrackPointExtension></gpxtpx:TrackPointExtension>
        </extensions>
      </trkpt>
      <trkpt lat="23.109881" lon="113.296857">
        <ele>12.27</ele>
        <time>2026-04-21T09:39:45Z</time>
        <extensions>
          <gpxtpx:TrackPointExtension></gpxtpx:TrackPointExtension>
        </extensions>
      </trkpt>
      <trkpt lat="23.109889" lon="113.29672">
        <ele>11.99</ele>
        <time>2026-04-21T09:39:50Z</time>
        <extensions>
          <gpxtpx:TrackPointExtension></gpxtpx:TrackPointExtension>
        </extensions>
      </trkpt>
      <trkpt lat="23.109893" lon="113.296603">
        <ele>12.11</ele>
        <time>2026-04-21T09:39:55Z</time>
        <extensions>
          <gpxtpx:TrackPointExtension></gpxtpx:TrackPointExtension>
        </extensions>
      </trkpt>
      <trkpt lat="23.109902" lon="113.296499">
        <ele>12.11</ele>
        <time>2026-04-21T09:40:00Z</time>
        <extensions>
          <gpxtpx:TrackPointExtension></gpxtpx:TrackPointExtension>
        </extensions>
      </trkpt>
      <trkpt lat="23.109913" lon="113.296392">
        <ele>11.72</ele>
        <time>2026-04-21T09:40:05Z</time>
        <extensions>
          <gpxtpx:TrackPointExtension></gpxtpx:TrackPointExtension>
        </extensions>
      </trkpt>
      <trkpt lat="23.109929" lon="113.296295">
        <ele>11.99</ele>
        <time>2026-04-21T09:40:10Z</time>
        <extensions>
          <gpxtpx:TrackPointExtension></gpxtpx:TrackPointExtension>
        </extensions>
      </trkpt>
      <trkpt lat="23.109939" lon="113.296183">
        <ele>11.91</ele>
        <time>2026-04-21T09:40:15Z</time>
        <extensions>
          <gpxtpx:TrackPointExtension></gpxtpx:TrackPointExtension>
        </extensions>
      </trkpt>
      <trkpt lat="23.109949" lon="113.296064">
        <ele>12.04</ele>
        <time>2026-04-21T09:40:20Z</time>
        <extensions>
          <gpxtpx:TrackPointExtension></gpxtpx:TrackPointExtension>
        </extensions>
      </trkpt>
      <trkpt lat="23.109954" lon="113.295946">
        <ele>12.27</ele>
        <time>2026-04-21T09:40:25Z</time>
        <extensions>
          <gpxtpx:TrackPointExtension></gpxtpx:TrackPointExtension>
        </extensions>
      </trkpt>
      <trkpt lat="23.109973" lon="113.295841">
        <ele>12.21</ele>
        <time>2026-04-21T09:40:30Z</time>
        <extensions>
          <gpxtpx:TrackPointExtension></gpxtpx:TrackPointExtension>
        </extensions>
      </trkpt>
      <trkpt lat="23.109978" lon="113.295725">
        <ele>12.06</ele>
        <time>2026-04-21T09:40:35Z</time>
        <extensions>
          <gpxtpx:TrackPointExtension></gpxtpx:TrackPointExtension>
        </extensions>
      </trkpt>
      <trkpt lat="23.110002" lon="113.295608">
        <ele>12.03</ele>
        <time>2026-04-21T09:40:40Z</time>
        <extensions>
          <gpxtpx:TrackPointExtension></gpxtpx:TrackPointExtension>
        </extensions>
      </trkpt>
      <trkpt lat="23.11002" lon="113.295496">
        <ele>11.82</ele>
        <time>2026-04-21T09:40:45Z</time>
        <extensions>
          <gpxtpx:TrackPointExtension></gpxtpx:TrackPointExtension>
        </extensions>
      </trkpt>
      <trkpt lat="23.110036" lon="113.295429">
        <ele>11.59</ele>
        <time>2026-04-21T09:40:50Z</time>
        <extensions>
          <gpxtpx:TrackPointExtension></gpxtpx:TrackPointExtension>
        </extensions>
      </trkpt>
      <trkpt lat="23.110036" lon="113.295429">
        <ele>11.47</ele>
        <time>2026-04-21T09:40:55Z</time>
        <extensions>
          <gpxtpx:TrackPointExtension></gpxtpx:TrackPointExtension>
        </extensions>
      </trkpt>
      <trkpt lat="23.110066" lon="113.295217">
        <ele>11.46</ele>
        <time>2026-04-21T09:41:00Z</time>
        <extensions>
          <gpxtpx:TrackPointExtension></gpxtpx:TrackPointExtension>
        </extensions>
      </trkpt>
      <trkpt lat="23.110096" lon="113.295005">
        <ele>11.36</ele>
        <time>2026-04-21T09:41:05Z</time>
        <extensions>
          <gpxtpx:TrackPointExtension></gpxtpx:TrackPointExtension>
        </extensions>
      </trkpt>
      <trkpt lat="23.110123" lon="113.294909">
        <ele>11.37</ele>
        <time>2026-04-21T09:41:10Z</time>
        <extensions>
          <gpxtpx:TrackPointExtension></gpxtpx:TrackPointExtension>
        </extensions>
      </trkpt>
      <trkpt lat="23.110157" lon="113.294819">
        <ele>11.71</ele>
        <time>2026-04-21T09:41:15Z</time>
        <extensions>
          <gpxtpx:TrackPointExtension></gpxtpx:TrackPointExtension>
        </extensions>
      </trkpt>
      <trkpt lat="23.110183" lon="113.294699">
        <ele>11.93</ele>
        <time>2026-04-21T09:41:20Z</time>
        <extensions>
          <gpxtpx:TrackPointExtension></gpxtpx:TrackPointExtension>
        </extensions>
      </trkpt>
      <trkpt lat="23.110206" lon="113.294613">
        <ele>11.88</ele>
        <time>2026-04-21T09:41:25Z</time>
        <extensions>
          <gpxtpx:TrackPointExtension></gpxtpx:TrackPointExtension>
        </extensions>
      </trkpt>
      <trkpt lat="23.110233" lon="113.294511">
        <ele>11.87</ele>
        <time>2026-04-21T09:41:30Z</time>
        <extensions>
          <gpxtpx:TrackPointExtension></gpxtpx:TrackPointExtension>
        </extensions>
      </trkpt>
      <trkpt lat="23.110267" lon="113.294419">
        <ele>11.85</ele>
        <time>2026-04-21T09:41:35Z</time>
        <extensions>
          <gpxtpx:TrackPointExtension></gpxtpx:TrackPointExtension>
        </extensions>
      </trkpt>
      <trkpt lat="23.110292" lon="113.294314">
        <ele>11.86</ele>
        <time>2026-04-21T09:41:40Z</time>
        <extensions>
          <gpxtpx:TrackPointExtension></gpxtpx:TrackPointExtension>
        </extensions>
      </trkpt>
      <trkpt lat="23.110316" lon="113.294208">
        <ele>11.83</ele>
        <time>2026-04-21T09:41:45Z</time>
        <extensions>
          <gpxtpx:TrackPointExtension></gpxtpx:TrackPointExtension>
        </extensions>
      </trkpt>
      <trkpt lat="23.11034" lon="113.294095">
        <ele>11.87</ele>
        <time>2026-04-21T09:41:50Z</time>
        <extensions>
          <gpxtpx:TrackPointExtension></gpxtpx:TrackPointExtension>
        </extensions>
      </trkpt>
      <trkpt lat="23.110364" lon="113.293998">
        <ele>11.97</ele>
        <time>2026-04-21T09:41:55Z</time>
        <extensions>
          <gpxtpx:TrackPointExtension></gpxtpx:TrackPointExtension>
        </extensions>
      </trkpt>
      <trkpt lat="23.110389" lon="113.293899">
        <ele>11.94</ele>
        <time>2026-04-21T09:42:00Z</time>
        <extensions>
          <gpxtpx:TrackPointExtension></gpxtpx:TrackPointExtension>
        </extensions>
      </trkpt>
      <trkpt lat="23.11041" lon="113.293793">
        <ele>11.82</ele>
        <time>2026-04-21T09:42:05Z</time>
        <extensions>
          <gpxtpx:TrackPointExtension></gpxtpx:TrackPointExtension>
        </extensions>
      </trkpt>
      <trkpt lat="23.110432" lon="113.293674">
        <ele>11.67</ele>
        <time>2026-04-21T09:42:10Z</time>
        <extensions>
          <gpxtpx:TrackPointExtension></gpxtpx:TrackPointExtension>
        </extensions>
      </trkpt>
      <trkpt lat="23.110463" lon="113.293556">
        <ele>11.52</ele>
        <time>2026-04-21T09:42:15Z</time>
        <extensions>
          <gpxtpx:TrackPointExtension></gpxtpx:TrackPointExtension>
        </extensions>
      </trkpt>
      <trkpt lat="23.110485" lon="113.29344">
        <ele>11.51</ele>
        <time>2026-04-21T09:42:20Z</time>
        <extensions>
          <gpxtpx:TrackPointExtension></gpxtpx:TrackPointExtension>
        </extensions>
      </trkpt>
      <trkpt lat="23.110508" lon="113.293337">
        <ele>11.53</ele>
        <time>2026-04-21T09:42:25Z</time>
        <extensions>
          <gpxtpx:TrackPointExtension></gpxtpx:TrackPointExtension>
        </extensions>
      </trkpt>
      <trkpt lat="23.110529" lon="113.293244">
        <ele>11.47</ele>
        <time>2026-04-21T09:42:30Z</time>
        <extensions>
          <gpxtpx:TrackPointExtension></gpxtpx:TrackPointExtension>
        </extensions>
      </trkpt>
      <trkpt lat="23.110548" lon="113.293139">
        <ele>11.45</ele>
        <time>2026-04-21T09:42:35Z</time>
        <extensions>
          <gpxtpx:TrackPointExtension></gpxtpx:TrackPointExtension>
        </extensions>
      </trkpt>
      <trkpt lat="23.110574" lon="113.29304">
        <ele>11.46</ele>
        <time>2026-04-21T09:42:40Z</time>
        <extensions>
          <gpxtpx:TrackPointExtension></gpxtpx:TrackPointExtension>
        </extensions>
      </trkpt>
      <trkpt lat="23.110599" lon="113.292938">
        <ele>11.42</ele>
        <time>2026-04-21T09:42:45Z</time>
        <extensions>
          <gpxtpx:TrackPointExtension></gpxtpx:TrackPointExtension>
        </extensions>
      </trkpt>
      <trkpt lat="23.110623" lon="113.292833">
        <ele>11.46</ele>
        <time>2026-04-21T09:42:50Z</time>
        <extensions>
          <gpxtpx:TrackPointExtension></gpxtpx:TrackPointExtension>
        </extensions>
      </trkpt>
      <trkpt lat="23.110649" lon="113.29272">
        <ele>11.49</ele>
        <time>2026-04-21T09:42:55Z</time>
        <extensions>
          <gpxtpx:TrackPointExtension></gpxtpx:TrackPointExtension>
        </extensions>
      </trkpt>
      <trkpt lat="23.110671" lon="113.292608">
        <ele>11.46</ele>
        <time>2026-04-21T09:43:00Z</time>
        <extensions>
          <gpxtpx:TrackPointExtension></gpxtpx:TrackPointExtension>
        </extensions>
      </trkpt>
      <trkpt lat="23.110696" lon="113.292503">
        <ele>11.43</ele>
        <time>2026-04-21T09:43:05Z</time>
        <extensions>
          <gpxtpx:TrackPointExtension></gpxtpx:TrackPointExtension>
        </extensions>
      </trkpt>
      <trkpt lat="23.110723" lon="113.292389">
        <ele>11.5</ele>
        <time>2026-04-21T09:43:10Z</time>
        <extensions>
          <gpxtpx:TrackPointExtension></gpxtpx:TrackPointExtension>
        </extensions>
      </trkpt>
      <trkpt lat="23.110751" lon="113.292268">
        <ele>11.48</ele>
        <time>2026-04-21T09:43:15Z</time>
        <extensions>
          <gpxtpx:TrackPointExtension></gpxtpx:TrackPointExtension>
        </extensions>
      </trkpt>
      <trkpt lat="23.110772" lon="113.292163">
        <ele>11.57</ele>
        <time>2026-04-21T09:43:20Z</time>
        <extensions>
          <gpxtpx:TrackPointExtension></gpxtpx:TrackPointExtension>
        </extensions>
      </trkpt>
      <trkpt lat="23.110852" lon="113.292154">
        <ele>11.65</ele>
        <time>2026-04-21T09:43:25Z</time>
        <extensions>
          <gpxtpx:TrackPointExtension></gpxtpx:TrackPointExtension>
        </extensions>
      </trkpt>
      <trkpt lat="23.11095" lon="113.292164">
        <ele>11.72</ele>
        <time>2026-04-21T09:43:30Z</time>
        <extensions>
          <gpxtpx:TrackPointExtension></gpxtpx:TrackPointExtension>
        </extensions>
      </trkpt>
      <trkpt lat="23.111052" lon="113.292161">
        <ele>11.78</ele>
        <time>2026-04-21T09:43:35Z</time>
        <extensions>
          <gpxtpx:TrackPointExtension></gpxtpx:TrackPointExtension>
        </extensions>
      </trkpt>
      <trkpt lat="23.111148" lon="113.29215">
        <ele>11.74</ele>
        <time>2026-04-21T09:43:40Z</time>
        <extensions>
          <gpxtpx:TrackPointExtension></gpxtpx:TrackPointExtension>
        </extensions>
      </trkpt>
      <trkpt lat="23.111245" lon="113.292152">
        <ele>11.61</ele>
        <time>2026-04-21T09:43:45Z</time>
        <extensions>
          <gpxtpx:TrackPointExtension></gpxtpx:TrackPointExtension>
        </extensions>
      </trkpt>
      <trkpt lat="23.111345" lon="113.292158">
        <ele>11.35</ele>
        <time>2026-04-21T09:43:50Z</time>
        <extensions>
          <gpxtpx:TrackPointExtension></gpxtpx:TrackPointExtension>
        </extensions>
      </trkpt>
      <trkpt lat="23.11145" lon="113.292151">
        <ele>11.33</ele>
        <time>2026-04-21T09:43:55Z</time>
        <extensions>
          <gpxtpx:TrackPointExtension></gpxtpx:TrackPointExtension>
        </extensions>
      </trkpt>
      <trkpt lat="23.111554" lon="113.292156">
        <ele>11.29</ele>
        <time>2026-04-21T09:44:00Z</time>
        <extensions>
          <gpxtpx:TrackPointExtension></gpxtpx:TrackPointExtension>
        </extensions>
      </trkpt>
      <trkpt lat="23.111665" lon="113.292167">
        <ele>11.23</ele>
        <time>2026-04-21T09:44:05Z</time>
        <extensions>
          <gpxtpx:TrackPointExtension></gpxtpx:TrackPointExtension>
        </extensions>
      </trkpt>
      <trkpt lat="23.111772" lon="113.292179">
        <ele>11.29</ele>
        <time>2026-04-21T09:44:10Z</time>
        <extensions>
          <gpxtpx:TrackPointExtension></gpxtpx:TrackPointExtension>
        </extensions>
      </trkpt>
      <trkpt lat="23.111874" lon="113.292184">
        <ele>11.25</ele>
        <time>2026-04-21T09:44:15Z</time>
        <extensions>
          <gpxtpx:TrackPointExtension></gpxtpx:TrackPointExtension>
        </extensions>
      </trkpt>
      <trkpt lat="23.111984" lon="113.292185">
        <ele>11.17</ele>
        <time>2026-04-21T09:44:20Z</time>
        <extensions>
          <gpxtpx:TrackPointExtension></gpxtpx:TrackPointExtension>
        </extensions>
      </trkpt>
      <trkpt lat="23.11204" lon="113.292166">
        <ele>11.18</ele>
        <time>2026-04-21T09:44:25Z</time>
        <extensions>
          <gpxtpx:TrackPointExtension></gpxtpx:TrackPointExtension>
        </extensions>
      </trkpt>
      <trkpt lat="23.11217" lon="113.292194">
        <ele>11.11</ele>
        <time>2026-04-21T09:44:30Z</time>
        <extensions>
          <gpxtpx:TrackPointExtension></gpxtpx:TrackPointExtension>
        </extensions>
      </trkpt>
      <trkpt lat="23.112273" lon="113.292189">
        <ele>11.21</ele>
        <time>2026-04-21T09:44:35Z</time>
        <extensions>
          <gpxtpx:TrackPointExtension></gpxtpx:TrackPointExtension>
        </extensions>
      </trkpt>
      <trkpt lat="23.112365" lon="113.292191">
        <ele>11.22</ele>
        <time>2026-04-21T09:44:40Z</time>
        <extensions>
          <gpxtpx:TrackPointExtension></gpxtpx:TrackPointExtension>
        </extensions>
      </trkpt>
      <trkpt lat="23.112465" lon="113.292206">
        <ele>11.19</ele>
        <time>2026-04-21T09:44:45Z</time>
        <extensions>
          <gpxtpx:TrackPointExtension></gpxtpx:TrackPointExtension>
        </extensions>
      </trkpt>
      <trkpt lat="23.112575" lon="113.29221">
        <ele>10.99</ele>
        <time>2026-04-21T09:44:50Z</time>
        <extensions>
          <gpxtpx:TrackPointExtension></gpxtpx:TrackPointExtension>
        </extensions>
      </trkpt>
      <trkpt lat="23.112682" lon="113.292217">
        <ele>11.24</ele>
        <time>2026-04-21T09:44:55Z</time>
        <extensions>
          <gpxtpx:TrackPointExtension></gpxtpx:TrackPointExtension>
        </extensions>
      </trkpt>
      <trkpt lat="23.112791" lon="113.292223">
        <ele>11.05</ele>
        <time>2026-04-21T09:45:00Z</time>
        <extensions>
          <gpxtpx:TrackPointExtension></gpxtpx:TrackPointExtension>
        </extensions>
      </trkpt>
      <trkpt lat="23.112884" lon="113.292225">
        <ele>10.95</ele>
        <time>2026-04-21T09:45:05Z</time>
        <extensions>
          <gpxtpx:TrackPointExtension></gpxtpx:TrackPointExtension>
        </extensions>
      </trkpt>
      <trkpt lat="23.112991" lon="113.292241">
        <ele>10.94</ele>
        <time>2026-04-21T09:45:10Z</time>
        <extensions>
          <gpxtpx:TrackPointExtension></gpxtpx:TrackPointExtension>
        </extensions>
      </trkpt>
      <trkpt lat="23.113111" lon="113.292234">
        <ele>10.9</ele>
        <time>2026-04-21T09:45:15Z</time>
        <extensions>
          <gpxtpx:TrackPointExtension></gpxtpx:TrackPointExtension>
        </extensions>
      </trkpt>
      <trkpt lat="23.113232" lon="113.292243">
        <ele>10.88</ele>
        <time>2026-04-21T09:45:20Z</time>
        <extensions>
          <gpxtpx:TrackPointExtension></gpxtpx:TrackPointExtension>
        </extensions>
      </trkpt>
      <trkpt lat="23.11333" lon="113.29224">
        <ele>11.04</ele>
        <time>2026-04-21T09:45:25Z</time>
        <extensions>
          <gpxtpx:TrackPointExtension></gpxtpx:TrackPointExtension>
        </extensions>
      </trkpt>
      <trkpt lat="23.113457" lon="113.292219">
        <ele>11.2</ele>
        <time>2026-04-21T09:45:30Z</time>
        <extensions>
          <gpxtpx:TrackPointExtension></gpxtpx:TrackPointExtension>
        </extensions>
      </trkpt>
      <trkpt lat="23.113563" lon="113.292209">
        <ele>11.24</ele>
        <time>2026-04-21T09:45:35Z</time>
        <extensions>
          <gpxtpx:TrackPointExtension></gpxtpx:TrackPointExtension>
        </extensions>
      </trkpt>
      <trkpt lat="23.113713" lon="113.29216">
        <ele>11.42</ele>
        <time>2026-04-21T09:45:40Z</time>
        <extensions>
          <gpxtpx:TrackPointExtension></gpxtpx:TrackPointExtension>
        </extensions>
      </trkpt>
      <trkpt lat="23.113807" lon="113.292068">
        <ele>11.57</ele>
        <time>2026-04-21T09:45:45Z</time>
        <extensions>
          <gpxtpx:TrackPointExtension></gpxtpx:TrackPointExtension>
        </extensions>
      </trkpt>
      <trkpt lat="23.113887" lon="113.29196">
        <ele>11.76</ele>
        <time>2026-04-21T09:45:50Z</time>
        <extensions>
          <gpxtpx:TrackPointExtension></gpxtpx:TrackPointExtension>
        </extensions>
      </trkpt>
      <trkpt lat="23.113931" lon="113.291824">
        <ele>11.67</ele>
        <time>2026-04-21T09:45:55Z</time>
        <extensions>
          <gpxtpx:TrackPointExtension></gpxtpx:TrackPointExtension>
        </extensions>
      </trkpt>
      <trkpt lat="23.113938" lon="113.291728">
        <ele>11.26</ele>
        <time>2026-04-21T09:46:00Z</time>
        <extensions>
          <gpxtpx:TrackPointExtension></gpxtpx:TrackPointExtension>
        </extensions>
      </trkpt>
      <trkpt lat="23.113952" lon="113.291619">
        <ele>11.28</ele>
        <time>2026-04-21T09:46:05Z</time>
        <extensions>
          <gpxtpx:TrackPointExtension></gpxtpx:TrackPointExtension>
        </extensions>
      </trkpt>
      <trkpt lat="23.113971" lon="113.291522">
        <ele>11.22</ele>
        <time>2026-04-21T09:46:10Z</time>
        <extensions>
          <gpxtpx:TrackPointExtension></gpxtpx:TrackPointExtension>
        </extensions>
      </trkpt>
      <trkpt lat="23.113986" lon="113.291401">
        <ele>10.97</ele>
        <time>2026-04-21T09:46:15Z</time>
        <extensions>
          <gpxtpx:TrackPointExtension></gpxtpx:TrackPointExtension>
        </extensions>
      </trkpt>
      <trkpt lat="23.114003" lon="113.291299">
        <ele>11.03</ele>
        <time>2026-04-21T09:46:20Z</time>
        <extensions>
          <gpxtpx:TrackPointExtension></gpxtpx:TrackPointExtension>
        </extensions>
      </trkpt>
      <trkpt lat="23.114028" lon="113.291174">
        <ele>11.01</ele>
        <time>2026-04-21T09:46:25Z</time>
        <extensions>
          <gpxtpx:TrackPointExtension></gpxtpx:TrackPointExtension>
        </extensions>
      </trkpt>
      <trkpt lat="23.114037" lon="113.291054">
        <ele>11.05</ele>
        <time>2026-04-21T09:46:30Z</time>
        <extensions>
          <gpxtpx:TrackPointExtension></gpxtpx:TrackPointExtension>
        </extensions>
      </trkpt>
      <trkpt lat="23.113989" lon="113.291152">
        <ele>11.41</ele>
        <time>2026-04-21T09:46:35Z</time>
        <extensions>
          <gpxtpx:TrackPointExtension></gpxtpx:TrackPointExtension>
        </extensions>
      </trkpt>
      <trkpt lat="23.114015" lon="113.291276">
        <ele>11.19</ele>
        <time>2026-04-21T09:46:40Z</time>
        <extensions>
          <gpxtpx:TrackPointExtension></gpxtpx:TrackPointExtension>
        </extensions>
      </trkpt>
      <trkpt lat="23.114041" lon="113.291387">
        <ele>10.94</ele>
        <time>2026-04-21T09:46:45Z</time>
        <extensions>
          <gpxtpx:TrackPointExtension></gpxtpx:TrackPointExtension>
        </extensions>
      </trkpt>
      <trkpt lat="23.114062" lon="113.2914">
        <ele>11.08</ele>
        <time>2026-04-21T09:46:50Z</time>
        <extensions>
          <gpxtpx:TrackPointExtension></gpxtpx:TrackPointExtension>
        </extensions>
      </trkpt>
      <trkpt lat="23.114083" lon="113.291385">
        <ele>11.5</ele>
        <time>2026-04-21T09:46:55Z</time>
        <extensions>
          <gpxtpx:TrackPointExtension></gpxtpx:TrackPointExtension>
        </extensions>
      </trkpt>
      <trkpt lat="23.11417" lon="113.291361">
        <ele>11.19</ele>
        <time>2026-04-21T09:47:00Z</time>
        <extensions>
          <gpxtpx:TrackPointExtension></gpxtpx:TrackPointExtension>
        </extensions>
      </trkpt>
      <trkpt lat="23.114227" lon="113.291357">
        <ele>11.22</ele>
        <time>2026-04-21T09:47:05Z</time>
        <extensions>
          <gpxtpx:TrackPointExtension></gpxtpx:TrackPointExtension>
        </extensions>
      </trkpt>
      <trkpt lat="23.114324" lon="113.291318">
        <ele>11.0</ele>
        <time>2026-04-21T09:47:10Z</time>
        <extensions>
          <gpxtpx:TrackPointExtension></gpxtpx:TrackPointExtension>
        </extensions>
      </trkpt>
      <trkpt lat="23.114372" lon="113.291432">
        <ele>10.9</ele>
        <time>2026-04-21T09:47:15Z</time>
        <extensions>
          <gpxtpx:TrackPointExtension></gpxtpx:TrackPointExtension>
        </extensions>
      </trkpt>
      <trkpt lat="23.114404" lon="113.291568">
        <ele>10.8</ele>
        <time>2026-04-21T09:47:20Z</time>
        <extensions>
          <gpxtpx:TrackPointExtension></gpxtpx:TrackPointExtension>
        </extensions>
      </trkpt>
      <trkpt lat="23.114437" lon="113.291719">
        <ele>10.94</ele>
        <time>2026-04-21T09:47:25Z</time>
        <extensions>
          <gpxtpx:TrackPointExtension></gpxtpx:TrackPointExtension>
        </extensions>
      </trkpt>
      <trkpt lat="23.114464" lon="113.291848">
        <ele>10.95</ele>
        <time>2026-04-21T09:47:30Z</time>
        <extensions>
          <gpxtpx:TrackPointExtension></gpxtpx:TrackPointExtension>
        </extensions>
      </trkpt>
      <trkpt lat="23.114493" lon="113.291978">
        <ele>10.95</ele>
        <time>2026-04-21T09:47:35Z</time>
        <extensions>
          <gpxtpx:TrackPointExtension></gpxtpx:TrackPointExtension>
        </extensions>
      </trkpt>
      <trkpt lat="23.114518" lon="113.292118">
        <ele>10.93</ele>
        <time>2026-04-21T09:47:40Z</time>
        <extensions>
          <gpxtpx:TrackPointExtension></gpxtpx:TrackPointExtension>
        </extensions>
      </trkpt>
      <trkpt lat="23.114551" lon="113.292226">
        <ele>10.85</ele>
        <time>2026-04-21T09:47:45Z</time>
        <extensions>
          <gpxtpx:TrackPointExtension></gpxtpx:TrackPointExtension>
        </extensions>
      </trkpt>
      <trkpt lat="23.114577" lon="113.292352">
        <ele>10.78</ele>
        <time>2026-04-21T09:47:50Z</time>
        <extensions>
          <gpxtpx:TrackPointExtension></gpxtpx:TrackPointExtension>
        </extensions>
      </trkpt>
      <trkpt lat="23.114605" lon="113.292477">
        <ele>10.78</ele>
        <time>2026-04-21T09:47:55Z</time>
        <extensions>
          <gpxtpx:TrackPointExtension></gpxtpx:TrackPointExtension>
        </extensions>
      </trkpt>
      <trkpt lat="23.114625" lon="113.292596">
        <ele>10.8</ele>
        <time>2026-04-21T09:48:00Z</time>
        <extensions>
          <gpxtpx:TrackPointExtension></gpxtpx:TrackPointExtension>
        </extensions>
      </trkpt>
      <trkpt lat="23.114656" lon="113.292716">
        <ele>10.86</ele>
        <time>2026-04-21T09:48:05Z</time>
        <extensions>
          <gpxtpx:TrackPointExtension></gpxtpx:TrackPointExtension>
        </extensions>
      </trkpt>
      <trkpt lat="23.11468" lon="113.292832">
        <ele>10.94</ele>
        <time>2026-04-21T09:48:10Z</time>
        <extensions>
          <gpxtpx:TrackPointExtension></gpxtpx:TrackPointExtension>
        </extensions>
      </trkpt>
      <trkpt lat="23.11471" lon="113.292942">
        <ele>10.91</ele>
        <time>2026-04-21T09:48:15Z</time>
        <extensions>
          <gpxtpx:TrackPointExtension></gpxtpx:TrackPointExtension>
        </extensions>
      </trkpt>
      <trkpt lat="23.114729" lon="113.293074">
        <ele>10.86</ele>
        <time>2026-04-21T09:48:20Z</time>
        <extensions>
          <gpxtpx:TrackPointExtension></gpxtpx:TrackPointExtension>
        </extensions>
      </trkpt>
      <trkpt lat="23.114744" lon="113.293201">
        <ele>10.78</ele>
        <time>2026-04-21T09:48:25Z</time>
        <extensions>
          <gpxtpx:TrackPointExtension></gpxtpx:TrackPointExtension>
        </extensions>
      </trkpt>
      <trkpt lat="23.114759" lon="113.293316">
        <ele>10.76</ele>
        <time>2026-04-21T09:48:30Z</time>
        <extensions>
          <gpxtpx:TrackPointExtension></gpxtpx:TrackPointExtension>
        </extensions>
      </trkpt>
      <trkpt lat="23.114772" lon="113.293451">
        <ele>10.72</ele>
        <time>2026-04-21T09:48:35Z</time>
        <extensions>
          <gpxtpx:TrackPointExtension></gpxtpx:TrackPointExtension>
        </extensions>
      </trkpt>
      <trkpt lat="23.114785" lon="113.293591">
        <ele>10.74</ele>
        <time>2026-04-21T09:48:40Z</time>
        <extensions>
          <gpxtpx:TrackPointExtension></gpxtpx:TrackPointExtension>
        </extensions>
      </trkpt>
      <trkpt lat="23.114802" lon="113.293711">
        <ele>10.67</ele>
        <time>2026-04-21T09:48:45Z</time>
        <extensions>
          <gpxtpx:TrackPointExtension></gpxtpx:TrackPointExtension>
        </extensions>
      </trkpt>
      <trkpt lat="23.114812" lon="113.29384">
        <ele>10.65</ele>
        <time>2026-04-21T09:48:50Z</time>
        <extensions>
          <gpxtpx:TrackPointExtension></gpxtpx:TrackPointExtension>
        </extensions>
      </trkpt>
      <trkpt lat="23.114828" lon="113.293947">
        <ele>10.7</ele>
        <time>2026-04-21T09:48:55Z</time>
        <extensions>
          <gpxtpx:TrackPointExtension></gpxtpx:TrackPointExtension>
        </extensions>
      </trkpt>
      <trkpt lat="23.114851" lon="113.294046">
        <ele>10.72</ele>
        <time>2026-04-21T09:49:00Z</time>
        <extensions>
          <gpxtpx:TrackPointExtension></gpxtpx:TrackPointExtension>
        </extensions>
      </trkpt>
      <trkpt lat="23.114831" lon="113.294194">
        <ele>10.68</ele>
        <time>2026-04-21T09:49:05Z</time>
        <extensions>
          <gpxtpx:TrackPointExtension></gpxtpx:TrackPointExtension>
        </extensions>
      </trkpt>
      <trkpt lat="23.114881" lon="113.294315">
        <ele>10.63</ele>
        <time>2026-04-21T09:49:10Z</time>
        <extensions>
          <gpxtpx:TrackPointExtension></gpxtpx:TrackPointExtension>
        </extensions>
      </trkpt>
      <trkpt lat="23.114899" lon="113.294432">
        <ele>10.64</ele>
        <time>2026-04-21T09:49:15Z</time>
        <extensions>
          <gpxtpx:TrackPointExtension></gpxtpx:TrackPointExtension>
        </extensions>
      </trkpt>
      <trkpt lat="23.114914" lon="113.29455">
        <ele>10.62</ele>
        <time>2026-04-21T09:49:20Z</time>
        <extensions>
          <gpxtpx:TrackPointExtension></gpxtpx:TrackPointExtension>
        </extensions>
      </trkpt>
      <trkpt lat="23.11494" lon="113.294681">
        <ele>10.52</ele>
        <time>2026-04-21T09:49:25Z</time>
        <extensions>
          <gpxtpx:TrackPointExtension></gpxtpx:TrackPointExtension>
        </extensions>
      </trkpt>
      <trkpt lat="23.114968" lon="113.294785">
        <ele>10.43</ele>
        <time>2026-04-21T09:49:30Z</time>
        <extensions>
          <gpxtpx:TrackPointExtension></gpxtpx:TrackPointExtension>
        </extensions>
      </trkpt>
      <trkpt lat="23.114984" lon="113.294921">
        <ele>10.41</ele>
        <time>2026-04-21T09:49:35Z</time>
        <extensions>
          <gpxtpx:TrackPointExtension></gpxtpx:TrackPointExtension>
        </extensions>
      </trkpt>
      <trkpt lat="23.115" lon="113.295068">
        <ele>10.48</ele>
        <time>2026-04-21T09:49:40Z</time>
        <extensions>
          <gpxtpx:TrackPointExtension></gpxtpx:TrackPointExtension>
        </extensions>
      </trkpt>
      <trkpt lat="23.115013" lon="113.295222">
        <ele>10.55</ele>
        <time>2026-04-21T09:49:45Z</time>
        <extensions>
          <gpxtpx:TrackPointExtension></gpxtpx:TrackPointExtension>
        </extensions>
      </trkpt>
      <trkpt lat="23.115015" lon="113.295335">
        <ele>10.66</ele>
        <time>2026-04-21T09:49:50Z</time>
        <extensions>
          <gpxtpx:TrackPointExtension></gpxtpx:TrackPointExtension>
        </extensions>
      </trkpt>
      <trkpt lat="23.115012" lon="113.295437">
        <ele>10.71</ele>
        <time>2026-04-21T09:49:55Z</time>
        <extensions>
          <gpxtpx:TrackPointExtension></gpxtpx:TrackPointExtension>
        </extensions>
      </trkpt>
      <trkpt lat="23.11501" lon="113.295566">
        <ele>10.68</ele>
        <time>2026-04-21T09:50:00Z</time>
        <extensions>
          <gpxtpx:TrackPointExtension></gpxtpx:TrackPointExtension>
        </extensions>
      </trkpt>
      <trkpt lat="23.114989" lon="113.295734">
        <ele>10.69</ele>
        <time>2026-04-21T09:50:05Z</time>
        <extensions>
          <gpxtpx:TrackPointExtension></gpxtpx:TrackPointExtension>
        </extensions>
      </trkpt>
      <trkpt lat="23.114987" lon="113.295866">
        <ele>10.65</ele>
        <time>2026-04-21T09:50:10Z</time>
        <extensions>
          <gpxtpx:TrackPointExtension></gpxtpx:TrackPointExtension>
        </extensions>
      </trkpt>
      <trkpt lat="23.114984" lon="113.295978">
        <ele>10.6</ele>
        <time>2026-04-21T09:50:15Z</time>
        <extensions>
          <gpxtpx:TrackPointExtension></gpxtpx:TrackPointExtension>
        </extensions>
      </trkpt>
      <trkpt lat="23.114981" lon="113.296086">
        <ele>10.54</ele>
        <time>2026-04-21T09:50:20Z</time>
        <extensions>
          <gpxtpx:TrackPointExtension></gpxtpx:TrackPointExtension>
        </extensions>
      </trkpt>
      <trkpt lat="23.114964" lon="113.296215">
        <ele>10.44</ele>
        <time>2026-04-21T09:50:25Z</time>
        <extensions>
          <gpxtpx:TrackPointExtension></gpxtpx:TrackPointExtension>
        </extensions>
      </trkpt>
      <trkpt lat="23.114966" lon="113.296327">
        <ele>10.44</ele>
        <time>2026-04-21T09:50:30Z</time>
        <extensions>
          <gpxtpx:TrackPointExtension></gpxtpx:TrackPointExtension>
        </extensions>
      </trkpt>
      <trkpt lat="23.114953" lon="113.296436">
        <ele>10.44</ele>
        <time>2026-04-21T09:50:35Z</time>
        <extensions>
          <gpxtpx:TrackPointExtension></gpxtpx:TrackPointExtension>
        </extensions>
      </trkpt>
      <trkpt lat="23.114991" lon="113.296549">
        <ele>10.47</ele>
        <time>2026-04-21T09:50:40Z</time>
        <extensions>
          <gpxtpx:TrackPointExtension></gpxtpx:TrackPointExtension>
        </extensions>
      </trkpt>
      <trkpt lat="23.114996" lon="113.296649">
        <ele>10.51</ele>
        <time>2026-04-21T09:50:45Z</time>
        <extensions>
          <gpxtpx:TrackPointExtension></gpxtpx:TrackPointExtension>
        </extensions>
      </trkpt>
      <trkpt lat="23.115018" lon="113.296787">
        <ele>10.53</ele>
        <time>2026-04-21T09:50:50Z</time>
        <extensions>
          <gpxtpx:TrackPointExtension></gpxtpx:TrackPointExtension>
        </extensions>
      </trkpt>
      <trkpt lat="23.115016" lon="113.296886">
        <ele>10.49</ele>
        <time>2026-04-21T09:50:55Z</time>
        <extensions>
          <gpxtpx:TrackPointExtension></gpxtpx:TrackPointExtension>
        </extensions>
      </trkpt>
      <trkpt lat="23.115" lon="113.296994">
        <ele>10.42</ele>
        <time>2026-04-21T09:51:00Z</time>
        <extensions>
          <gpxtpx:TrackPointExtension></gpxtpx:TrackPointExtension>
        </extensions>
      </trkpt>
      <trkpt lat="23.114999" lon="113.297108">
        <ele>10.46</ele>
        <time>2026-04-21T09:51:05Z</time>
        <extensions>
          <gpxtpx:TrackPointExtension></gpxtpx:TrackPointExtension>
        </extensions>
      </trkpt>
      <trkpt lat="23.115" lon="113.297212">
        <ele>10.45</ele>
        <time>2026-04-21T09:51:10Z</time>
        <extensions>
          <gpxtpx:TrackPointExtension></gpxtpx:TrackPointExtension>
        </extensions>
      </trkpt>
      <trkpt lat="23.114999" lon="113.29731">
        <ele>10.58</ele>
        <time>2026-04-21T09:51:15Z</time>
        <extensions>
          <gpxtpx:TrackPointExtension></gpxtpx:TrackPointExtension>
        </extensions>
      </trkpt>
      <trkpt lat="23.115002" lon="113.297441">
        <ele>10.61</ele>
        <time>2026-04-21T09:51:20Z</time>
        <extensions>
          <gpxtpx:TrackPointExtension></gpxtpx:TrackPointExtension>
        </extensions>
      </trkpt>
      <trkpt lat="23.115014" lon="113.297552">
        <ele>10.45</ele>
        <time>2026-04-21T09:51:25Z</time>
        <extensions>
          <gpxtpx:TrackPointExtension></gpxtpx:TrackPointExtension>
        </extensions>
      </trkpt>
      <trkpt lat="23.115029" lon="113.297652">
        <ele>10.48</ele>
        <time>2026-04-21T09:51:30Z</time>
        <extensions>
          <gpxtpx:TrackPointExtension></gpxtpx:TrackPointExtension>
        </extensions>
      </trkpt>
      <trkpt lat="23.115015" lon="113.297758">
        <ele>10.5</ele>
        <time>2026-04-21T09:51:35Z</time>
        <extensions>
          <gpxtpx:TrackPointExtension></gpxtpx:TrackPointExtension>
        </extensions>
      </trkpt>
      <trkpt lat="23.115017" lon="113.297873">
        <ele>10.5</ele>
        <time>2026-04-21T09:51:40Z</time>
        <extensions>
          <gpxtpx:TrackPointExtension></gpxtpx:TrackPointExtension>
        </extensions>
      </trkpt>
      <trkpt lat="23.115012" lon="113.298011">
        <ele>10.53</ele>
        <time>2026-04-21T09:51:45Z</time>
        <extensions>
          <gpxtpx:TrackPointExtension></gpxtpx:TrackPointExtension>
        </extensions>
      </trkpt>
      <trkpt lat="23.115008" lon="113.298127">
        <ele>10.52</ele>
        <time>2026-04-21T09:51:50Z</time>
        <extensions>
          <gpxtpx:TrackPointExtension></gpxtpx:TrackPointExtension>
        </extensions>
      </trkpt>
      <trkpt lat="23.115016" lon="113.298245">
        <ele>10.58</ele>
        <time>2026-04-21T09:51:55Z</time>
        <extensions>
          <gpxtpx:TrackPointExtension></gpxtpx:TrackPointExtension>
        </extensions>
      </trkpt>
      <trkpt lat="23.115022" lon="113.298354">
        <ele>10.59</ele>
        <time>2026-04-21T09:52:00Z</time>
        <extensions>
          <gpxtpx:TrackPointExtension></gpxtpx:TrackPointExtension>
        </extensions>
      </trkpt>
      <trkpt lat="23.11501" lon="113.298491">
        <ele>10.6</ele>
        <time>2026-04-21T09:52:05Z</time>
        <extensions>
          <gpxtpx:TrackPointExtension></gpxtpx:TrackPointExtension>
        </extensions>
      </trkpt>
      <trkpt lat="23.114988" lon="113.298632">
        <ele>10.63</ele>
        <time>2026-04-21T09:52:10Z</time>
        <extensions>
          <gpxtpx:TrackPointExtension></gpxtpx:TrackPointExtension>
        </extensions>
      </trkpt>
      <trkpt lat="23.114959" lon="113.298778">
        <ele>10.64</ele>
        <time>2026-04-21T09:52:15Z</time>
        <extensions>
          <gpxtpx:TrackPointExtension></gpxtpx:TrackPointExtension>
        </extensions>
      </trkpt>
      <trkpt lat="23.114956" lon="113.298901">
        <ele>10.51</ele>
        <time>2026-04-21T09:52:20Z</time>
        <extensions>
          <gpxtpx:TrackPointExtension></gpxtpx:TrackPointExtension>
        </extensions>
      </trkpt>
      <trkpt lat="23.114953" lon="113.299007">
        <ele>10.47</ele>
        <time>2026-04-21T09:52:25Z</time>
        <extensions>
          <gpxtpx:TrackPointExtension></gpxtpx:TrackPointExtension>
        </extensions>
      </trkpt>
      <trkpt lat="23.114934" lon="113.299128">
        <ele>10.45</ele>
        <time>2026-04-21T09:52:30Z</time>
        <extensions>
          <gpxtpx:TrackPointExtension></gpxtpx:TrackPointExtension>
        </extensions>
      </trkpt>
      <trkpt lat="23.11493" lon="113.29924">
        <ele>10.46</ele>
        <time>2026-04-21T09:52:35Z</time>
        <extensions>
          <gpxtpx:TrackPointExtension></gpxtpx:TrackPointExtension>
        </extensions>
      </trkpt>
      <trkpt lat="23.114909" lon="113.299371">
        <ele>10.5</ele>
        <time>2026-04-21T09:52:40Z</time>
        <extensions>
          <gpxtpx:TrackPointExtension></gpxtpx:TrackPointExtension>
        </extensions>
      </trkpt>
      <trkpt lat="23.11491" lon="113.299494">
        <ele>10.55</ele>
        <time>2026-04-21T09:52:45Z</time>
        <extensions>
          <gpxtpx:TrackPointExtension></gpxtpx:TrackPointExtension>
        </extensions>
      </trkpt>
      <trkpt lat="23.114907" lon="113.29961">
        <ele>10.56</ele>
        <time>2026-04-21T09:52:50Z</time>
        <extensions>
          <gpxtpx:TrackPointExtension></gpxtpx:TrackPointExtension>
        </extensions>
      </trkpt>
      <trkpt lat="23.114913" lon="113.299736">
        <ele>10.69</ele>
        <time>2026-04-21T09:52:55Z</time>
        <extensions>
          <gpxtpx:TrackPointExtension></gpxtpx:TrackPointExtension>
        </extensions>
      </trkpt>
      <trkpt lat="23.114884" lon="113.299852">
        <ele>10.72</ele>
        <time>2026-04-21T09:53:00Z</time>
        <extensions>
          <gpxtpx:TrackPointExtension></gpxtpx:TrackPointExtension>
        </extensions>
      </trkpt>
      <trkpt lat="23.114903" lon="113.299958">
        <ele>10.58</ele>
        <time>2026-04-21T09:53:05Z</time>
        <extensions>
          <gpxtpx:TrackPointExtension></gpxtpx:TrackPointExtension>
        </extensions>
      </trkpt>
      <trkpt lat="23.114909" lon="113.300085">
        <ele>10.45</ele>
        <time>2026-04-21T09:53:10Z</time>
        <extensions>
          <gpxtpx:TrackPointExtension></gpxtpx:TrackPointExtension>
        </extensions>
      </trkpt>
      <trkpt lat="23.114902" lon="113.30021">
        <ele>10.53</ele>
        <time>2026-04-21T09:53:15Z</time>
        <extensions>
          <gpxtpx:TrackPointExtension></gpxtpx:TrackPointExtension>
        </extensions>
      </trkpt>
      <trkpt lat="23.114918" lon="113.300276">
        <ele>10.52</ele>
        <time>2026-04-21T09:53:20Z</time>
        <extensions>
          <gpxtpx:TrackPointExtension></gpxtpx:TrackPointExtension>
        </extensions>
      </trkpt>
      <trkpt lat="23.114907" lon="113.300397">
        <ele>10.56</ele>
        <time>2026-04-21T09:53:25Z</time>
        <extensions>
          <gpxtpx:TrackPointExtension></gpxtpx:TrackPointExtension>
        </extensions>
      </trkpt>
      <trkpt lat="23.11488" lon="113.300533">
        <ele>10.55</ele>
        <time>2026-04-21T09:53:30Z</time>
        <extensions>
          <gpxtpx:TrackPointExtension></gpxtpx:TrackPointExtension>
        </extensions>
      </trkpt>
      <trkpt lat="23.114872" lon="113.30066">
        <ele>10.44</ele>
        <time>2026-04-21T09:53:35Z</time>
        <extensions>
          <gpxtpx:TrackPointExtension></gpxtpx:TrackPointExtension>
        </extensions>
      </trkpt>
      <trkpt lat="23.114879" lon="113.300801">
        <ele>10.29</ele>
        <time>2026-04-21T09:53:40Z</time>
        <extensions>
          <gpxtpx:TrackPointExtension></gpxtpx:TrackPointExtension>
        </extensions>
      </trkpt>
      <trkpt lat="23.11488" lon="113.300928">
        <ele>10.2</ele>
        <time>2026-04-21T09:53:45Z</time>
        <extensions>
          <gpxtpx:TrackPointExtension></gpxtpx:TrackPointExtension>
        </extensions>
      </trkpt>
      <trkpt lat="23.11486" lon="113.301056">
        <ele>10.23</ele>
        <time>2026-04-21T09:53:50Z</time>
        <extensions>
          <gpxtpx:TrackPointExtension></gpxtpx:TrackPointExtension>
        </extensions>
      </trkpt>
      <trkpt lat="23.114848" lon="113.301205">
        <ele>10.11</ele>
        <time>2026-04-21T09:53:55Z</time>
        <extensions>
          <gpxtpx:TrackPointExtension></gpxtpx:TrackPointExtension>
        </extensions>
      </trkpt>
      <trkpt lat="23.114846" lon="113.301349">
        <ele>10.23</ele>
        <time>2026-04-21T09:54:00Z</time>
        <extensions>
          <gpxtpx:TrackPointExtension></gpxtpx:TrackPointExtension>
        </extensions>
      </trkpt>
      <trkpt lat="23.114841" lon="113.301464">
        <ele>10.27</ele>
        <time>2026-04-21T09:54:05Z</time>
        <extensions>
          <gpxtpx:TrackPointExtension></gpxtpx:TrackPointExtension>
        </extensions>
      </trkpt>
      <trkpt lat="23.114829" lon="113.301592">
        <ele>10.22</ele>
        <time>2026-04-21T09:54:10Z</time>
        <extensions>
          <gpxtpx:TrackPointExtension></gpxtpx:TrackPointExtension>
        </extensions>
      </trkpt>
      <trkpt lat="23.114833" lon="113.301711">
        <ele>10.21</ele>
        <time>2026-04-21T09:54:15Z</time>
        <extensions>
          <gpxtpx:TrackPointExtension></gpxtpx:TrackPointExtension>
        </extensions>
      </trkpt>
      <trkpt lat="23.114842" lon="113.301827">
        <ele>10.43</ele>
        <time>2026-04-21T09:54:20Z</time>
        <extensions>
          <gpxtpx:TrackPointExtension></gpxtpx:TrackPointExtension>
        </extensions>
      </trkpt>
      <trkpt lat="23.114832" lon="113.301945">
        <ele>10.56</ele>
        <time>2026-04-21T09:54:25Z</time>
        <extensions>
          <gpxtpx:TrackPointExtension></gpxtpx:TrackPointExtension>
        </extensions>
      </trkpt>
      <trkpt lat="23.114835" lon="113.302072">
        <ele>10.37</ele>
        <time>2026-04-21T09:54:30Z</time>
        <extensions>
          <gpxtpx:TrackPointExtension></gpxtpx:TrackPointExtension>
        </extensions>
      </trkpt>
      <trkpt lat="23.114833" lon="113.302188">
        <ele>10.27</ele>
        <time>2026-04-21T09:54:35Z</time>
        <extensions>
          <gpxtpx:TrackPointExtension></gpxtpx:TrackPointExtension>
        </extensions>
      </trkpt>
      <trkpt lat="23.114833" lon="113.302318">
        <ele>10.42</ele>
        <time>2026-04-21T09:54:40Z</time>
        <extensions>
          <gpxtpx:TrackPointExtension></gpxtpx:TrackPointExtension>
        </extensions>
      </trkpt>
      <trkpt lat="23.114834" lon="113.302441">
        <ele>10.4</ele>
        <time>2026-04-21T09:54:45Z</time>
        <extensions>
          <gpxtpx:TrackPointExtension></gpxtpx:TrackPointExtension>
        </extensions>
      </trkpt>
      <trkpt lat="23.114818" lon="113.302574">
        <ele>10.39</ele>
        <time>2026-04-21T09:54:50Z</time>
        <extensions>
          <gpxtpx:TrackPointExtension></gpxtpx:TrackPointExtension>
        </extensions>
      </trkpt>
      <trkpt lat="23.114816" lon="113.302684">
        <ele>10.6</ele>
        <time>2026-04-21T09:54:55Z</time>
        <extensions>
          <gpxtpx:TrackPointExtension></gpxtpx:TrackPointExtension>
        </extensions>
      </trkpt>
      <trkpt lat="23.114817" lon="113.302807">
        <ele>10.55</ele>
        <time>2026-04-21T09:55:00Z</time>
        <extensions>
          <gpxtpx:TrackPointExtension></gpxtpx:TrackPointExtension>
        </extensions>
      </trkpt>
      <trkpt lat="23.114829" lon="113.302902">
        <ele>10.34</ele>
        <time>2026-04-21T09:55:05Z</time>
        <extensions>
          <gpxtpx:TrackPointExtension></gpxtpx:TrackPointExtension>
        </extensions>
      </trkpt>
      <trkpt lat="23.114828" lon="113.303017">
        <ele>10.51</ele>
        <time>2026-04-21T09:55:10Z</time>
        <extensions>
          <gpxtpx:TrackPointExtension></gpxtpx:TrackPointExtension>
        </extensions>
      </trkpt>
      <trkpt lat="23.114848" lon="113.303122">
        <ele>10.46</ele>
        <time>2026-04-21T09:55:15Z</time>
        <extensions>
          <gpxtpx:TrackPointExtension></gpxtpx:TrackPointExtension>
        </extensions>
      </trkpt>
      <trkpt lat="23.114853" lon="113.303247">
        <ele>10.23</ele>
        <time>2026-04-21T09:55:20Z</time>
        <extensions>
          <gpxtpx:TrackPointExtension></gpxtpx:TrackPointExtension>
        </extensions>
      </trkpt>
      <trkpt lat="23.11485" lon="113.303367">
        <ele>10.3</ele>
        <time>2026-04-21T09:55:25Z</time>
        <extensions>
          <gpxtpx:TrackPointExtension></gpxtpx:TrackPointExtension>
        </extensions>
      </trkpt>
      <trkpt lat="23.114842" lon="113.303496">
        <ele>10.29</ele>
        <time>2026-04-21T09:55:30Z</time>
        <extensions>
          <gpxtpx:TrackPointExtension></gpxtpx:TrackPointExtension>
        </extensions>
      </trkpt>
      <trkpt lat="23.11485" lon="113.303609">
        <ele>10.15</ele>
        <time>2026-04-21T09:55:35Z</time>
        <extensions>
          <gpxtpx:TrackPointExtension></gpxtpx:TrackPointExtension>
        </extensions>
      </trkpt>
      <trkpt lat="23.114839" lon="113.303747">
        <ele>10.07</ele>
        <time>2026-04-21T09:55:40Z</time>
        <extensions>
          <gpxtpx:TrackPointExtension></gpxtpx:TrackPointExtension>
        </extensions>
      </trkpt>
      <trkpt lat="23.114842" lon="113.303856">
        <ele>10.08</ele>
        <time>2026-04-21T09:55:45Z</time>
        <extensions>
          <gpxtpx:TrackPointExtension></gpxtpx:TrackPointExtension>
        </extensions>
      </trkpt>
      <trkpt lat="23.114839" lon="113.303982">
        <ele>10.11</ele>
        <time>2026-04-21T09:55:50Z</time>
        <extensions>
          <gpxtpx:TrackPointExtension></gpxtpx:TrackPointExtension>
        </extensions>
      </trkpt>
      <trkpt lat="23.11484" lon="113.30411">
        <ele>10.27</ele>
        <time>2026-04-21T09:55:55Z</time>
        <extensions>
          <gpxtpx:TrackPointExtension></gpxtpx:TrackPointExtension>
        </extensions>
      </trkpt>
      <trkpt lat="23.114836" lon="113.304248">
        <ele>10.35</ele>
        <time>2026-04-21T09:56:00Z</time>
        <extensions>
          <gpxtpx:TrackPointExtension></gpxtpx:TrackPointExtension>
        </extensions>
      </trkpt>
      <trkpt lat="23.114839" lon="113.304352">
        <ele>10.58</ele>
        <time>2026-04-21T09:56:05Z</time>
        <extensions>
          <gpxtpx:TrackPointExtension></gpxtpx:TrackPointExtension>
        </extensions>
      </trkpt>
      <trkpt lat="23.114836" lon="113.30449">
        <ele>10.51</ele>
        <time>2026-04-21T09:56:10Z</time>
        <extensions>
          <gpxtpx:TrackPointExtension></gpxtpx:TrackPointExtension>
        </extensions>
      </trkpt>
      <trkpt lat="23.114821" lon="113.304621">
        <ele>10.17</ele>
        <time>2026-04-21T09:56:15Z</time>
        <extensions>
          <gpxtpx:TrackPointExtension></gpxtpx:TrackPointExtension>
        </extensions>
      </trkpt>
      <trkpt lat="23.114807" lon="113.304752">
        <ele>10.06</ele>
        <time>2026-04-21T09:56:20Z</time>
        <extensions>
          <gpxtpx:TrackPointExtension></gpxtpx:TrackPointExtension>
        </extensions>
      </trkpt>
      <trkpt lat="23.114794" lon="113.30486">
        <ele>10.0</ele>
        <time>2026-04-21T09:56:25Z</time>
        <extensions>
          <gpxtpx:TrackPointExtension></gpxtpx:TrackPointExtension>
        </extensions>
      </trkpt>
      <trkpt lat="23.114803" lon="113.304972">
        <ele>9.78</ele>
        <time>2026-04-21T09:56:30Z</time>
        <extensions>
          <gpxtpx:TrackPointExtension></gpxtpx:TrackPointExtension>
        </extensions>
      </trkpt>
      <trkpt lat="23.114808" lon="113.305101">
        <ele>9.66</ele>
        <time>2026-04-21T09:56:35Z</time>
        <extensions>
          <gpxtpx:TrackPointExtension></gpxtpx:TrackPointExtension>
        </extensions>
      </trkpt>
      <trkpt lat="23.11481" lon="113.305213">
        <ele>9.6</ele>
        <time>2026-04-21T09:56:40Z</time>
        <extensions>
          <gpxtpx:TrackPointExtension></gpxtpx:TrackPointExtension>
        </extensions>
      </trkpt>
      <trkpt lat="23.1148" lon="113.305367">
        <ele>9.56</ele>
        <time>2026-04-21T09:56:45Z</time>
        <extensions>
          <gpxtpx:TrackPointExtension></gpxtpx:TrackPointExtension>
        </extensions>
      </trkpt>
      <trkpt lat="23.114824" lon="113.305494">
        <ele>9.48</ele>
        <time>2026-04-21T09:56:50Z</time>
        <extensions>
          <gpxtpx:TrackPointExtension></gpxtpx:TrackPointExtension>
        </extensions>
      </trkpt>
      <trkpt lat="23.11483" lon="113.305623">
        <ele>9.33</ele>
        <time>2026-04-21T09:56:55Z</time>
        <extensions>
          <gpxtpx:TrackPointExtension></gpxtpx:TrackPointExtension>
        </extensions>
      </trkpt>
      <trkpt lat="23.114822" lon="113.305766">
        <ele>9.3</ele>
        <time>2026-04-21T09:57:00Z</time>
        <extensions>
          <gpxtpx:TrackPointExtension></gpxtpx:TrackPointExtension>
        </extensions>
      </trkpt>
      <trkpt lat="23.114816" lon="113.305926">
        <ele>9.2</ele>
        <time>2026-04-21T09:57:05Z</time>
        <extensions>
          <gpxtpx:TrackPointExtension></gpxtpx:TrackPointExtension>
        </extensions>
      </trkpt>
      <trkpt lat="23.114818" lon="113.306059">
        <ele>9.14</ele>
        <time>2026-04-21T09:57:10Z</time>
        <extensions>
          <gpxtpx:TrackPointExtension></gpxtpx:TrackPointExtension>
        </extensions>
      </trkpt>
      <trkpt lat="23.114798" lon="113.30619">
        <ele>9.06</ele>
        <time>2026-04-21T09:57:15Z</time>
        <extensions>
          <gpxtpx:TrackPointExtension></gpxtpx:TrackPointExtension>
        </extensions>
      </trkpt>
      <trkpt lat="23.114777" lon="113.306333">
        <ele>9.27</ele>
        <time>2026-04-21T09:57:20Z</time>
        <extensions>
          <gpxtpx:TrackPointExtension></gpxtpx:TrackPointExtension>
        </extensions>
      </trkpt>
      <trkpt lat="23.114767" lon="113.306467">
        <ele>9.41</ele>
        <time>2026-04-21T09:57:25Z</time>
        <extensions>
          <gpxtpx:TrackPointExtension></gpxtpx:TrackPointExtension>
        </extensions>
      </trkpt>
      <trkpt lat="23.114771" lon="113.306595">
        <ele>9.5</ele>
        <time>2026-04-21T09:57:30Z</time>
        <extensions>
          <gpxtpx:TrackPointExtension></gpxtpx:TrackPointExtension>
        </extensions>
      </trkpt>
      <trkpt lat="23.114768" lon="113.306728">
        <ele>9.57</ele>
        <time>2026-04-21T09:57:35Z</time>
        <extensions>
          <gpxtpx:TrackPointExtension></gpxtpx:TrackPointExtension>
        </extensions>
      </trkpt>
      <trkpt lat="23.114749" lon="113.306877">
        <ele>9.58</ele>
        <time>2026-04-21T09:57:40Z</time>
        <extensions>
          <gpxtpx:TrackPointExtension></gpxtpx:TrackPointExtension>
        </extensions>
      </trkpt>
      <trkpt lat="23.114756" lon="113.306981">
        <ele>9.46</ele>
        <time>2026-04-21T09:57:45Z</time>
        <extensions>
          <gpxtpx:TrackPointExtension></gpxtpx:TrackPointExtension>
        </extensions>
      </trkpt>
      <trkpt lat="23.114747" lon="113.307099">
        <ele>9.52</ele>
        <time>2026-04-21T09:57:50Z</time>
        <extensions>
          <gpxtpx:TrackPointExtension></gpxtpx:TrackPointExtension>
        </extensions>
      </trkpt>
      <trkpt lat="23.114743" lon="113.307223">
        <ele>9.6</ele>
        <time>2026-04-21T09:57:55Z</time>
        <extensions>
          <gpxtpx:TrackPointExtension></gpxtpx:TrackPointExtension>
        </extensions>
      </trkpt>
      <trkpt lat="23.114734" lon="113.30735">
        <ele>9.67</ele>
        <time>2026-04-21T09:58:00Z</time>
        <extensions>
          <gpxtpx:TrackPointExtension></gpxtpx:TrackPointExtension>
        </extensions>
      </trkpt>
      <trkpt lat="23.114732" lon="113.307492">
        <ele>9.64</ele>
        <time>2026-04-21T09:58:05Z</time>
        <extensions>
          <gpxtpx:TrackPointExtension></gpxtpx:TrackPointExtension>
        </extensions>
      </trkpt>
      <trkpt lat="23.114673" lon="113.307591">
        <ele>9.7</ele>
        <time>2026-04-21T09:58:10Z</time>
        <extensions>
          <gpxtpx:TrackPointExtension></gpxtpx:TrackPointExtension>
        </extensions>
      </trkpt>
      <trkpt lat="23.114605" lon="113.307635">
        <ele>9.41</ele>
        <time>2026-04-21T09:58:15Z</time>
        <extensions>
          <gpxtpx:TrackPointExtension></gpxtpx:TrackPointExtension>
        </extensions>
      </trkpt>
      <trkpt lat="23.114561" lon="113.307725">
        <ele>9.57</ele>
        <time>2026-04-21T09:58:20Z</time>
        <extensions>
          <gpxtpx:TrackPointExtension></gpxtpx:TrackPointExtension>
        </extensions>
      </trkpt>
      <trkpt lat="23.114449" lon="113.307743">
        <ele>9.71</ele>
        <time>2026-04-21T09:58:25Z</time>
        <extensions>
          <gpxtpx:TrackPointExtension></gpxtpx:TrackPointExtension>
        </extensions>
      </trkpt>
      <trkpt lat="23.114346" lon="113.307703">
        <ele>9.78</ele>
        <time>2026-04-21T09:58:30Z</time>
        <extensions>
          <gpxtpx:TrackPointExtension></gpxtpx:TrackPointExtension>
        </extensions>
      </trkpt>
      <trkpt lat="23.114265" lon="113.307761">
        <ele>9.69</ele>
        <time>2026-04-21T09:58:35Z</time>
        <extensions>
          <gpxtpx:TrackPointExtension></gpxtpx:TrackPointExtension>
        </extensions>
      </trkpt>
      <trkpt lat="23.114198" lon="113.307861">
        <ele>9.55</ele>
        <time>2026-04-21T09:58:40Z</time>
        <extensions>
          <gpxtpx:TrackPointExtension></gpxtpx:TrackPointExtension>
        </extensions>
      </trkpt>
      <trkpt lat="23.114135" lon="113.307972">
        <ele>9.8</ele>
        <time>2026-04-21T09:58:45Z</time>
        <extensions>
          <gpxtpx:TrackPointExtension></gpxtpx:TrackPointExtension>
        </extensions>
      </trkpt>
      <trkpt lat="23.114091" lon="113.308086">
        <ele>9.97</ele>
        <time>2026-04-21T09:58:50Z</time>
        <extensions>
          <gpxtpx:TrackPointExtension></gpxtpx:TrackPointExtension>
        </extensions>
      </trkpt>
      <trkpt lat="23.114067" lon="113.308222">
        <ele>9.79</ele>
        <time>2026-04-21T09:58:55Z</time>
        <extensions>
          <gpxtpx:TrackPointExtension></gpxtpx:TrackPointExtension>
        </extensions>
      </trkpt>
      <trkpt lat="23.114011" lon="113.308342">
        <ele>9.57</ele>
        <time>2026-04-21T09:59:00Z</time>
        <extensions>
          <gpxtpx:TrackPointExtension></gpxtpx:TrackPointExtension>
        </extensions>
      </trkpt>
      <trkpt lat="23.113935" lon="113.308445">
        <ele>9.59</ele>
        <time>2026-04-21T09:59:05Z</time>
        <extensions>
          <gpxtpx:TrackPointExtension></gpxtpx:TrackPointExtension>
        </extensions>
      </trkpt>
      <trkpt lat="23.113932" lon="113.308558">
        <ele>9.71</ele>
        <time>2026-04-21T09:59:10Z</time>
        <extensions>
          <gpxtpx:TrackPointExtension></gpxtpx:TrackPointExtension>
        </extensions>
      </trkpt>
      <trkpt lat="23.113911" lon="113.308665">
        <ele>9.88</ele>
        <time>2026-04-21T09:59:15Z</time>
        <extensions>
          <gpxtpx:TrackPointExtension></gpxtpx:TrackPointExtension>
        </extensions>
      </trkpt>
      <trkpt lat="23.113875" lon="113.308782">
        <ele>9.86</ele>
        <time>2026-04-21T09:59:20Z</time>
        <extensions>
          <gpxtpx:TrackPointExtension></gpxtpx:TrackPointExtension>
        </extensions>
      </trkpt>
      <trkpt lat="23.113801" lon="113.308874">
        <ele>9.85</ele>
        <time>2026-04-21T09:59:25Z</time>
        <extensions>
          <gpxtpx:TrackPointExtension></gpxtpx:TrackPointExtension>
        </extensions>
      </trkpt>
      <trkpt lat="23.113713" lon="113.308963">
        <ele>9.8</ele>
        <time>2026-04-21T09:59:30Z</time>
        <extensions>
          <gpxtpx:TrackPointExtension></gpxtpx:TrackPointExtension>
        </extensions>
      </trkpt>
      <trkpt lat="23.113631" lon="113.309025">
        <ele>9.7</ele>
        <time>2026-04-21T09:59:35Z</time>
        <extensions>
          <gpxtpx:TrackPointExtension></gpxtpx:TrackPointExtension>
        </extensions>
      </trkpt>
      <trkpt lat="23.113531" lon="113.309068">
        <ele>9.9</ele>
        <time>2026-04-21T09:59:40Z</time>
        <extensions>
          <gpxtpx:TrackPointExtension></gpxtpx:TrackPointExtension>
        </extensions>
      </trkpt>
      <trkpt lat="23.113531" lon="113.309198">
        <ele>9.83</ele>
        <time>2026-04-21T09:59:45Z</time>
        <extensions>
          <gpxtpx:TrackPointExtension></gpxtpx:TrackPointExtension>
        </extensions>
      </trkpt>
      <trkpt lat="23.113554" lon="113.309284">
        <ele>9.75</ele>
        <time>2026-04-21T09:59:50Z</time>
        <extensions>
          <gpxtpx:TrackPointExtension></gpxtpx:TrackPointExtension>
        </extensions>
      </trkpt>
      <trkpt lat="23.113549" lon="113.309403">
        <ele>9.67</ele>
        <time>2026-04-21T09:59:55Z</time>
        <extensions>
          <gpxtpx:TrackPointExtension></gpxtpx:TrackPointExtension>
        </extensions>
      </trkpt>
      <trkpt lat="23.113507" lon="113.309494">
        <ele>9.98</ele>
        <time>2026-04-21T10:00:00Z</time>
        <extensions>
          <gpxtpx:TrackPointExtension></gpxtpx:TrackPointExtension>
        </extensions>
      </trkpt>
      <trkpt lat="23.113445" lon="113.309577">
        <ele>10.04</ele>
        <time>2026-04-21T10:00:05Z</time>
        <extensions>
          <gpxtpx:TrackPointExtension></gpxtpx:TrackPointExtension>
        </extensions>
      </trkpt>
      <trkpt lat="23.113323" lon="113.309553">
        <ele>10.23</ele>
        <time>2026-04-21T10:00:10Z</time>
        <extensions>
          <gpxtpx:TrackPointExtension></gpxtpx:TrackPointExtension>
        </extensions>
      </trkpt>
      <trkpt lat="23.113273" lon="113.309647">
        <ele>10.36</ele>
        <time>2026-04-21T10:00:15Z</time>
        <extensions>
          <gpxtpx:TrackPointExtension></gpxtpx:TrackPointExtension>
        </extensions>
      </trkpt>
      <trkpt lat="23.113228" lon="113.309766">
        <ele>10.24</ele>
        <time>2026-04-21T10:00:20Z</time>
        <extensions>
          <gpxtpx:TrackPointExtension></gpxtpx:TrackPointExtension>
        </extensions>
      </trkpt>
      <trkpt lat="23.113181" lon="113.309871">
        <ele>10.32</ele>
        <time>2026-04-21T10:00:25Z</time>
        <extensions>
          <gpxtpx:TrackPointExtension></gpxtpx:TrackPointExtension>
        </extensions>
      </trkpt>
      <trkpt lat="23.11318" lon="113.309865">
        <ele>10.25</ele>
        <time>2026-04-21T10:00:30Z</time>
        <extensions>
          <gpxtpx:TrackPointExtension></gpxtpx:TrackPointExtension>
        </extensions>
      </trkpt>
      <trkpt lat="23.113362" lon="113.310002">
        <ele>10.23</ele>
        <time>2026-04-21T10:00:35Z</time>
        <extensions>
          <gpxtpx:TrackPointExtension></gpxtpx:TrackPointExtension>
        </extensions>
      </trkpt>
      <trkpt lat="23.113544" lon="113.310139">
        <ele>10.22</ele>
        <time>2026-04-21T10:00:40Z</time>
        <extensions>
          <gpxtpx:TrackPointExtension></gpxtpx:TrackPointExtension>
        </extensions>
      </trkpt>
      <trkpt lat="23.113647" lon="113.310147">
        <ele>9.99</ele>
        <time>2026-04-21T10:00:45Z</time>
        <extensions>
          <gpxtpx:TrackPointExtension></gpxtpx:TrackPointExtension>
        </extensions>
      </trkpt>
      <trkpt lat="23.113788" lon="113.310149">
        <ele>10.04</ele>
        <time>2026-04-21T10:00:50Z</time>
        <extensions>
          <gpxtpx:TrackPointExtension></gpxtpx:TrackPointExtension>
        </extensions>
      </trkpt>
      <trkpt lat="23.113898" lon="113.310164">
        <ele>9.9</ele>
        <time>2026-04-21T10:00:55Z</time>
        <extensions>
          <gpxtpx:TrackPointExtension></gpxtpx:TrackPointExtension>
        </extensions>
      </trkpt>
      <trkpt lat="23.113998" lon="113.310165">
        <ele>10.05</ele>
        <time>2026-04-21T10:01:00Z</time>
        <extensions>
          <gpxtpx:TrackPointExtension></gpxtpx:TrackPointExtension>
        </extensions>
      </trkpt>
      <trkpt lat="23.114102" lon="113.310159">
        <ele>10.95</ele>
        <time>2026-04-21T10:01:05Z</time>
        <extensions>
          <gpxtpx:TrackPointExtension></gpxtpx:TrackPointExtension>
        </extensions>
      </trkpt>
      <trkpt lat="23.114231" lon="113.310143">
        <ele>11.9</ele>
        <time>2026-04-21T10:01:10Z</time>
        <extensions>
          <gpxtpx:TrackPointExtension></gpxtpx:TrackPointExtension>
        </extensions>
      </trkpt>
      <trkpt lat="23.114351" lon="113.310122">
        <ele>12.58</ele>
        <time>2026-04-21T10:01:15Z</time>
        <extensions>
          <gpxtpx:TrackPointExtension></gpxtpx:TrackPointExtension>
        </extensions>
      </trkpt>
      <trkpt lat="23.114467" lon="113.310104">
        <ele>13.51</ele>
        <time>2026-04-21T10:01:20Z</time>
        <extensions>
          <gpxtpx:TrackPointExtension></gpxtpx:TrackPointExtension>
        </extensions>
      </trkpt>
      <trkpt lat="23.114586" lon="113.310098">
        <ele>13.61</ele>
        <time>2026-04-21T10:01:25Z</time>
        <extensions>
          <gpxtpx:TrackPointExtension></gpxtpx:TrackPointExtension>
        </extensions>
      </trkpt>
      <trkpt lat="23.114718" lon="113.310102">
        <ele>13.53</ele>
        <time>2026-04-21T10:01:30Z</time>
        <extensions>
          <gpxtpx:TrackPointExtension></gpxtpx:TrackPointExtension>
        </extensions>
      </trkpt>
      <trkpt lat="23.114821" lon="113.310099">
        <ele>13.56</ele>
        <time>2026-04-21T10:01:35Z</time>
        <extensions>
          <gpxtpx:TrackPointExtension></gpxtpx:TrackPointExtension>
        </extensions>
      </trkpt>
      <trkpt lat="23.114936" lon="113.310106">
        <ele>13.49</ele>
        <time>2026-04-21T10:01:40Z</time>
        <extensions>
          <gpxtpx:TrackPointExtension></gpxtpx:TrackPointExtension>
        </extensions>
      </trkpt>
      <trkpt lat="23.115048" lon="113.310103">
        <ele>13.45</ele>
        <time>2026-04-21T10:01:45Z</time>
        <extensions>
          <gpxtpx:TrackPointExtension></gpxtpx:TrackPointExtension>
        </extensions>
      </trkpt>
      <trkpt lat="23.115161" lon="113.310107">
        <ele>13.44</ele>
        <time>2026-04-21T10:01:50Z</time>
        <extensions>
          <gpxtpx:TrackPointExtension></gpxtpx:TrackPointExtension>
        </extensions>
      </trkpt>
      <trkpt lat="23.115278" lon="113.310103">
        <ele>13.44</ele>
        <time>2026-04-21T10:01:55Z</time>
        <extensions>
          <gpxtpx:TrackPointExtension></gpxtpx:TrackPointExtension>
        </extensions>
      </trkpt>
      <trkpt lat="23.115407" lon="113.310106">
        <ele>13.4</ele>
        <time>2026-04-21T10:02:00Z</time>
        <extensions>
          <gpxtpx:TrackPointExtension></gpxtpx:TrackPointExtension>
        </extensions>
      </trkpt>
      <trkpt lat="23.115534" lon="113.310099">
        <ele>13.35</ele>
        <time>2026-04-21T10:02:05Z</time>
        <extensions>
          <gpxtpx:TrackPointExtension></gpxtpx:TrackPointExtension>
        </extensions>
      </trkpt>
      <trkpt lat="23.115639" lon="113.310102">
        <ele>13.19</ele>
        <time>2026-04-21T10:02:10Z</time>
        <extensions>
          <gpxtpx:TrackPointExtension></gpxtpx:TrackPointExtension>
        </extensions>
      </trkpt>
      <trkpt lat="23.115745" lon="113.310105">
        <ele>13.03</ele>
        <time>2026-04-21T10:02:15Z</time>
        <extensions>
          <gpxtpx:TrackPointExtension></gpxtpx:TrackPointExtension>
        </extensions>
      </trkpt>
      <trkpt lat="23.115859" lon="113.310104">
        <ele>12.78</ele>
        <time>2026-04-21T10:02:20Z</time>
        <extensions>
          <gpxtpx:TrackPointExtension></gpxtpx:TrackPointExtension>
        </extensions>
      </trkpt>
      <trkpt lat="23.115978" lon="113.310105">
        <ele>12.62</ele>
        <time>2026-04-21T10:02:25Z</time>
        <extensions>
          <gpxtpx:TrackPointExtension></gpxtpx:TrackPointExtension>
        </extensions>
      </trkpt>
      <trkpt lat="23.116084" lon="113.310101">
        <ele>12.27</ele>
        <time>2026-04-21T10:02:30Z</time>
        <extensions>
          <gpxtpx:TrackPointExtension></gpxtpx:TrackPointExtension>
        </extensions>
      </trkpt>
      <trkpt lat="23.116199" lon="113.310107">
        <ele>11.81</ele>
        <time>2026-04-21T10:02:35Z</time>
        <extensions>
          <gpxtpx:TrackPointExtension></gpxtpx:TrackPointExtension>
        </extensions>
      </trkpt>
      <trkpt lat="23.116307" lon="113.310115">
        <ele>11.38</ele>
        <time>2026-04-21T10:02:40Z</time>
        <extensions>
          <gpxtpx:TrackPointExtension></gpxtpx:TrackPointExtension>
        </extensions>
      </trkpt>
      <trkpt lat="23.116432" lon="113.310106">
        <ele>11.11</ele>
        <time>2026-04-21T10:02:45Z</time>
        <extensions>
          <gpxtpx:TrackPointExtension></gpxtpx:TrackPointExtension>
        </extensions>
      </trkpt>
      <trkpt lat="23.11655" lon="113.310108">
        <ele>10.88</ele>
        <time>2026-04-21T10:02:50Z</time>
        <extensions>
          <gpxtpx:TrackPointExtension></gpxtpx:TrackPointExtension>
        </extensions>
      </trkpt>
      <trkpt lat="23.116648" lon="113.310188">
        <ele>10.34</ele>
        <time>2026-04-21T10:02:55Z</time>
        <extensions>
          <gpxtpx:TrackPointExtension></gpxtpx:TrackPointExtension>
        </extensions>
      </trkpt>
      <trkpt lat="23.1167" lon="113.310287">
        <ele>10.05</ele>
        <time>2026-04-21T10:03:00Z</time>
        <extensions>
          <gpxtpx:TrackPointExtension></gpxtpx:TrackPointExtension>
        </extensions>
      </trkpt>
      <trkpt lat="23.116658" lon="113.310403">
        <ele>9.77</ele>
        <time>2026-04-21T10:03:05Z</time>
        <extensions>
          <gpxtpx:TrackPointExtension></gpxtpx:TrackPointExtension>
        </extensions>
      </trkpt>
      <trkpt lat="23.116658" lon="113.310509">
        <ele>9.87</ele>
        <time>2026-04-21T10:03:10Z</time>
        <extensions>
          <gpxtpx:TrackPointExtension></gpxtpx:TrackPointExtension>
        </extensions>
      </trkpt>
      <trkpt lat="23.116653" lon="113.310597">
        <ele>9.87</ele>
        <time>2026-04-21T10:03:15Z</time>
        <extensions>
          <gpxtpx:TrackPointExtension></gpxtpx:TrackPointExtension>
        </extensions>
      </trkpt>
      <trkpt lat="23.116646" lon="113.310713">
        <ele>9.79</ele>
        <time>2026-04-21T10:03:20Z</time>
        <extensions>
          <gpxtpx:TrackPointExtension></gpxtpx:TrackPointExtension>
        </extensions>
      </trkpt>
      <trkpt lat="23.116639" lon="113.310828">
        <ele>9.85</ele>
        <time>2026-04-21T10:03:25Z</time>
        <extensions>
          <gpxtpx:TrackPointExtension></gpxtpx:TrackPointExtension>
        </extensions>
      </trkpt>
      <trkpt lat="23.116631" lon="113.310939">
        <ele>9.88</ele>
        <time>2026-04-21T10:03:30Z</time>
        <extensions>
          <gpxtpx:TrackPointExtension></gpxtpx:TrackPointExtension>
        </extensions>
      </trkpt>
      <trkpt lat="23.116594" lon="113.311073">
        <ele>9.85</ele>
        <time>2026-04-21T10:03:35Z</time>
        <extensions>
          <gpxtpx:TrackPointExtension></gpxtpx:TrackPointExtension>
        </extensions>
      </trkpt>
      <trkpt lat="23.116595" lon="113.311191">
        <ele>9.9</ele>
        <time>2026-04-21T10:03:40Z</time>
        <extensions>
          <gpxtpx:TrackPointExtension></gpxtpx:TrackPointExtension>
        </extensions>
      </trkpt>
      <trkpt lat="23.116601" lon="113.311321">
        <ele>9.93</ele>
        <time>2026-04-21T10:03:45Z</time>
        <extensions>
          <gpxtpx:TrackPointExtension></gpxtpx:TrackPointExtension>
        </extensions>
      </trkpt>
      <trkpt lat="23.1166" lon="113.311457">
        <ele>9.85</ele>
        <time>2026-04-21T10:03:50Z</time>
        <extensions>
          <gpxtpx:TrackPointExtension></gpxtpx:TrackPointExtension>
        </extensions>
      </trkpt>
      <trkpt lat="23.116588" lon="113.311581">
        <ele>9.85</ele>
        <time>2026-04-21T10:03:55Z</time>
        <extensions>
          <gpxtpx:TrackPointExtension></gpxtpx:TrackPointExtension>
        </extensions>
      </trkpt>
      <trkpt lat="23.116597" lon="113.311702">
        <ele>9.78</ele>
        <time>2026-04-21T10:04:00Z</time>
        <extensions>
          <gpxtpx:TrackPointExtension></gpxtpx:TrackPointExtension>
        </extensions>
      </trkpt>
      <trkpt lat="23.11657" lon="113.311824">
        <ele>9.81</ele>
        <time>2026-04-21T10:04:05Z</time>
        <extensions>
          <gpxtpx:TrackPointExtension></gpxtpx:TrackPointExtension>
        </extensions>
      </trkpt>
      <trkpt lat="23.116584" lon="113.311967">
        <ele>9.76</ele>
        <time>2026-04-21T10:04:10Z</time>
        <extensions>
          <gpxtpx:TrackPointExtension></gpxtpx:TrackPointExtension>
        </extensions>
      </trkpt>
      <trkpt lat="23.116579" lon="113.312087">
        <ele>9.78</ele>
        <time>2026-04-21T10:04:15Z</time>
        <extensions>
          <gpxtpx:TrackPointExtension></gpxtpx:TrackPointExtension>
        </extensions>
      </trkpt>
      <trkpt lat="23.116571" lon="113.312201">
        <ele>9.74</ele>
        <time>2026-04-21T10:04:20Z</time>
        <extensions>
          <gpxtpx:TrackPointExtension></gpxtpx:TrackPointExtension>
        </extensions>
      </trkpt>
      <trkpt lat="23.11657" lon="113.312334">
        <ele>9.65</ele>
        <time>2026-04-21T10:04:25Z</time>
        <extensions>
          <gpxtpx:TrackPointExtension></gpxtpx:TrackPointExtension>
        </extensions>
      </trkpt>
      <trkpt lat="23.116626" lon="113.312439">
        <ele>9.51</ele>
        <time>2026-04-21T10:04:30Z</time>
        <extensions>
          <gpxtpx:TrackPointExtension></gpxtpx:TrackPointExtension>
        </extensions>
      </trkpt>
      <trkpt lat="23.116741" lon="113.3125">
        <ele>9.35</ele>
        <time>2026-04-21T10:04:35Z</time>
        <extensions>
          <gpxtpx:TrackPointExtension></gpxtpx:TrackPointExtension>
        </extensions>
      </trkpt>
      <trkpt lat="23.116874" lon="113.31251">
        <ele>9.42</ele>
        <time>2026-04-21T10:04:40Z</time>
        <extensions>
          <gpxtpx:TrackPointExtension></gpxtpx:TrackPointExtension>
        </extensions>
      </trkpt>
      <trkpt lat="23.116986" lon="113.312524">
        <ele>9.19</ele>
        <time>2026-04-21T10:04:45Z</time>
        <extensions>
          <gpxtpx:TrackPointExtension></gpxtpx:TrackPointExtension>
        </extensions>
      </trkpt>
      <trkpt lat="23.117049" lon="113.312602">
        <ele>9.48</ele>
        <time>2026-04-21T10:04:50Z</time>
        <extensions>
          <gpxtpx:TrackPointExtension></gpxtpx:TrackPointExtension>
        </extensions>
      </trkpt>
      <trkpt lat="23.117073" lon="113.312708">
        <ele>9.25</ele>
        <time>2026-04-21T10:04:55Z</time>
        <extensions>
          <gpxtpx:TrackPointExtension></gpxtpx:TrackPointExtension>
        </extensions>
      </trkpt>
      <trkpt lat="23.11705" lon="113.312811">
        <ele>9.01</ele>
        <time>2026-04-21T10:05:00Z</time>
        <extensions>
          <gpxtpx:TrackPointExtension></gpxtpx:TrackPointExtension>
        </extensions>
      </trkpt>
      <trkpt lat="23.117037" lon="113.312934">
        <ele>8.92</ele>
        <time>2026-04-21T10:05:05Z</time>
        <extensions>
          <gpxtpx:TrackPointExtension></gpxtpx:TrackPointExtension>
        </extensions>
      </trkpt>
      <trkpt lat="23.117084" lon="113.313048">
        <ele>8.74</ele>
        <time>2026-04-21T10:05:10Z</time>
        <extensions>
          <gpxtpx:TrackPointExtension></gpxtpx:TrackPointExtension>
        </extensions>
      </trkpt>
      <trkpt lat="23.117229" lon="113.31306">
        <ele>9.16</ele>
        <time>2026-04-21T10:05:15Z</time>
        <extensions>
          <gpxtpx:TrackPointExtension></gpxtpx:TrackPointExtension>
        </extensions>
      </trkpt>
      <trkpt lat="23.117351" lon="113.313078">
        <ele>9.79</ele>
        <time>2026-04-21T10:05:20Z</time>
        <extensions>
          <gpxtpx:TrackPointExtension></gpxtpx:TrackPointExtension>
        </extensions>
      </trkpt>
      <trkpt lat="23.117443" lon="113.313087">
        <ele>9.62</ele>
        <time>2026-04-21T10:05:25Z</time>
        <extensions>
          <gpxtpx:TrackPointExtension></gpxtpx:TrackPointExtension>
        </extensions>
      </trkpt>
      <trkpt lat="23.117568" lon="113.313083">
        <ele>9.67</ele>
        <time>2026-04-21T10:05:30Z</time>
        <extensions>
          <gpxtpx:TrackPointExtension></gpxtpx:TrackPointExtension>
        </extensions>
      </trkpt>
      <trkpt lat="23.117669" lon="113.31309">
        <ele>10.03</ele>
        <time>2026-04-21T10:05:35Z</time>
        <extensions>
          <gpxtpx:TrackPointExtension></gpxtpx:TrackPointExtension>
        </extensions>
      </trkpt>
      <trkpt lat="23.117669" lon="113.31309">
        <ele>10.03</ele>
        <time>2026-04-21T10:05:44Z</time>
        <extensions>
          <gpxtpx:TrackPointExtension></gpxtpx:TrackPointExtension>
        </extensions>
      </trkpt>
    </trkseg>
  </trk>
</gpx>