<?xml version="1.0" encoding="UTF-8"?>
<gpx xmlns="http://www.topografix.com/GPX/1/1" xmlns:gpxtpx="http://www.garmin.com/xmlschemas/TrackPointExtension/v1" xmlns:xsi="http://www.w3.org/2001/XMLSchema-instance" xsi:schemaLocation="http://www.topografix.com/GPX/1/1 http://www.topografix.com/GPX/1/1/gpx.xsd" version="1.1" creator="gpx.py -- https://github.com/tkrajina/gpxpy">
  <trk>
    <name>gpx from joyrun 1777295878</name>
    <trkseg>
      <trkpt lat="23.118078" lon="113.313166">
        <ele>5.8</ele>
        <time>2026-04-27T13:17:58Z</time>
        <extensions>
          <gpxtpx:TrackPointExtension></gpxtpx:TrackPointExtension>
        </extensions>
      </trkpt>
      <trkpt lat="23.118085" lon="113.313171">
        <ele>5.96</ele>
        <time>2026-04-27T13:18:03Z</time>
        <extensions>
          <gpxtpx:TrackPointExtension></gpxtpx:TrackPointExtension>
        </extensions>
      </trkpt>
      <trkpt lat="23.11807" lon="113.313152">
        <ele>5.97</ele>
        <time>2026-04-27T13:18:08Z</time>
        <extensions>
          <gpxtpx:TrackPointExtension></gpxtpx:TrackPointExtension>
        </extensions>
      </trkpt>
      <trkpt lat="23.117949" lon="113.313001">
        <ele>6.05</ele>
        <time>2026-04-27T13:18:13Z</time>
        <extensions>
          <gpxtpx:TrackPointExtension></gpxtpx:TrackPointExtension>
        </extensions>
      </trkpt>
      <trkpt lat="23.117969" lon="113.312858">
        <ele>5.83</ele>
        <time>2026-04-27T13:18:18Z</time>
        <extensions>
          <gpxtpx:TrackPointExtension></gpxtpx:TrackPointExtension>
        </extensions>
      </trkpt>
      <trkpt lat="23.117855" lon="113.312756">
        <ele>5.47</ele>
        <time>2026-04-27T13:18:23Z</time>
        <extensions>
          <gpxtpx:TrackPointExtension></gpxtpx:TrackPointExtension>
        </extensions>
      </trkpt>
      <trkpt lat="23.117612" lon="113.312999">
        <ele>5.32</ele>
        <time>2026-04-27T13:18:28Z</time>
        <extensions>
          <gpxtpx:TrackPointExtension></gpxtpx:TrackPointExtension>
        </extensions>
      </trkpt>
      <trkpt lat="23.117369" lon="113.313242">
        <ele>5.4</ele>
        <time>2026-04-27T13:18:33Z</time>
        <extensions>
          <gpxtpx:TrackPointExtension></gpxtpx:TrackPointExtension>
        </extensions>
      </trkpt>
      <trkpt lat="23.117126" lon="113.313485">
        <ele>5.39</ele>
        <time>2026-04-27T13:18:38Z</time>
        <extensions>
          <gpxtpx:TrackPointExtension></gpxtpx:TrackPointExtension>
        </extensions>
      </trkpt>
      <trkpt lat="23.117052" lon="113.313597">
        <ele>5.39</ele>
        <time>2026-04-27T13:18:43Z</time>
        <extensions>
          <gpxtpx:TrackPointExtension></gpxtpx:TrackPointExtension>
        </extensions>
      </trkpt>
      <trkpt lat="23.117024" lon="113.313725">
        <ele>5.33</ele>
        <time>2026-04-27T13:18:48Z</time>
        <extensions>
          <gpxtpx:TrackPointExtension></gpxtpx:TrackPointExtension>
        </extensions>
      </trkpt>
      <trkpt lat="23.117139" lon="113.313911">
        <ele>5.28</ele>
        <time>2026-04-27T13:18:53Z</time>
        <extensions>
          <gpxtpx:TrackPointExtension></gpxtpx:TrackPointExtension>
        </extensions>
      </trkpt>
      <trkpt lat="23.117148" lon="113.314003">
        <ele>5.26</ele>
        <time>2026-04-27T13:18:58Z</time>
        <extensions>
          <gpxtpx:TrackPointExtension></gpxtpx:TrackPointExtension>
        </extensions>
      </trkpt>
      <trkpt lat="23.117092" lon="113.314119">
        <ele>5.29</ele>
        <time>2026-04-27T13:19:03Z</time>
        <extensions>
          <gpxtpx:TrackPointExtension></gpxtpx:TrackPointExtension>
        </extensions>
      </trkpt>
      <trkpt lat="23.117112" lon="113.31427">
        <ele>5.31</ele>
        <time>2026-04-27T13:19:08Z</time>
        <extensions>
          <gpxtpx:TrackPointExtension></gpxtpx:TrackPointExtension>
        </extensions>
      </trkpt>
      <trkpt lat="23.117067" lon="113.314339">
        <ele>5.35</ele>
        <time>2026-04-27T13:19:13Z</time>
        <extensions>
          <gpxtpx:TrackPointExtension></gpxtpx:TrackPointExtension>
        </extensions>
      </trkpt>
      <trkpt lat="23.117094" lon="113.314465">
        <ele>5.36</ele>
        <time>2026-04-27T13:19:18Z</time>
        <extensions>
          <gpxtpx:TrackPointExtension></gpxtpx:TrackPointExtension>
        </extensions>
      </trkpt>
      <trkpt lat="23.117112" lon="113.314658">
        <ele>5.31</ele>
        <time>2026-04-27T13:19:23Z</time>
        <extensions>
          <gpxtpx:TrackPointExtension></gpxtpx:TrackPointExtension>
        </extensions>
      </trkpt>
      <trkpt lat="23.11706" lon="113.31481">
        <ele>5.31</ele>
        <time>2026-04-27T13:19:28Z</time>
        <extensions>
          <gpxtpx:TrackPointExtension></gpxtpx:TrackPointExtension>
        </extensions>
      </trkpt>
      <trkpt lat="23.11705" lon="113.31492">
        <ele>5.35</ele>
        <time>2026-04-27T13:19:33Z</time>
        <extensions>
          <gpxtpx:TrackPointExtension></gpxtpx:TrackPointExtension>
        </extensions>
      </trkpt>
      <trkpt lat="23.117" lon="113.315043">
        <ele>5.23</ele>
        <time>2026-04-27T13:19:38Z</time>
        <extensions>
          <gpxtpx:TrackPointExtension></gpxtpx:TrackPointExtension>
        </extensions>
      </trkpt>
      <trkpt lat="23.116974" lon="113.315191">
        <ele>5.11</ele>
        <time>2026-04-27T13:19:43Z</time>
        <extensions>
          <gpxtpx:TrackPointExtension></gpxtpx:TrackPointExtension>
        </extensions>
      </trkpt>
      <trkpt lat="23.116973" lon="113.315316">
        <ele>4.82</ele>
        <time>2026-04-27T13:19:48Z</time>
        <extensions>
          <gpxtpx:TrackPointExtension></gpxtpx:TrackPointExtension>
        </extensions>
      </trkpt>
      <trkpt lat="23.116892" lon="113.315422">
        <ele>4.98</ele>
        <time>2026-04-27T13:19:53Z</time>
        <extensions>
          <gpxtpx:TrackPointExtension></gpxtpx:TrackPointExtension>
        </extensions>
      </trkpt>
      <trkpt lat="23.11684" lon="113.315526">
        <ele>5.28</ele>
        <time>2026-04-27T13:19:58Z</time>
        <extensions>
          <gpxtpx:TrackPointExtension></gpxtpx:TrackPointExtension>
        </extensions>
      </trkpt>
      <trkpt lat="23.116866" lon="113.315699">
        <ele>5.36</ele>
        <time>2026-04-27T13:20:03Z</time>
        <extensions>
          <gpxtpx:TrackPointExtension></gpxtpx:TrackPointExtension>
        </extensions>
      </trkpt>
      <trkpt lat="23.11689" lon="113.315867">
        <ele>5.23</ele>
        <time>2026-04-27T13:20:08Z</time>
        <extensions>
          <gpxtpx:TrackPointExtension></gpxtpx:TrackPointExtension>
        </extensions>
      </trkpt>
      <trkpt lat="23.116948" lon="113.316019">
        <ele>5.21</ele>
        <time>2026-04-27T13:20:13Z</time>
        <extensions>
          <gpxtpx:TrackPointExtension></gpxtpx:TrackPointExtension>
        </extensions>
      </trkpt>
      <trkpt lat="23.116989" lon="113.316143">
        <ele>5.54</ele>
        <time>2026-04-27T13:20:18Z</time>
        <extensions>
          <gpxtpx:TrackPointExtension></gpxtpx:TrackPointExtension>
        </extensions>
      </trkpt>
      <trkpt lat="23.116984" lon="113.316257">
        <ele>5.85</ele>
        <time>2026-04-27T13:20:23Z</time>
        <extensions>
          <gpxtpx:TrackPointExtension></gpxtpx:TrackPointExtension>
        </extensions>
      </trkpt>
      <trkpt lat="23.116993" lon="113.316382">
        <ele>5.92</ele>
        <time>2026-04-27T13:20:28Z</time>
        <extensions>
          <gpxtpx:TrackPointExtension></gpxtpx:TrackPointExtension>
        </extensions>
      </trkpt>
      <trkpt lat="23.116986" lon="113.316552">
        <ele>6.07</ele>
        <time>2026-04-27T13:20:33Z</time>
        <extensions>
          <gpxtpx:TrackPointExtension></gpxtpx:TrackPointExtension>
        </extensions>
      </trkpt>
      <trkpt lat="23.116973" lon="113.316659">
        <ele>6.12</ele>
        <time>2026-04-27T13:20:38Z</time>
        <extensions>
          <gpxtpx:TrackPointExtension></gpxtpx:TrackPointExtension>
        </extensions>
      </trkpt>
      <trkpt lat="23.116965" lon="113.316778">
        <ele>6.01</ele>
        <time>2026-04-27T13:20:43Z</time>
        <extensions>
          <gpxtpx:TrackPointExtension></gpxtpx:TrackPointExtension>
        </extensions>
      </trkpt>
      <trkpt lat="23.116968" lon="113.316913">
        <ele>6.04</ele>
        <time>2026-04-27T13:20:48Z</time>
        <extensions>
          <gpxtpx:TrackPointExtension></gpxtpx:TrackPointExtension>
        </extensions>
      </trkpt>
      <trkpt lat="23.116945" lon="113.317038">
        <ele>6.06</ele>
        <time>2026-04-27T13:20:53Z</time>
        <extensions>
          <gpxtpx:TrackPointExtension></gpxtpx:TrackPointExtension>
        </extensions>
      </trkpt>
      <trkpt lat="23.116956" lon="113.317193">
        <ele>6.12</ele>
        <time>2026-04-27T13:20:58Z</time>
        <extensions>
          <gpxtpx:TrackPointExtension></gpxtpx:TrackPointExtension>
        </extensions>
      </trkpt>
      <trkpt lat="23.116965" lon="113.317314">
        <ele>6.1</ele>
        <time>2026-04-27T13:21:03Z</time>
        <extensions>
          <gpxtpx:TrackPointExtension></gpxtpx:TrackPointExtension>
        </extensions>
      </trkpt>
      <trkpt lat="23.116983" lon="113.317437">
        <ele>6.36</ele>
        <time>2026-04-27T13:21:08Z</time>
        <extensions>
          <gpxtpx:TrackPointExtension></gpxtpx:TrackPointExtension>
        </extensions>
      </trkpt>
      <trkpt lat="23.116972" lon="113.317549">
        <ele>6.56</ele>
        <time>2026-04-27T13:21:13Z</time>
        <extensions>
          <gpxtpx:TrackPointExtension></gpxtpx:TrackPointExtension>
        </extensions>
      </trkpt>
      <trkpt lat="23.116954" lon="113.317694">
        <ele>6.74</ele>
        <time>2026-04-27T13:21:18Z</time>
        <extensions>
          <gpxtpx:TrackPointExtension></gpxtpx:TrackPointExtension>
        </extensions>
      </trkpt>
      <trkpt lat="23.116946" lon="113.317828">
        <ele>6.76</ele>
        <time>2026-04-27T13:21:23Z</time>
        <extensions>
          <gpxtpx:TrackPointExtension></gpxtpx:TrackPointExtension>
        </extensions>
      </trkpt>
      <trkpt lat="23.11693" lon="113.317968">
        <ele>6.84</ele>
        <time>2026-04-27T13:21:28Z</time>
        <extensions>
          <gpxtpx:TrackPointExtension></gpxtpx:TrackPointExtension>
        </extensions>
      </trkpt>
      <trkpt lat="23.116915" lon="113.318105">
        <ele>6.88</ele>
        <time>2026-04-27T13:21:33Z</time>
        <extensions>
          <gpxtpx:TrackPointExtension></gpxtpx:TrackPointExtension>
        </extensions>
      </trkpt>
      <trkpt lat="23.116899" lon="113.318241">
        <ele>6.99</ele>
        <time>2026-04-27T13:21:38Z</time>
        <extensions>
          <gpxtpx:TrackPointExtension></gpxtpx:TrackPointExtension>
        </extensions>
      </trkpt>
      <trkpt lat="23.116873" lon="113.318381">
        <ele>7.06</ele>
        <time>2026-04-27T13:21:43Z</time>
        <extensions>
          <gpxtpx:TrackPointExtension></gpxtpx:TrackPointExtension>
        </extensions>
      </trkpt>
      <trkpt lat="23.116841" lon="113.318512">
        <ele>7.1</ele>
        <time>2026-04-27T13:21:48Z</time>
        <extensions>
          <gpxtpx:TrackPointExtension></gpxtpx:TrackPointExtension>
        </extensions>
      </trkpt>
      <trkpt lat="23.116814" lon="113.318645">
        <ele>7.15</ele>
        <time>2026-04-27T13:21:53Z</time>
        <extensions>
          <gpxtpx:TrackPointExtension></gpxtpx:TrackPointExtension>
        </extensions>
      </trkpt>
      <trkpt lat="23.116793" lon="113.318758">
        <ele>7.38</ele>
        <time>2026-04-27T13:21:58Z</time>
        <extensions>
          <gpxtpx:TrackPointExtension></gpxtpx:TrackPointExtension>
        </extensions>
      </trkpt>
      <trkpt lat="23.116781" lon="113.318857">
        <ele>7.57</ele>
        <time>2026-04-27T13:22:03Z</time>
        <extensions>
          <gpxtpx:TrackPointExtension></gpxtpx:TrackPointExtension>
        </extensions>
      </trkpt>
      <trkpt lat="23.116676" lon="113.318907">
        <ele>7.56</ele>
        <time>2026-04-27T13:22:08Z</time>
        <extensions>
          <gpxtpx:TrackPointExtension></gpxtpx:TrackPointExtension>
        </extensions>
      </trkpt>
      <trkpt lat="23.116519" lon="113.318893">
        <ele>7.71</ele>
        <time>2026-04-27T13:22:13Z</time>
        <extensions>
          <gpxtpx:TrackPointExtension></gpxtpx:TrackPointExtension>
        </extensions>
      </trkpt>
      <trkpt lat="23.116391" lon="113.318914">
        <ele>7.85</ele>
        <time>2026-04-27T13:22:18Z</time>
        <extensions>
          <gpxtpx:TrackPointExtension></gpxtpx:TrackPointExtension>
        </extensions>
      </trkpt>
      <trkpt lat="23.116271" lon="113.318934">
        <ele>7.79</ele>
        <time>2026-04-27T13:22:23Z</time>
        <extensions>
          <gpxtpx:TrackPointExtension></gpxtpx:TrackPointExtension>
        </extensions>
      </trkpt>
      <trkpt lat="23.116128" lon="113.31896">
        <ele>7.83</ele>
        <time>2026-04-27T13:22:28Z</time>
        <extensions>
          <gpxtpx:TrackPointExtension></gpxtpx:TrackPointExtension>
        </extensions>
      </trkpt>
      <trkpt lat="23.116012" lon="113.318965">
        <ele>7.83</ele>
        <time>2026-04-27T13:22:33Z</time>
        <extensions>
          <gpxtpx:TrackPointExtension></gpxtpx:TrackPointExtension>
        </extensions>
      </trkpt>
      <trkpt lat="23.115896" lon="113.318999">
        <ele>7.72</ele>
        <time>2026-04-27T13:22:38Z</time>
        <extensions>
          <gpxtpx:TrackPointExtension></gpxtpx:TrackPointExtension>
        </extensions>
      </trkpt>
      <trkpt lat="23.115773" lon="113.319039">
        <ele>7.65</ele>
        <time>2026-04-27T13:22:43Z</time>
        <extensions>
          <gpxtpx:TrackPointExtension></gpxtpx:TrackPointExtension>
        </extensions>
      </trkpt>
      <trkpt lat="23.115706" lon="113.319147">
        <ele>7.76</ele>
        <time>2026-04-27T13:22:48Z</time>
        <extensions>
          <gpxtpx:TrackPointExtension></gpxtpx:TrackPointExtension>
        </extensions>
      </trkpt>
      <trkpt lat="23.115728" lon="113.319275">
        <ele>7.48</ele>
        <time>2026-04-27T13:22:53Z</time>
        <extensions>
          <gpxtpx:TrackPointExtension></gpxtpx:TrackPointExtension>
        </extensions>
      </trkpt>
      <trkpt lat="23.115774" lon="113.319408">
        <ele>7.55</ele>
        <time>2026-04-27T13:22:58Z</time>
        <extensions>
          <gpxtpx:TrackPointExtension></gpxtpx:TrackPointExtension>
        </extensions>
      </trkpt>
      <trkpt lat="23.115842" lon="113.319478">
        <ele>7.67</ele>
        <time>2026-04-27T13:23:03Z</time>
        <extensions>
          <gpxtpx:TrackPointExtension></gpxtpx:TrackPointExtension>
        </extensions>
      </trkpt>
      <trkpt lat="23.11589" lon="113.319594">
        <ele>7.64</ele>
        <time>2026-04-27T13:23:08Z</time>
        <extensions>
          <gpxtpx:TrackPointExtension></gpxtpx:TrackPointExtension>
        </extensions>
      </trkpt>
      <trkpt lat="23.115951" lon="113.319746">
        <ele>7.42</ele>
        <time>2026-04-27T13:23:13Z</time>
        <extensions>
          <gpxtpx:TrackPointExtension></gpxtpx:TrackPointExtension>
        </extensions>
      </trkpt>
      <trkpt lat="23.116009" lon="113.319867">
        <ele>7.41</ele>
        <time>2026-04-27T13:23:18Z</time>
        <extensions>
          <gpxtpx:TrackPointExtension></gpxtpx:TrackPointExtension>
        </extensions>
      </trkpt>
      <trkpt lat="23.116059" lon="113.320003">
        <ele>7.49</ele>
        <time>2026-04-27T13:23:23Z</time>
        <extensions>
          <gpxtpx:TrackPointExtension></gpxtpx:TrackPointExtension>
        </extensions>
      </trkpt>
      <trkpt lat="23.116056" lon="113.320138">
        <ele>7.29</ele>
        <time>2026-04-27T13:23:28Z</time>
        <extensions>
          <gpxtpx:TrackPointExtension></gpxtpx:TrackPointExtension>
        </extensions>
      </trkpt>
      <trkpt lat="23.116068" lon="113.32025">
        <ele>7.23</ele>
        <time>2026-04-27T13:23:33Z</time>
        <extensions>
          <gpxtpx:TrackPointExtension></gpxtpx:TrackPointExtension>
        </extensions>
      </trkpt>
      <trkpt lat="23.116064" lon="113.320375">
        <ele>7.29</ele>
        <time>2026-04-27T13:23:38Z</time>
        <extensions>
          <gpxtpx:TrackPointExtension></gpxtpx:TrackPointExtension>
        </extensions>
      </trkpt>
      <trkpt lat="23.116038" lon="113.320538">
        <ele>7.36</ele>
        <time>2026-04-27T13:23:43Z</time>
        <extensions>
          <gpxtpx:TrackPointExtension></gpxtpx:TrackPointExtension>
        </extensions>
      </trkpt>
      <trkpt lat="23.116022" lon="113.320649">
        <ele>7.4</ele>
        <time>2026-04-27T13:23:48Z</time>
        <extensions>
          <gpxtpx:TrackPointExtension></gpxtpx:TrackPointExtension>
        </extensions>
      </trkpt>
      <trkpt lat="23.116006" lon="113.320765">
        <ele>7.33</ele>
        <time>2026-04-27T13:23:53Z</time>
        <extensions>
          <gpxtpx:TrackPointExtension></gpxtpx:TrackPointExtension>
        </extensions>
      </trkpt>
      <trkpt lat="23.115991" lon="113.320914">
        <ele>7.22</ele>
        <time>2026-04-27T13:23:58Z</time>
        <extensions>
          <gpxtpx:TrackPointExtension></gpxtpx:TrackPointExtension>
        </extensions>
      </trkpt>
      <trkpt lat="23.115993" lon="113.321032">
        <ele>7.17</ele>
        <time>2026-04-27T13:24:03Z</time>
        <extensions>
          <gpxtpx:TrackPointExtension></gpxtpx:TrackPointExtension>
        </extensions>
      </trkpt>
      <trkpt lat="23.116001" lon="113.321157">
        <ele>7.15</ele>
        <time>2026-04-27T13:24:08Z</time>
        <extensions>
          <gpxtpx:TrackPointExtension></gpxtpx:TrackPointExtension>
        </extensions>
      </trkpt>
      <trkpt lat="23.115994" lon="113.321313">
        <ele>7.05</ele>
        <time>2026-04-27T13:24:13Z</time>
        <extensions>
          <gpxtpx:TrackPointExtension></gpxtpx:TrackPointExtension>
        </extensions>
      </trkpt>
      <trkpt lat="23.116002" lon="113.321433">
        <ele>6.79</ele>
        <time>2026-04-27T13:24:18Z</time>
        <extensions>
          <gpxtpx:TrackPointExtension></gpxtpx:TrackPointExtension>
        </extensions>
      </trkpt>
      <trkpt lat="23.115992" lon="113.321551">
        <ele>6.8</ele>
        <time>2026-04-27T13:24:23Z</time>
        <extensions>
          <gpxtpx:TrackPointExtension></gpxtpx:TrackPointExtension>
        </extensions>
      </trkpt>
      <trkpt lat="23.115995" lon="113.321687">
        <ele>6.87</ele>
        <time>2026-04-27T13:24:28Z</time>
        <extensions>
          <gpxtpx:TrackPointExtension></gpxtpx:TrackPointExtension>
        </extensions>
      </trkpt>
      <trkpt lat="23.115989" lon="113.32182">
        <ele>6.91</ele>
        <time>2026-04-27T13:24:33Z</time>
        <extensions>
          <gpxtpx:TrackPointExtension></gpxtpx:TrackPointExtension>
        </extensions>
      </trkpt>
      <trkpt lat="23.115986" lon="113.321947">
        <ele>7.02</ele>
        <time>2026-04-27T13:24:38Z</time>
        <extensions>
          <gpxtpx:TrackPointExtension></gpxtpx:TrackPointExtension>
        </extensions>
      </trkpt>
      <trkpt lat="23.115994" lon="113.32206">
        <ele>7.16</ele>
        <time>2026-04-27T13:24:43Z</time>
        <extensions>
          <gpxtpx:TrackPointExtension></gpxtpx:TrackPointExtension>
        </extensions>
      </trkpt>
      <trkpt lat="23.115953" lon="113.322226">
        <ele>7.1</ele>
        <time>2026-04-27T13:24:48Z</time>
        <extensions>
          <gpxtpx:TrackPointExtension></gpxtpx:TrackPointExtension>
        </extensions>
      </trkpt>
      <trkpt lat="23.115941" lon="113.322395">
        <ele>7.12</ele>
        <time>2026-04-27T13:24:53Z</time>
        <extensions>
          <gpxtpx:TrackPointExtension></gpxtpx:TrackPointExtension>
        </extensions>
      </trkpt>
      <trkpt lat="23.115936" lon="113.322522">
        <ele>7.09</ele>
        <time>2026-04-27T13:24:58Z</time>
        <extensions>
          <gpxtpx:TrackPointExtension></gpxtpx:TrackPointExtension>
        </extensions>
      </trkpt>
      <trkpt lat="23.115939" lon="113.322646">
        <ele>6.96</ele>
        <time>2026-04-27T13:25:03Z</time>
        <extensions>
          <gpxtpx:TrackPointExtension></gpxtpx:TrackPointExtension>
        </extensions>
      </trkpt>
      <trkpt lat="23.115936" lon="113.322777">
        <ele>6.9</ele>
        <time>2026-04-27T13:25:08Z</time>
        <extensions>
          <gpxtpx:TrackPointExtension></gpxtpx:TrackPointExtension>
        </extensions>
      </trkpt>
      <trkpt lat="23.115927" lon="113.322917">
        <ele>6.89</ele>
        <time>2026-04-27T13:25:13Z</time>
        <extensions>
          <gpxtpx:TrackPointExtension></gpxtpx:TrackPointExtension>
        </extensions>
      </trkpt>
      <trkpt lat="23.115916" lon="113.323053">
        <ele>6.87</ele>
        <time>2026-04-27T13:25:18Z</time>
        <extensions>
          <gpxtpx:TrackPointExtension></gpxtpx:TrackPointExtension>
        </extensions>
      </trkpt>
      <trkpt lat="23.115896" lon="113.323199">
        <ele>6.82</ele>
        <time>2026-04-27T13:25:23Z</time>
        <extensions>
          <gpxtpx:TrackPointExtension></gpxtpx:TrackPointExtension>
        </extensions>
      </trkpt>
      <trkpt lat="23.11591" lon="113.323338">
        <ele>6.75</ele>
        <time>2026-04-27T13:25:28Z</time>
        <extensions>
          <gpxtpx:TrackPointExtension></gpxtpx:TrackPointExtension>
        </extensions>
      </trkpt>
      <trkpt lat="23.115886" lon="113.323443">
        <ele>6.72</ele>
        <time>2026-04-27T13:25:33Z</time>
        <extensions>
          <gpxtpx:TrackPointExtension></gpxtpx:TrackPointExtension>
        </extensions>
      </trkpt>
      <trkpt lat="23.115889" lon="113.323565">
        <ele>6.8</ele>
        <time>2026-04-27T13:25:38Z</time>
        <extensions>
          <gpxtpx:TrackPointExtension></gpxtpx:TrackPointExtension>
        </extensions>
      </trkpt>
      <trkpt lat="23.115884" lon="113.323691">
        <ele>6.91</ele>
        <time>2026-04-27T13:25:43Z</time>
        <extensions>
          <gpxtpx:TrackPointExtension></gpxtpx:TrackPointExtension>
        </extensions>
      </trkpt>
      <trkpt lat="23.115882" lon="113.323823">
        <ele>6.98</ele>
        <time>2026-04-27T13:25:48Z</time>
        <extensions>
          <gpxtpx:TrackPointExtension></gpxtpx:TrackPointExtension>
        </extensions>
      </trkpt>
      <trkpt lat="23.115892" lon="113.323931">
        <ele>6.99</ele>
        <time>2026-04-27T13:25:53Z</time>
        <extensions>
          <gpxtpx:TrackPointExtension></gpxtpx:TrackPointExtension>
        </extensions>
      </trkpt>
      <trkpt lat="23.115853" lon="113.323976">
        <ele>6.94</ele>
        <time>2026-04-27T13:25:58Z</time>
        <extensions>
          <gpxtpx:TrackPointExtension></gpxtpx:TrackPointExtension>
        </extensions>
      </trkpt>
      <trkpt lat="23.115864" lon="113.32405">
        <ele>6.91</ele>
        <time>2026-04-27T13:26:03Z</time>
        <extensions>
          <gpxtpx:TrackPointExtension></gpxtpx:TrackPointExtension>
        </extensions>
      </trkpt>
      <trkpt lat="23.115891" lon="113.324197">
        <ele>6.93</ele>
        <time>2026-04-27T13:26:08Z</time>
        <extensions>
          <gpxtpx:TrackPointExtension></gpxtpx:TrackPointExtension>
        </extensions>
      </trkpt>
      <trkpt lat="23.115899" lon="113.324356">
        <ele>7.08</ele>
        <time>2026-04-27T13:26:13Z</time>
        <extensions>
          <gpxtpx:TrackPointExtension></gpxtpx:TrackPointExtension>
        </extensions>
      </trkpt>
      <trkpt lat="23.115896" lon="113.324544">
        <ele>7.25</ele>
        <time>2026-04-27T13:26:18Z</time>
        <extensions>
          <gpxtpx:TrackPointExtension></gpxtpx:TrackPointExtension>
        </extensions>
      </trkpt>
      <trkpt lat="23.115892" lon="113.324697">
        <ele>7.24</ele>
        <time>2026-04-27T13:26:23Z</time>
        <extensions>
          <gpxtpx:TrackPointExtension></gpxtpx:TrackPointExtension>
        </extensions>
      </trkpt>
      <trkpt lat="23.115893" lon="113.324845">
        <ele>7.27</ele>
        <time>2026-04-27T13:26:28Z</time>
        <extensions>
          <gpxtpx:TrackPointExtension></gpxtpx:TrackPointExtension>
        </extensions>
      </trkpt>
      <trkpt lat="23.115881" lon="113.324994">
        <ele>7.26</ele>
        <time>2026-04-27T13:26:33Z</time>
        <extensions>
          <gpxtpx:TrackPointExtension></gpxtpx:TrackPointExtension>
        </extensions>
      </trkpt>
      <trkpt lat="23.115864" lon="113.32513">
        <ele>7.22</ele>
        <time>2026-04-27T13:26:38Z</time>
        <extensions>
          <gpxtpx:TrackPointExtension></gpxtpx:TrackPointExtension>
        </extensions>
      </trkpt>
      <trkpt lat="23.115842" lon="113.325253">
        <ele>7.29</ele>
        <time>2026-04-27T13:26:43Z</time>
        <extensions>
          <gpxtpx:TrackPointExtension></gpxtpx:TrackPointExtension>
        </extensions>
      </trkpt>
      <trkpt lat="23.115826" lon="113.32537">
        <ele>7.29</ele>
        <time>2026-04-27T13:26:48Z</time>
        <extensions>
          <gpxtpx:TrackPointExtension></gpxtpx:TrackPointExtension>
        </extensions>
      </trkpt>
      <trkpt lat="23.115803" lon="113.325478">
        <ele>7.3</ele>
        <time>2026-04-27T13:26:53Z</time>
        <extensions>
          <gpxtpx:TrackPointExtension></gpxtpx:TrackPointExtension>
        </extensions>
      </trkpt>
      <trkpt lat="23.115783" lon="113.325617">
        <ele>7.16</ele>
        <time>2026-04-27T13:26:58Z</time>
        <extensions>
          <gpxtpx:TrackPointExtension></gpxtpx:TrackPointExtension>
        </extensions>
      </trkpt>
      <trkpt lat="23.115796" lon="113.325737">
        <ele>7.03</ele>
        <time>2026-04-27T13:27:03Z</time>
        <extensions>
          <gpxtpx:TrackPointExtension></gpxtpx:TrackPointExtension>
        </extensions>
      </trkpt>
      <trkpt lat="23.115785" lon="113.325838">
        <ele>6.89</ele>
        <time>2026-04-27T13:27:08Z</time>
        <extensions>
          <gpxtpx:TrackPointExtension></gpxtpx:TrackPointExtension>
        </extensions>
      </trkpt>
      <trkpt lat="23.115771" lon="113.325934">
        <ele>6.86</ele>
        <time>2026-04-27T13:27:13Z</time>
        <extensions>
          <gpxtpx:TrackPointExtension></gpxtpx:TrackPointExtension>
        </extensions>
      </trkpt>
      <trkpt lat="23.115749" lon="113.326053">
        <ele>6.72</ele>
        <time>2026-04-27T13:27:18Z</time>
        <extensions>
          <gpxtpx:TrackPointExtension></gpxtpx:TrackPointExtension>
        </extensions>
      </trkpt>
      <trkpt lat="23.115747" lon="113.326185">
        <ele>6.68</ele>
        <time>2026-04-27T13:27:23Z</time>
        <extensions>
          <gpxtpx:TrackPointExtension></gpxtpx:TrackPointExtension>
        </extensions>
      </trkpt>
      <trkpt lat="23.115723" lon="113.326298">
        <ele>6.68</ele>
        <time>2026-04-27T13:27:28Z</time>
        <extensions>
          <gpxtpx:TrackPointExtension></gpxtpx:TrackPointExtension>
        </extensions>
      </trkpt>
      <trkpt lat="23.115721" lon="113.326412">
        <ele>6.81</ele>
        <time>2026-04-27T13:27:33Z</time>
        <extensions>
          <gpxtpx:TrackPointExtension></gpxtpx:TrackPointExtension>
        </extensions>
      </trkpt>
      <trkpt lat="23.115686" lon="113.32652">
        <ele>6.74</ele>
        <time>2026-04-27T13:27:38Z</time>
        <extensions>
          <gpxtpx:TrackPointExtension></gpxtpx:TrackPointExtension>
        </extensions>
      </trkpt>
      <trkpt lat="23.115641" lon="113.326637">
        <ele>6.75</ele>
        <time>2026-04-27T13:27:43Z</time>
        <extensions>
          <gpxtpx:TrackPointExtension></gpxtpx:TrackPointExtension>
        </extensions>
      </trkpt>
      <trkpt lat="23.115653" lon="113.326843">
        <ele>6.8</ele>
        <time>2026-04-27T13:27:48Z</time>
        <extensions>
          <gpxtpx:TrackPointExtension></gpxtpx:TrackPointExtension>
        </extensions>
      </trkpt>
      <trkpt lat="23.115617" lon="113.326947">
        <ele>6.8</ele>
        <time>2026-04-27T13:27:53Z</time>
        <extensions>
          <gpxtpx:TrackPointExtension></gpxtpx:TrackPointExtension>
        </extensions>
      </trkpt>
      <trkpt lat="23.115565" lon="113.327096">
        <ele>6.88</ele>
        <time>2026-04-27T13:27:58Z</time>
        <extensions>
          <gpxtpx:TrackPointExtension></gpxtpx:TrackPointExtension>
        </extensions>
      </trkpt>
      <trkpt lat="23.115558" lon="113.327219">
        <ele>6.95</ele>
        <time>2026-04-27T13:28:03Z</time>
        <extensions>
          <gpxtpx:TrackPointExtension></gpxtpx:TrackPointExtension>
        </extensions>
      </trkpt>
      <trkpt lat="23.115532" lon="113.327375">
        <ele>7.03</ele>
        <time>2026-04-27T13:28:08Z</time>
        <extensions>
          <gpxtpx:TrackPointExtension></gpxtpx:TrackPointExtension>
        </extensions>
      </trkpt>
      <trkpt lat="23.115491" lon="113.327513">
        <ele>7.0</ele>
        <time>2026-04-27T13:28:13Z</time>
        <extensions>
          <gpxtpx:TrackPointExtension></gpxtpx:TrackPointExtension>
        </extensions>
      </trkpt>
      <trkpt lat="23.115482" lon="113.327639">
        <ele>6.96</ele>
        <time>2026-04-27T13:28:18Z</time>
        <extensions>
          <gpxtpx:TrackPointExtension></gpxtpx:TrackPointExtension>
        </extensions>
      </trkpt>
      <trkpt lat="23.11546" lon="113.327784">
        <ele>6.96</ele>
        <time>2026-04-27T13:28:23Z</time>
        <extensions>
          <gpxtpx:TrackPointExtension></gpxtpx:TrackPointExtension>
        </extensions>
      </trkpt>
      <trkpt lat="23.115443" lon="113.3279">
        <ele>6.94</ele>
        <time>2026-04-27T13:28:28Z</time>
        <extensions>
          <gpxtpx:TrackPointExtension></gpxtpx:TrackPointExtension>
        </extensions>
      </trkpt>
      <trkpt lat="23.115391" lon="113.327998">
        <ele>7.05</ele>
        <time>2026-04-27T13:28:33Z</time>
        <extensions>
          <gpxtpx:TrackPointExtension></gpxtpx:TrackPointExtension>
        </extensions>
      </trkpt>
      <trkpt lat="23.115338" lon="113.328091">
        <ele>7.12</ele>
        <time>2026-04-27T13:28:38Z</time>
        <extensions>
          <gpxtpx:TrackPointExtension></gpxtpx:TrackPointExtension>
        </extensions>
      </trkpt>
      <trkpt lat="23.115312" lon="113.328226">
        <ele>7.18</ele>
        <time>2026-04-27T13:28:43Z</time>
        <extensions>
          <gpxtpx:TrackPointExtension></gpxtpx:TrackPointExtension>
        </extensions>
      </trkpt>
      <trkpt lat="23.115297" lon="113.32835">
        <ele>7.21</ele>
        <time>2026-04-27T13:28:48Z</time>
        <extensions>
          <gpxtpx:TrackPointExtension></gpxtpx:TrackPointExtension>
        </extensions>
      </trkpt>
      <trkpt lat="23.115314" lon="113.32848">
        <ele>7.12</ele>
        <time>2026-04-27T13:28:53Z</time>
        <extensions>
          <gpxtpx:TrackPointExtension></gpxtpx:TrackPointExtension>
        </extensions>
      </trkpt>
      <trkpt lat="23.115315" lon="113.328629">
        <ele>7.17</ele>
        <time>2026-04-27T13:28:58Z</time>
        <extensions>
          <gpxtpx:TrackPointExtension></gpxtpx:TrackPointExtension>
        </extensions>
      </trkpt>
      <trkpt lat="23.115208" lon="113.328759">
        <ele>7.25</ele>
        <time>2026-04-27T13:29:03Z</time>
        <extensions>
          <gpxtpx:TrackPointExtension></gpxtpx:TrackPointExtension>
        </extensions>
      </trkpt>
      <trkpt lat="23.115105" lon="113.328769">
        <ele>7.23</ele>
        <time>2026-04-27T13:29:08Z</time>
        <extensions>
          <gpxtpx:TrackPointExtension></gpxtpx:TrackPointExtension>
        </extensions>
      </trkpt>
      <trkpt lat="23.115006" lon="113.328787">
        <ele>7.1</ele>
        <time>2026-04-27T13:29:13Z</time>
        <extensions>
          <gpxtpx:TrackPointExtension></gpxtpx:TrackPointExtension>
        </extensions>
      </trkpt>
      <trkpt lat="23.114878" lon="113.328789">
        <ele>7.05</ele>
        <time>2026-04-27T13:29:18Z</time>
        <extensions>
          <gpxtpx:TrackPointExtension></gpxtpx:TrackPointExtension>
        </extensions>
      </trkpt>
      <trkpt lat="23.114725" lon="113.328789">
        <ele>6.94</ele>
        <time>2026-04-27T13:29:23Z</time>
        <extensions>
          <gpxtpx:TrackPointExtension></gpxtpx:TrackPointExtension>
        </extensions>
      </trkpt>
      <trkpt lat="23.114593" lon="113.328799">
        <ele>7.01</ele>
        <time>2026-04-27T13:29:28Z</time>
        <extensions>
          <gpxtpx:TrackPointExtension></gpxtpx:TrackPointExtension>
        </extensions>
      </trkpt>
      <trkpt lat="23.114535" lon="113.328918">
        <ele>6.97</ele>
        <time>2026-04-27T13:29:33Z</time>
        <extensions>
          <gpxtpx:TrackPointExtension></gpxtpx:TrackPointExtension>
        </extensions>
      </trkpt>
      <trkpt lat="23.114491" lon="113.329048">
        <ele>7.01</ele>
        <time>2026-04-27T13:29:38Z</time>
        <extensions>
          <gpxtpx:TrackPointExtension></gpxtpx:TrackPointExtension>
        </extensions>
      </trkpt>
      <trkpt lat="23.11448" lon="113.329159">
        <ele>7.0</ele>
        <time>2026-04-27T13:29:43Z</time>
        <extensions>
          <gpxtpx:TrackPointExtension></gpxtpx:TrackPointExtension>
        </extensions>
      </trkpt>
      <trkpt lat="23.114452" lon="113.329293">
        <ele>6.98</ele>
        <time>2026-04-27T13:29:48Z</time>
        <extensions>
          <gpxtpx:TrackPointExtension></gpxtpx:TrackPointExtension>
        </extensions>
      </trkpt>
      <trkpt lat="23.114438" lon="113.329417">
        <ele>6.97</ele>
        <time>2026-04-27T13:29:53Z</time>
        <extensions>
          <gpxtpx:TrackPointExtension></gpxtpx:TrackPointExtension>
        </extensions>
      </trkpt>
      <trkpt lat="23.114417" lon="113.329567">
        <ele>6.94</ele>
        <time>2026-04-27T13:29:58Z</time>
        <extensions>
          <gpxtpx:TrackPointExtension></gpxtpx:TrackPointExtension>
        </extensions>
      </trkpt>
      <trkpt lat="23.114404" lon="113.329683">
        <ele>6.96</ele>
        <time>2026-04-27T13:30:03Z</time>
        <extensions>
          <gpxtpx:TrackPointExtension></gpxtpx:TrackPointExtension>
        </extensions>
      </trkpt>
      <trkpt lat="23.114374" lon="113.329807">
        <ele>6.99</ele>
        <time>2026-04-27T13:30:08Z</time>
        <extensions>
          <gpxtpx:TrackPointExtension></gpxtpx:TrackPointExtension>
        </extensions>
      </trkpt>
      <trkpt lat="23.114366" lon="113.329942">
        <ele>7.03</ele>
        <time>2026-04-27T13:30:13Z</time>
        <extensions>
          <gpxtpx:TrackPointExtension></gpxtpx:TrackPointExtension>
        </extensions>
      </trkpt>
      <trkpt lat="23.114355" lon="113.330092">
        <ele>7.06</ele>
        <time>2026-04-27T13:30:18Z</time>
        <extensions>
          <gpxtpx:TrackPointExtension></gpxtpx:TrackPointExtension>
        </extensions>
      </trkpt>
      <trkpt lat="23.114356" lon="113.33023">
        <ele>7.03</ele>
        <time>2026-04-27T13:30:23Z</time>
        <extensions>
          <gpxtpx:TrackPointExtension></gpxtpx:TrackPointExtension>
        </extensions>
      </trkpt>
      <trkpt lat="23.114347" lon="113.330337">
        <ele>6.98</ele>
        <time>2026-04-27T13:30:28Z</time>
        <extensions>
          <gpxtpx:TrackPointExtension></gpxtpx:TrackPointExtension>
        </extensions>
      </trkpt>
      <trkpt lat="23.114343" lon="113.330482">
        <ele>6.98</ele>
        <time>2026-04-27T13:30:33Z</time>
        <extensions>
          <gpxtpx:TrackPointExtension></gpxtpx:TrackPointExtension>
        </extensions>
      </trkpt>
      <trkpt lat="23.114333" lon="113.330614">
        <ele>6.96</ele>
        <time>2026-04-27T13:30:38Z</time>
        <extensions>
          <gpxtpx:TrackPointExtension></gpxtpx:TrackPointExtension>
        </extensions>
      </trkpt>
      <trkpt lat="23.114334" lon="113.330753">
        <ele>6.92</ele>
        <time>2026-04-27T13:30:43Z</time>
        <extensions>
          <gpxtpx:TrackPointExtension></gpxtpx:TrackPointExtension>
        </extensions>
      </trkpt>
      <trkpt lat="23.11434" lon="113.330883">
        <ele>6.93</ele>
        <time>2026-04-27T13:30:48Z</time>
        <extensions>
          <gpxtpx:TrackPointExtension></gpxtpx:TrackPointExtension>
        </extensions>
      </trkpt>
      <trkpt lat="23.114334" lon="113.330998">
        <ele>6.96</ele>
        <time>2026-04-27T13:30:53Z</time>
        <extensions>
          <gpxtpx:TrackPointExtension></gpxtpx:TrackPointExtension>
        </extensions>
      </trkpt>
      <trkpt lat="23.114328" lon="113.331137">
        <ele>7.0</ele>
        <time>2026-04-27T13:30:58Z</time>
        <extensions>
          <gpxtpx:TrackPointExtension></gpxtpx:TrackPointExtension>
        </extensions>
      </trkpt>
      <trkpt lat="23.114318" lon="113.331219">
        <ele>6.92</ele>
        <time>2026-04-27T13:31:03Z</time>
        <extensions>
          <gpxtpx:TrackPointExtension></gpxtpx:TrackPointExtension>
        </extensions>
      </trkpt>
      <trkpt lat="23.114333" lon="113.331286">
        <ele>6.95</ele>
        <time>2026-04-27T13:31:08Z</time>
        <extensions>
          <gpxtpx:TrackPointExtension></gpxtpx:TrackPointExtension>
        </extensions>
      </trkpt>
      <trkpt lat="23.114349" lon="113.331393">
        <ele>6.91</ele>
        <time>2026-04-27T13:31:13Z</time>
        <extensions>
          <gpxtpx:TrackPointExtension></gpxtpx:TrackPointExtension>
        </extensions>
      </trkpt>
      <trkpt lat="23.114315" lon="113.331535">
        <ele>6.93</ele>
        <time>2026-04-27T13:31:18Z</time>
        <extensions>
          <gpxtpx:TrackPointExtension></gpxtpx:TrackPointExtension>
        </extensions>
      </trkpt>
      <trkpt lat="23.114297" lon="113.331687">
        <ele>6.92</ele>
        <time>2026-04-27T13:31:23Z</time>
        <extensions>
          <gpxtpx:TrackPointExtension></gpxtpx:TrackPointExtension>
        </extensions>
      </trkpt>
      <trkpt lat="23.114282" lon="113.331856">
        <ele>6.93</ele>
        <time>2026-04-27T13:31:28Z</time>
        <extensions>
          <gpxtpx:TrackPointExtension></gpxtpx:TrackPointExtension>
        </extensions>
      </trkpt>
      <trkpt lat="23.114264" lon="113.331999">
        <ele>6.95</ele>
        <time>2026-04-27T13:31:33Z</time>
        <extensions>
          <gpxtpx:TrackPointExtension></gpxtpx:TrackPointExtension>
        </extensions>
      </trkpt>
      <trkpt lat="23.114246" lon="113.332119">
        <ele>6.94</ele>
        <time>2026-04-27T13:31:38Z</time>
        <extensions>
          <gpxtpx:TrackPointExtension></gpxtpx:TrackPointExtension>
        </extensions>
      </trkpt>
      <trkpt lat="23.114223" lon="113.332244">
        <ele>6.9</ele>
        <time>2026-04-27T13:31:43Z</time>
        <extensions>
          <gpxtpx:TrackPointExtension></gpxtpx:TrackPointExtension>
        </extensions>
      </trkpt>
      <trkpt lat="23.11421" lon="113.332387">
        <ele>6.92</ele>
        <time>2026-04-27T13:31:48Z</time>
        <extensions>
          <gpxtpx:TrackPointExtension></gpxtpx:TrackPointExtension>
        </extensions>
      </trkpt>
      <trkpt lat="23.114194" lon="113.332525">
        <ele>6.93</ele>
        <time>2026-04-27T13:31:53Z</time>
        <extensions>
          <gpxtpx:TrackPointExtension></gpxtpx:TrackPointExtension>
        </extensions>
      </trkpt>
      <trkpt lat="23.114164" lon="113.332643">
        <ele>6.91</ele>
        <time>2026-04-27T13:31:58Z</time>
        <extensions>
          <gpxtpx:TrackPointExtension></gpxtpx:TrackPointExtension>
        </extensions>
      </trkpt>
      <trkpt lat="23.11416" lon="113.332781">
        <ele>6.88</ele>
        <time>2026-04-27T13:32:03Z</time>
        <extensions>
          <gpxtpx:TrackPointExtension></gpxtpx:TrackPointExtension>
        </extensions>
      </trkpt>
      <trkpt lat="23.114132" lon="113.332909">
        <ele>6.87</ele>
        <time>2026-04-27T13:32:08Z</time>
        <extensions>
          <gpxtpx:TrackPointExtension></gpxtpx:TrackPointExtension>
        </extensions>
      </trkpt>
      <trkpt lat="23.114111" lon="113.333031">
        <ele>6.87</ele>
        <time>2026-04-27T13:32:13Z</time>
        <extensions>
          <gpxtpx:TrackPointExtension></gpxtpx:TrackPointExtension>
        </extensions>
      </trkpt>
      <trkpt lat="23.114098" lon="113.333176">
        <ele>6.86</ele>
        <time>2026-04-27T13:32:18Z</time>
        <extensions>
          <gpxtpx:TrackPointExtension></gpxtpx:TrackPointExtension>
        </extensions>
      </trkpt>
      <trkpt lat="23.114081" lon="113.333291">
        <ele>6.86</ele>
        <time>2026-04-27T13:32:23Z</time>
        <extensions>
          <gpxtpx:TrackPointExtension></gpxtpx:TrackPointExtension>
        </extensions>
      </trkpt>
      <trkpt lat="23.114049" lon="113.333405">
        <ele>6.84</ele>
        <time>2026-04-27T13:32:28Z</time>
        <extensions>
          <gpxtpx:TrackPointExtension></gpxtpx:TrackPointExtension>
        </extensions>
      </trkpt>
      <trkpt lat="23.114028" lon="113.333549">
        <ele>6.86</ele>
        <time>2026-04-27T13:32:33Z</time>
        <extensions>
          <gpxtpx:TrackPointExtension></gpxtpx:TrackPointExtension>
        </extensions>
      </trkpt>
      <trkpt lat="23.114013" lon="113.333685">
        <ele>6.86</ele>
        <time>2026-04-27T13:32:38Z</time>
        <extensions>
          <gpxtpx:TrackPointExtension></gpxtpx:TrackPointExtension>
        </extensions>
      </trkpt>
      <trkpt lat="23.113987" lon="113.33381">
        <ele>6.88</ele>
        <time>2026-04-27T13:32:43Z</time>
        <extensions>
          <gpxtpx:TrackPointExtension></gpxtpx:TrackPointExtension>
        </extensions>
      </trkpt>
      <trkpt lat="23.11397" lon="113.333955">
        <ele>6.88</ele>
        <time>2026-04-27T13:32:48Z</time>
        <extensions>
          <gpxtpx:TrackPointExtension></gpxtpx:TrackPointExtension>
        </extensions>
      </trkpt>
      <trkpt lat="23.113952" lon="113.334087">
        <ele>6.88</ele>
        <time>2026-04-27T13:32:53Z</time>
        <extensions>
          <gpxtpx:TrackPointExtension></gpxtpx:TrackPointExtension>
        </extensions>
      </trkpt>
      <trkpt lat="23.113938" lon="113.334228">
        <ele>6.83</ele>
        <time>2026-04-27T13:32:58Z</time>
        <extensions>
          <gpxtpx:TrackPointExtension></gpxtpx:TrackPointExtension>
        </extensions>
      </trkpt>
      <trkpt lat="23.113917" lon="113.334353">
        <ele>6.78</ele>
        <time>2026-04-27T13:33:03Z</time>
        <extensions>
          <gpxtpx:TrackPointExtension></gpxtpx:TrackPointExtension>
        </extensions>
      </trkpt>
      <trkpt lat="23.113902" lon="113.334493">
        <ele>6.82</ele>
        <time>2026-04-27T13:33:08Z</time>
        <extensions>
          <gpxtpx:TrackPointExtension></gpxtpx:TrackPointExtension>
        </extensions>
      </trkpt>
      <trkpt lat="23.113882" lon="113.334617">
        <ele>6.91</ele>
        <time>2026-04-27T13:33:13Z</time>
        <extensions>
          <gpxtpx:TrackPointExtension></gpxtpx:TrackPointExtension>
        </extensions>
      </trkpt>
      <trkpt lat="23.113873" lon="113.334743">
        <ele>7.03</ele>
        <time>2026-04-27T13:33:18Z</time>
        <extensions>
          <gpxtpx:TrackPointExtension></gpxtpx:TrackPointExtension>
        </extensions>
      </trkpt>
      <trkpt lat="23.113841" lon="113.334883">
        <ele>7.04</ele>
        <time>2026-04-27T13:33:23Z</time>
        <extensions>
          <gpxtpx:TrackPointExtension></gpxtpx:TrackPointExtension>
        </extensions>
      </trkpt>
      <trkpt lat="23.113827" lon="113.334997">
        <ele>7.07</ele>
        <time>2026-04-27T13:33:28Z</time>
        <extensions>
          <gpxtpx:TrackPointExtension></gpxtpx:TrackPointExtension>
        </extensions>
      </trkpt>
      <trkpt lat="23.11381" lon="113.335135">
        <ele>7.1</ele>
        <time>2026-04-27T13:33:33Z</time>
        <extensions>
          <gpxtpx:TrackPointExtension></gpxtpx:TrackPointExtension>
        </extensions>
      </trkpt>
      <trkpt lat="23.113789" lon="113.335254">
        <ele>6.96</ele>
        <time>2026-04-27T13:33:38Z</time>
        <extensions>
          <gpxtpx:TrackPointExtension></gpxtpx:TrackPointExtension>
        </extensions>
      </trkpt>
      <trkpt lat="23.113767" lon="113.335381">
        <ele>6.87</ele>
        <time>2026-04-27T13:33:43Z</time>
        <extensions>
          <gpxtpx:TrackPointExtension></gpxtpx:TrackPointExtension>
        </extensions>
      </trkpt>
      <trkpt lat="23.113747" lon="113.335504">
        <ele>7.05</ele>
        <time>2026-04-27T13:33:48Z</time>
        <extensions>
          <gpxtpx:TrackPointExtension></gpxtpx:TrackPointExtension>
        </extensions>
      </trkpt>
      <trkpt lat="23.113726" lon="113.335628">
        <ele>7.19</ele>
        <time>2026-04-27T13:33:53Z</time>
        <extensions>
          <gpxtpx:TrackPointExtension></gpxtpx:TrackPointExtension>
        </extensions>
      </trkpt>
      <trkpt lat="23.113705" lon="113.335751">
        <ele>7.05</ele>
        <time>2026-04-27T13:33:58Z</time>
        <extensions>
          <gpxtpx:TrackPointExtension></gpxtpx:TrackPointExtension>
        </extensions>
      </trkpt>
      <trkpt lat="23.113694" lon="113.335887">
        <ele>7.08</ele>
        <time>2026-04-27T13:34:03Z</time>
        <extensions>
          <gpxtpx:TrackPointExtension></gpxtpx:TrackPointExtension>
        </extensions>
      </trkpt>
      <trkpt lat="23.11368" lon="113.336016">
        <ele>6.95</ele>
        <time>2026-04-27T13:34:08Z</time>
        <extensions>
          <gpxtpx:TrackPointExtension></gpxtpx:TrackPointExtension>
        </extensions>
      </trkpt>
      <trkpt lat="23.113669" lon="113.336167">
        <ele>6.92</ele>
        <time>2026-04-27T13:34:13Z</time>
        <extensions>
          <gpxtpx:TrackPointExtension></gpxtpx:TrackPointExtension>
        </extensions>
      </trkpt>
      <trkpt lat="23.113637" lon="113.336292">
        <ele>6.94</ele>
        <time>2026-04-27T13:34:18Z</time>
        <extensions>
          <gpxtpx:TrackPointExtension></gpxtpx:TrackPointExtension>
        </extensions>
      </trkpt>
      <trkpt lat="23.11362" lon="113.336419">
        <ele>7.09</ele>
        <time>2026-04-27T13:34:23Z</time>
        <extensions>
          <gpxtpx:TrackPointExtension></gpxtpx:TrackPointExtension>
        </extensions>
      </trkpt>
      <trkpt lat="23.113608" lon="113.336549">
        <ele>6.93</ele>
        <time>2026-04-27T13:34:28Z</time>
        <extensions>
          <gpxtpx:TrackPointExtension></gpxtpx:TrackPointExtension>
        </extensions>
      </trkpt>
      <trkpt lat="23.113602" lon="113.336683">
        <ele>6.95</ele>
        <time>2026-04-27T13:34:33Z</time>
        <extensions>
          <gpxtpx:TrackPointExtension></gpxtpx:TrackPointExtension>
        </extensions>
      </trkpt>
      <trkpt lat="23.113578" lon="113.336808">
        <ele>7.09</ele>
        <time>2026-04-27T13:34:38Z</time>
        <extensions>
          <gpxtpx:TrackPointExtension></gpxtpx:TrackPointExtension>
        </extensions>
      </trkpt>
      <trkpt lat="23.113555" lon="113.336949">
        <ele>7.05</ele>
        <time>2026-04-27T13:34:43Z</time>
        <extensions>
          <gpxtpx:TrackPointExtension></gpxtpx:TrackPointExtension>
        </extensions>
      </trkpt>
      <trkpt lat="23.113538" lon="113.337061">
        <ele>6.91</ele>
        <time>2026-04-27T13:34:48Z</time>
        <extensions>
          <gpxtpx:TrackPointExtension></gpxtpx:TrackPointExtension>
        </extensions>
      </trkpt>
      <trkpt lat="23.113521" lon="113.337191">
        <ele>6.97</ele>
        <time>2026-04-27T13:34:53Z</time>
        <extensions>
          <gpxtpx:TrackPointExtension></gpxtpx:TrackPointExtension>
        </extensions>
      </trkpt>
      <trkpt lat="23.113514" lon="113.337308">
        <ele>6.9</ele>
        <time>2026-04-27T13:34:58Z</time>
        <extensions>
          <gpxtpx:TrackPointExtension></gpxtpx:TrackPointExtension>
        </extensions>
      </trkpt>
      <trkpt lat="23.113503" lon="113.337457">
        <ele>6.96</ele>
        <time>2026-04-27T13:35:03Z</time>
        <extensions>
          <gpxtpx:TrackPointExtension></gpxtpx:TrackPointExtension>
        </extensions>
      </trkpt>
      <trkpt lat="23.113474" lon="113.337534">
        <ele>7.09</ele>
        <time>2026-04-27T13:35:08Z</time>
        <extensions>
          <gpxtpx:TrackPointExtension></gpxtpx:TrackPointExtension>
        </extensions>
      </trkpt>
      <trkpt lat="23.113472" lon="113.337691">
        <ele>7.08</ele>
        <time>2026-04-27T13:35:13Z</time>
        <extensions>
          <gpxtpx:TrackPointExtension></gpxtpx:TrackPointExtension>
        </extensions>
      </trkpt>
      <trkpt lat="23.113447" lon="113.337812">
        <ele>7.24</ele>
        <time>2026-04-27T13:35:18Z</time>
        <extensions>
          <gpxtpx:TrackPointExtension></gpxtpx:TrackPointExtension>
        </extensions>
      </trkpt>
      <trkpt lat="23.113413" lon="113.337938">
        <ele>7.13</ele>
        <time>2026-04-27T13:35:23Z</time>
        <extensions>
          <gpxtpx:TrackPointExtension></gpxtpx:TrackPointExtension>
        </extensions>
      </trkpt>
      <trkpt lat="23.113391" lon="113.33806">
        <ele>7.08</ele>
        <time>2026-04-27T13:35:28Z</time>
        <extensions>
          <gpxtpx:TrackPointExtension></gpxtpx:TrackPointExtension>
        </extensions>
      </trkpt>
      <trkpt lat="23.113363" lon="113.338172">
        <ele>6.99</ele>
        <time>2026-04-27T13:35:33Z</time>
        <extensions>
          <gpxtpx:TrackPointExtension></gpxtpx:TrackPointExtension>
        </extensions>
      </trkpt>
      <trkpt lat="23.113346" lon="113.338291">
        <ele>6.94</ele>
        <time>2026-04-27T13:35:38Z</time>
        <extensions>
          <gpxtpx:TrackPointExtension></gpxtpx:TrackPointExtension>
        </extensions>
      </trkpt>
      <trkpt lat="23.113334" lon="113.338426">
        <ele>6.96</ele>
        <time>2026-04-27T13:35:43Z</time>
        <extensions>
          <gpxtpx:TrackPointExtension></gpxtpx:TrackPointExtension>
        </extensions>
      </trkpt>
      <trkpt lat="23.113314" lon="113.338541">
        <ele>6.9</ele>
        <time>2026-04-27T13:35:48Z</time>
        <extensions>
          <gpxtpx:TrackPointExtension></gpxtpx:TrackPointExtension>
        </extensions>
      </trkpt>
      <trkpt lat="23.113274" lon="113.338643">
        <ele>6.74</ele>
        <time>2026-04-27T13:35:53Z</time>
        <extensions>
          <gpxtpx:TrackPointExtension></gpxtpx:TrackPointExtension>
        </extensions>
      </trkpt>
      <trkpt lat="23.113241" lon="113.33875">
        <ele>6.81</ele>
        <time>2026-04-27T13:35:58Z</time>
        <extensions>
          <gpxtpx:TrackPointExtension></gpxtpx:TrackPointExtension>
        </extensions>
      </trkpt>
      <trkpt lat="23.113252" lon="113.338922">
        <ele>6.86</ele>
        <time>2026-04-27T13:36:03Z</time>
        <extensions>
          <gpxtpx:TrackPointExtension></gpxtpx:TrackPointExtension>
        </extensions>
      </trkpt>
      <trkpt lat="23.113237" lon="113.339064">
        <ele>6.86</ele>
        <time>2026-04-27T13:36:08Z</time>
        <extensions>
          <gpxtpx:TrackPointExtension></gpxtpx:TrackPointExtension>
        </extensions>
      </trkpt>
      <trkpt lat="23.113225" lon="113.339207">
        <ele>6.91</ele>
        <time>2026-04-27T13:36:13Z</time>
        <extensions>
          <gpxtpx:TrackPointExtension></gpxtpx:TrackPointExtension>
        </extensions>
      </trkpt>
      <trkpt lat="23.113222" lon="113.339369">
        <ele>6.92</ele>
        <time>2026-04-27T13:36:18Z</time>
        <extensions>
          <gpxtpx:TrackPointExtension></gpxtpx:TrackPointExtension>
        </extensions>
      </trkpt>
      <trkpt lat="23.113197" lon="113.339472">
        <ele>6.87</ele>
        <time>2026-04-27T13:36:23Z</time>
        <extensions>
          <gpxtpx:TrackPointExtension></gpxtpx:TrackPointExtension>
        </extensions>
      </trkpt>
      <trkpt lat="23.113183" lon="113.339609">
        <ele>6.88</ele>
        <time>2026-04-27T13:36:28Z</time>
        <extensions>
          <gpxtpx:TrackPointExtension></gpxtpx:TrackPointExtension>
        </extensions>
      </trkpt>
      <trkpt lat="23.113144" lon="113.33974">
        <ele>6.87</ele>
        <time>2026-04-27T13:36:33Z</time>
        <extensions>
          <gpxtpx:TrackPointExtension></gpxtpx:TrackPointExtension>
        </extensions>
      </trkpt>
      <trkpt lat="23.113123" lon="113.339869">
        <ele>6.86</ele>
        <time>2026-04-27T13:36:38Z</time>
        <extensions>
          <gpxtpx:TrackPointExtension></gpxtpx:TrackPointExtension>
        </extensions>
      </trkpt>
      <trkpt lat="23.113103" lon="113.340016">
        <ele>6.88</ele>
        <time>2026-04-27T13:36:43Z</time>
        <extensions>
          <gpxtpx:TrackPointExtension></gpxtpx:TrackPointExtension>
        </extensions>
      </trkpt>
      <trkpt lat="23.113079" lon="113.340139">
        <ele>6.94</ele>
        <time>2026-04-27T13:36:48Z</time>
        <extensions>
          <gpxtpx:TrackPointExtension></gpxtpx:TrackPointExtension>
        </extensions>
      </trkpt>
      <trkpt lat="23.113073" lon="113.340228">
        <ele>7.01</ele>
        <time>2026-04-27T13:36:53Z</time>
        <extensions>
          <gpxtpx:TrackPointExtension></gpxtpx:TrackPointExtension>
        </extensions>
      </trkpt>
      <trkpt lat="23.113031" lon="113.340341">
        <ele>7.06</ele>
        <time>2026-04-27T13:36:58Z</time>
        <extensions>
          <gpxtpx:TrackPointExtension></gpxtpx:TrackPointExtension>
        </extensions>
      </trkpt>
      <trkpt lat="23.11303" lon="113.340477">
        <ele>7.05</ele>
        <time>2026-04-27T13:37:03Z</time>
        <extensions>
          <gpxtpx:TrackPointExtension></gpxtpx:TrackPointExtension>
        </extensions>
      </trkpt>
      <trkpt lat="23.113016" lon="113.340601">
        <ele>6.96</ele>
        <time>2026-04-27T13:37:08Z</time>
        <extensions>
          <gpxtpx:TrackPointExtension></gpxtpx:TrackPointExtension>
        </extensions>
      </trkpt>
      <trkpt lat="23.112987" lon="113.340712">
        <ele>6.83</ele>
        <time>2026-04-27T13:37:13Z</time>
        <extensions>
          <gpxtpx:TrackPointExtension></gpxtpx:TrackPointExtension>
        </extensions>
      </trkpt>
      <trkpt lat="23.112971" lon="113.340844">
        <ele>6.84</ele>
        <time>2026-04-27T13:37:18Z</time>
        <extensions>
          <gpxtpx:TrackPointExtension></gpxtpx:TrackPointExtension>
        </extensions>
      </trkpt>
      <trkpt lat="23.112957" lon="113.341002">
        <ele>6.75</ele>
        <time>2026-04-27T13:37:23Z</time>
        <extensions>
          <gpxtpx:TrackPointExtension></gpxtpx:TrackPointExtension>
        </extensions>
      </trkpt>
      <trkpt lat="23.112937" lon="113.341158">
        <ele>6.9</ele>
        <time>2026-04-27T13:37:28Z</time>
        <extensions>
          <gpxtpx:TrackPointExtension></gpxtpx:TrackPointExtension>
        </extensions>
      </trkpt>
      <trkpt lat="23.112917" lon="113.341276">
        <ele>6.86</ele>
        <time>2026-04-27T13:37:33Z</time>
        <extensions>
          <gpxtpx:TrackPointExtension></gpxtpx:TrackPointExtension>
        </extensions>
      </trkpt>
      <trkpt lat="23.112904" lon="113.341418">
        <ele>6.95</ele>
        <time>2026-04-27T13:37:38Z</time>
        <extensions>
          <gpxtpx:TrackPointExtension></gpxtpx:TrackPointExtension>
        </extensions>
      </trkpt>
      <trkpt lat="23.112891" lon="113.341565">
        <ele>6.95</ele>
        <time>2026-04-27T13:37:43Z</time>
        <extensions>
          <gpxtpx:TrackPointExtension></gpxtpx:TrackPointExtension>
        </extensions>
      </trkpt>
      <trkpt lat="23.112857" lon="113.341677">
        <ele>6.9</ele>
        <time>2026-04-27T13:37:48Z</time>
        <extensions>
          <gpxtpx:TrackPointExtension></gpxtpx:TrackPointExtension>
        </extensions>
      </trkpt>
      <trkpt lat="23.112845" lon="113.341809">
        <ele>6.82</ele>
        <time>2026-04-27T13:37:53Z</time>
        <extensions>
          <gpxtpx:TrackPointExtension></gpxtpx:TrackPointExtension>
        </extensions>
      </trkpt>
      <trkpt lat="23.112828" lon="113.341955">
        <ele>6.94</ele>
        <time>2026-04-27T13:37:58Z</time>
        <extensions>
          <gpxtpx:TrackPointExtension></gpxtpx:TrackPointExtension>
        </extensions>
      </trkpt>
      <trkpt lat="23.112813" lon="113.342097">
        <ele>7.14</ele>
        <time>2026-04-27T13:38:03Z</time>
        <extensions>
          <gpxtpx:TrackPointExtension></gpxtpx:TrackPointExtension>
        </extensions>
      </trkpt>
      <trkpt lat="23.112799" lon="113.342229">
        <ele>7.04</ele>
        <time>2026-04-27T13:38:08Z</time>
        <extensions>
          <gpxtpx:TrackPointExtension></gpxtpx:TrackPointExtension>
        </extensions>
      </trkpt>
      <trkpt lat="23.112781" lon="113.342371">
        <ele>6.98</ele>
        <time>2026-04-27T13:38:13Z</time>
        <extensions>
          <gpxtpx:TrackPointExtension></gpxtpx:TrackPointExtension>
        </extensions>
      </trkpt>
      <trkpt lat="23.112756" lon="113.342484">
        <ele>6.85</ele>
        <time>2026-04-27T13:38:18Z</time>
        <extensions>
          <gpxtpx:TrackPointExtension></gpxtpx:TrackPointExtension>
        </extensions>
      </trkpt>
      <trkpt lat="23.112746" lon="113.34261">
        <ele>6.93</ele>
        <time>2026-04-27T13:38:23Z</time>
        <extensions>
          <gpxtpx:TrackPointExtension></gpxtpx:TrackPointExtension>
        </extensions>
      </trkpt>
      <trkpt lat="23.112738" lon="113.342693">
        <ele>7.02</ele>
        <time>2026-04-27T13:38:28Z</time>
        <extensions>
          <gpxtpx:TrackPointExtension></gpxtpx:TrackPointExtension>
        </extensions>
      </trkpt>
      <trkpt lat="23.11272" lon="113.342796">
        <ele>6.89</ele>
        <time>2026-04-27T13:38:33Z</time>
        <extensions>
          <gpxtpx:TrackPointExtension></gpxtpx:TrackPointExtension>
        </extensions>
      </trkpt>
      <trkpt lat="23.112715" lon="113.342896">
        <ele>7.09</ele>
        <time>2026-04-27T13:38:38Z</time>
        <extensions>
          <gpxtpx:TrackPointExtension></gpxtpx:TrackPointExtension>
        </extensions>
      </trkpt>
      <trkpt lat="23.112689" lon="113.343041">
        <ele>7.07</ele>
        <time>2026-04-27T13:38:43Z</time>
        <extensions>
          <gpxtpx:TrackPointExtension></gpxtpx:TrackPointExtension>
        </extensions>
      </trkpt>
      <trkpt lat="23.112674" lon="113.343162">
        <ele>6.94</ele>
        <time>2026-04-27T13:38:48Z</time>
        <extensions>
          <gpxtpx:TrackPointExtension></gpxtpx:TrackPointExtension>
        </extensions>
      </trkpt>
      <trkpt lat="23.112646" lon="113.343292">
        <ele>6.92</ele>
        <time>2026-04-27T13:38:53Z</time>
        <extensions>
          <gpxtpx:TrackPointExtension></gpxtpx:TrackPointExtension>
        </extensions>
      </trkpt>
      <trkpt lat="23.112629" lon="113.34344">
        <ele>6.86</ele>
        <time>2026-04-27T13:38:58Z</time>
        <extensions>
          <gpxtpx:TrackPointExtension></gpxtpx:TrackPointExtension>
        </extensions>
      </trkpt>
      <trkpt lat="23.112616" lon="113.343581">
        <ele>7.02</ele>
        <time>2026-04-27T13:39:03Z</time>
        <extensions>
          <gpxtpx:TrackPointExtension></gpxtpx:TrackPointExtension>
        </extensions>
      </trkpt>
      <trkpt lat="23.112597" lon="113.343715">
        <ele>7.02</ele>
        <time>2026-04-27T13:39:08Z</time>
        <extensions>
          <gpxtpx:TrackPointExtension></gpxtpx:TrackPointExtension>
        </extensions>
      </trkpt>
      <trkpt lat="23.112578" lon="113.343838">
        <ele>7.17</ele>
        <time>2026-04-27T13:39:13Z</time>
        <extensions>
          <gpxtpx:TrackPointExtension></gpxtpx:TrackPointExtension>
        </extensions>
      </trkpt>
      <trkpt lat="23.112564" lon="113.343966">
        <ele>7.12</ele>
        <time>2026-04-27T13:39:18Z</time>
        <extensions>
          <gpxtpx:TrackPointExtension></gpxtpx:TrackPointExtension>
        </extensions>
      </trkpt>
      <trkpt lat="23.112538" lon="113.344078">
        <ele>7.19</ele>
        <time>2026-04-27T13:39:23Z</time>
        <extensions>
          <gpxtpx:TrackPointExtension></gpxtpx:TrackPointExtension>
        </extensions>
      </trkpt>
      <trkpt lat="23.112527" lon="113.344217">
        <ele>7.17</ele>
        <time>2026-04-27T13:39:28Z</time>
        <extensions>
          <gpxtpx:TrackPointExtension></gpxtpx:TrackPointExtension>
        </extensions>
      </trkpt>
      <trkpt lat="23.112515" lon="113.344343">
        <ele>6.95</ele>
        <time>2026-04-27T13:39:33Z</time>
        <extensions>
          <gpxtpx:TrackPointExtension></gpxtpx:TrackPointExtension>
        </extensions>
      </trkpt>
      <trkpt lat="23.112496" lon="113.344481">
        <ele>6.92</ele>
        <time>2026-04-27T13:39:38Z</time>
        <extensions>
          <gpxtpx:TrackPointExtension></gpxtpx:TrackPointExtension>
        </extensions>
      </trkpt>
      <trkpt lat="23.112481" lon="113.344586">
        <ele>7.09</ele>
        <time>2026-04-27T13:39:43Z</time>
        <extensions>
          <gpxtpx:TrackPointExtension></gpxtpx:TrackPointExtension>
        </extensions>
      </trkpt>
      <trkpt lat="23.11247" lon="113.344725">
        <ele>7.06</ele>
        <time>2026-04-27T13:39:48Z</time>
        <extensions>
          <gpxtpx:TrackPointExtension></gpxtpx:TrackPointExtension>
        </extensions>
      </trkpt>
      <trkpt lat="23.112445" lon="113.344862">
        <ele>7.0</ele>
        <time>2026-04-27T13:39:53Z</time>
        <extensions>
          <gpxtpx:TrackPointExtension></gpxtpx:TrackPointExtension>
        </extensions>
      </trkpt>
      <trkpt lat="23.112423" lon="113.344999">
        <ele>6.9</ele>
        <time>2026-04-27T13:39:58Z</time>
        <extensions>
          <gpxtpx:TrackPointExtension></gpxtpx:TrackPointExtension>
        </extensions>
      </trkpt>
      <trkpt lat="23.112408" lon="113.345141">
        <ele>6.89</ele>
        <time>2026-04-27T13:40:03Z</time>
        <extensions>
          <gpxtpx:TrackPointExtension></gpxtpx:TrackPointExtension>
        </extensions>
      </trkpt>
      <trkpt lat="23.11239" lon="113.345267">
        <ele>6.8</ele>
        <time>2026-04-27T13:40:08Z</time>
        <extensions>
          <gpxtpx:TrackPointExtension></gpxtpx:TrackPointExtension>
        </extensions>
      </trkpt>
      <trkpt lat="23.112354" lon="113.345365">
        <ele>6.93</ele>
        <time>2026-04-27T13:40:13Z</time>
        <extensions>
          <gpxtpx:TrackPointExtension></gpxtpx:TrackPointExtension>
        </extensions>
      </trkpt>
      <trkpt lat="23.112322" lon="113.345507">
        <ele>7.12</ele>
        <time>2026-04-27T13:40:18Z</time>
        <extensions>
          <gpxtpx:TrackPointExtension></gpxtpx:TrackPointExtension>
        </extensions>
      </trkpt>
      <trkpt lat="23.112301" lon="113.345635">
        <ele>7.37</ele>
        <time>2026-04-27T13:40:23Z</time>
        <extensions>
          <gpxtpx:TrackPointExtension></gpxtpx:TrackPointExtension>
        </extensions>
      </trkpt>
      <trkpt lat="23.112278" lon="113.345758">
        <ele>7.13</ele>
        <time>2026-04-27T13:40:28Z</time>
        <extensions>
          <gpxtpx:TrackPointExtension></gpxtpx:TrackPointExtension>
        </extensions>
      </trkpt>
      <trkpt lat="23.112277" lon="113.345892">
        <ele>7.23</ele>
        <time>2026-04-27T13:40:33Z</time>
        <extensions>
          <gpxtpx:TrackPointExtension></gpxtpx:TrackPointExtension>
        </extensions>
      </trkpt>
      <trkpt lat="23.11228" lon="113.346032">
        <ele>6.81</ele>
        <time>2026-04-27T13:40:38Z</time>
        <extensions>
          <gpxtpx:TrackPointExtension></gpxtpx:TrackPointExtension>
        </extensions>
      </trkpt>
      <trkpt lat="23.11229" lon="113.346159">
        <ele>6.74</ele>
        <time>2026-04-27T13:40:43Z</time>
        <extensions>
          <gpxtpx:TrackPointExtension></gpxtpx:TrackPointExtension>
        </extensions>
      </trkpt>
      <trkpt lat="23.112293" lon="113.346334">
        <ele>6.73</ele>
        <time>2026-04-27T13:40:48Z</time>
        <extensions>
          <gpxtpx:TrackPointExtension></gpxtpx:TrackPointExtension>
        </extensions>
      </trkpt>
      <trkpt lat="23.112287" lon="113.346464">
        <ele>6.92</ele>
        <time>2026-04-27T13:40:53Z</time>
        <extensions>
          <gpxtpx:TrackPointExtension></gpxtpx:TrackPointExtension>
        </extensions>
      </trkpt>
      <trkpt lat="23.112232" lon="113.346572">
        <ele>7.13</ele>
        <time>2026-04-27T13:40:58Z</time>
        <extensions>
          <gpxtpx:TrackPointExtension></gpxtpx:TrackPointExtension>
        </extensions>
      </trkpt>
      <trkpt lat="23.112206" lon="113.346692">
        <ele>7.1</ele>
        <time>2026-04-27T13:41:03Z</time>
        <extensions>
          <gpxtpx:TrackPointExtension></gpxtpx:TrackPointExtension>
        </extensions>
      </trkpt>
      <trkpt lat="23.112219" lon="113.346819">
        <ele>7.0</ele>
        <time>2026-04-27T13:41:08Z</time>
        <extensions>
          <gpxtpx:TrackPointExtension></gpxtpx:TrackPointExtension>
        </extensions>
      </trkpt>
      <trkpt lat="23.112252" lon="113.34695">
        <ele>6.99</ele>
        <time>2026-04-27T13:41:13Z</time>
        <extensions>
          <gpxtpx:TrackPointExtension></gpxtpx:TrackPointExtension>
        </extensions>
      </trkpt>
      <trkpt lat="23.112264" lon="113.347068">
        <ele>7.0</ele>
        <time>2026-04-27T13:41:18Z</time>
        <extensions>
          <gpxtpx:TrackPointExtension></gpxtpx:TrackPointExtension>
        </extensions>
      </trkpt>
      <trkpt lat="23.112278" lon="113.347192">
        <ele>7.03</ele>
        <time>2026-04-27T13:41:23Z</time>
        <extensions>
          <gpxtpx:TrackPointExtension></gpxtpx:TrackPointExtension>
        </extensions>
      </trkpt>
      <trkpt lat="23.112259" lon="113.347315">
        <ele>7.01</ele>
        <time>2026-04-27T13:41:28Z</time>
        <extensions>
          <gpxtpx:TrackPointExtension></gpxtpx:TrackPointExtension>
        </extensions>
      </trkpt>
      <trkpt lat="23.112243" lon="113.347478">
        <ele>6.99</ele>
        <time>2026-04-27T13:41:33Z</time>
        <extensions>
          <gpxtpx:TrackPointExtension></gpxtpx:TrackPointExtension>
        </extensions>
      </trkpt>
      <trkpt lat="23.112172" lon="113.3476">
        <ele>7.0</ele>
        <time>2026-04-27T13:41:38Z</time>
        <extensions>
          <gpxtpx:TrackPointExtension></gpxtpx:TrackPointExtension>
        </extensions>
      </trkpt>
      <trkpt lat="23.112072" lon="113.347663">
        <ele>7.06</ele>
        <time>2026-04-27T13:41:43Z</time>
        <extensions>
          <gpxtpx:TrackPointExtension></gpxtpx:TrackPointExtension>
        </extensions>
      </trkpt>
      <trkpt lat="23.111951" lon="113.347687">
        <ele>7.19</ele>
        <time>2026-04-27T13:41:48Z</time>
        <extensions>
          <gpxtpx:TrackPointExtension></gpxtpx:TrackPointExtension>
        </extensions>
      </trkpt>
      <trkpt lat="23.111879" lon="113.347763">
        <ele>7.19</ele>
        <time>2026-04-27T13:41:53Z</time>
        <extensions>
          <gpxtpx:TrackPointExtension></gpxtpx:TrackPointExtension>
        </extensions>
      </trkpt>
      <trkpt lat="23.11182" lon="113.347882">
        <ele>7.05</ele>
        <time>2026-04-27T13:41:58Z</time>
        <extensions>
          <gpxtpx:TrackPointExtension></gpxtpx:TrackPointExtension>
        </extensions>
      </trkpt>
      <trkpt lat="23.111787" lon="113.347997">
        <ele>7.16</ele>
        <time>2026-04-27T13:42:03Z</time>
        <extensions>
          <gpxtpx:TrackPointExtension></gpxtpx:TrackPointExtension>
        </extensions>
      </trkpt>
      <trkpt lat="23.111774" lon="113.348146">
        <ele>7.05</ele>
        <time>2026-04-27T13:42:08Z</time>
        <extensions>
          <gpxtpx:TrackPointExtension></gpxtpx:TrackPointExtension>
        </extensions>
      </trkpt>
      <trkpt lat="23.111775" lon="113.348297">
        <ele>7.09</ele>
        <time>2026-04-27T13:42:13Z</time>
        <extensions>
          <gpxtpx:TrackPointExtension></gpxtpx:TrackPointExtension>
        </extensions>
      </trkpt>
      <trkpt lat="23.111759" lon="113.348443">
        <ele>6.99</ele>
        <time>2026-04-27T13:42:18Z</time>
        <extensions>
          <gpxtpx:TrackPointExtension></gpxtpx:TrackPointExtension>
        </extensions>
      </trkpt>
      <trkpt lat="23.111737" lon="113.348564">
        <ele>6.86</ele>
        <time>2026-04-27T13:42:23Z</time>
        <extensions>
          <gpxtpx:TrackPointExtension></gpxtpx:TrackPointExtension>
        </extensions>
      </trkpt>
      <trkpt lat="23.111724" lon="113.348693">
        <ele>6.96</ele>
        <time>2026-04-27T13:42:28Z</time>
        <extensions>
          <gpxtpx:TrackPointExtension></gpxtpx:TrackPointExtension>
        </extensions>
      </trkpt>
      <trkpt lat="23.111723" lon="113.34883">
        <ele>6.99</ele>
        <time>2026-04-27T13:42:33Z</time>
        <extensions>
          <gpxtpx:TrackPointExtension></gpxtpx:TrackPointExtension>
        </extensions>
      </trkpt>
      <trkpt lat="23.111726" lon="113.34897">
        <ele>7.05</ele>
        <time>2026-04-27T13:42:38Z</time>
        <extensions>
          <gpxtpx:TrackPointExtension></gpxtpx:TrackPointExtension>
        </extensions>
      </trkpt>
      <trkpt lat="23.111717" lon="113.349099">
        <ele>6.9</ele>
        <time>2026-04-27T13:42:43Z</time>
        <extensions>
          <gpxtpx:TrackPointExtension></gpxtpx:TrackPointExtension>
        </extensions>
      </trkpt>
      <trkpt lat="23.111711" lon="113.349235">
        <ele>6.67</ele>
        <time>2026-04-27T13:42:48Z</time>
        <extensions>
          <gpxtpx:TrackPointExtension></gpxtpx:TrackPointExtension>
        </extensions>
      </trkpt>
      <trkpt lat="23.111699" lon="113.349381">
        <ele>6.68</ele>
        <time>2026-04-27T13:42:53Z</time>
        <extensions>
          <gpxtpx:TrackPointExtension></gpxtpx:TrackPointExtension>
        </extensions>
      </trkpt>
      <trkpt lat="23.111691" lon="113.349501">
        <ele>6.76</ele>
        <time>2026-04-27T13:42:58Z</time>
        <extensions>
          <gpxtpx:TrackPointExtension></gpxtpx:TrackPointExtension>
        </extensions>
      </trkpt>
      <trkpt lat="23.111677" lon="113.349625">
        <ele>6.85</ele>
        <time>2026-04-27T13:43:03Z</time>
        <extensions>
          <gpxtpx:TrackPointExtension></gpxtpx:TrackPointExtension>
        </extensions>
      </trkpt>
      <trkpt lat="23.111672" lon="113.349761">
        <ele>6.89</ele>
        <time>2026-04-27T13:43:08Z</time>
        <extensions>
          <gpxtpx:TrackPointExtension></gpxtpx:TrackPointExtension>
        </extensions>
      </trkpt>
      <trkpt lat="23.111663" lon="113.349885">
        <ele>6.88</ele>
        <time>2026-04-27T13:43:13Z</time>
        <extensions>
          <gpxtpx:TrackPointExtension></gpxtpx:TrackPointExtension>
        </extensions>
      </trkpt>
      <trkpt lat="23.111665" lon="113.349991">
        <ele>6.61</ele>
        <time>2026-04-27T13:43:18Z</time>
        <extensions>
          <gpxtpx:TrackPointExtension></gpxtpx:TrackPointExtension>
        </extensions>
      </trkpt>
      <trkpt lat="23.111648" lon="113.350111">
        <ele>6.6</ele>
        <time>2026-04-27T13:43:23Z</time>
        <extensions>
          <gpxtpx:TrackPointExtension></gpxtpx:TrackPointExtension>
        </extensions>
      </trkpt>
      <trkpt lat="23.111631" lon="113.350234">
        <ele>6.59</ele>
        <time>2026-04-27T13:43:28Z</time>
        <extensions>
          <gpxtpx:TrackPointExtension></gpxtpx:TrackPointExtension>
        </extensions>
      </trkpt>
      <trkpt lat="23.111622" lon="113.350377">
        <ele>6.4</ele>
        <time>2026-04-27T13:43:33Z</time>
        <extensions>
          <gpxtpx:TrackPointExtension></gpxtpx:TrackPointExtension>
        </extensions>
      </trkpt>
      <trkpt lat="23.111667" lon="113.35048">
        <ele>6.41</ele>
        <time>2026-04-27T13:43:38Z</time>
        <extensions>
          <gpxtpx:TrackPointExtension></gpxtpx:TrackPointExtension>
        </extensions>
      </trkpt>
      <trkpt lat="23.111763" lon="113.35052">
        <ele>6.45</ele>
        <time>2026-04-27T13:43:43Z</time>
        <extensions>
          <gpxtpx:TrackPointExtension></gpxtpx:TrackPointExtension>
        </extensions>
      </trkpt>
      <trkpt lat="23.111859" lon="113.350572">
        <ele>6.55</ele>
        <time>2026-04-27T13:43:48Z</time>
        <extensions>
          <gpxtpx:TrackPointExtension></gpxtpx:TrackPointExtension>
        </extensions>
      </trkpt>
      <trkpt lat="23.111953" lon="113.350604">
        <ele>7.04</ele>
        <time>2026-04-27T13:43:53Z</time>
        <extensions>
          <gpxtpx:TrackPointExtension></gpxtpx:TrackPointExtension>
        </extensions>
      </trkpt>
      <trkpt lat="23.11207" lon="113.350622">
        <ele>7.63</ele>
        <time>2026-04-27T13:43:58Z</time>
        <extensions>
          <gpxtpx:TrackPointExtension></gpxtpx:TrackPointExtension>
        </extensions>
      </trkpt>
      <trkpt lat="23.112147" lon="113.350677">
        <ele>7.86</ele>
        <time>2026-04-27T13:44:03Z</time>
        <extensions>
          <gpxtpx:TrackPointExtension></gpxtpx:TrackPointExtension>
        </extensions>
      </trkpt>
      <trkpt lat="23.112245" lon="113.3508">
        <ele>7.97</ele>
        <time>2026-04-27T13:44:08Z</time>
        <extensions>
          <gpxtpx:TrackPointExtension></gpxtpx:TrackPointExtension>
        </extensions>
      </trkpt>
      <trkpt lat="23.11227" lon="113.350971">
        <ele>7.8</ele>
        <time>2026-04-27T13:44:13Z</time>
        <extensions>
          <gpxtpx:TrackPointExtension></gpxtpx:TrackPointExtension>
        </extensions>
      </trkpt>
      <trkpt lat="23.112288" lon="113.351113">
        <ele>7.45</ele>
        <time>2026-04-27T13:44:18Z</time>
        <extensions>
          <gpxtpx:TrackPointExtension></gpxtpx:TrackPointExtension>
        </extensions>
      </trkpt>
      <trkpt lat="23.112311" lon="113.351242">
        <ele>7.0</ele>
        <time>2026-04-27T13:44:23Z</time>
        <extensions>
          <gpxtpx:TrackPointExtension></gpxtpx:TrackPointExtension>
        </extensions>
      </trkpt>
      <trkpt lat="23.112333" lon="113.351362">
        <ele>6.7</ele>
        <time>2026-04-27T13:44:28Z</time>
        <extensions>
          <gpxtpx:TrackPointExtension></gpxtpx:TrackPointExtension>
        </extensions>
      </trkpt>
      <trkpt lat="23.112364" lon="113.351497">
        <ele>6.59</ele>
        <time>2026-04-27T13:44:33Z</time>
        <extensions>
          <gpxtpx:TrackPointExtension></gpxtpx:TrackPointExtension>
        </extensions>
      </trkpt>
      <trkpt lat="23.112362" lon="113.351632">
        <ele>6.64</ele>
        <time>2026-04-27T13:44:38Z</time>
        <extensions>
          <gpxtpx:TrackPointExtension></gpxtpx:TrackPointExtension>
        </extensions>
      </trkpt>
      <trkpt lat="23.112349" lon="113.351765">
        <ele>6.44</ele>
        <time>2026-04-27T13:44:43Z</time>
        <extensions>
          <gpxtpx:TrackPointExtension></gpxtpx:TrackPointExtension>
        </extensions>
      </trkpt>
      <trkpt lat="23.11233" lon="113.351917">
        <ele>6.54</ele>
        <time>2026-04-27T13:44:48Z</time>
        <extensions>
          <gpxtpx:TrackPointExtension></gpxtpx:TrackPointExtension>
        </extensions>
      </trkpt>
      <trkpt lat="23.112292" lon="113.352062">
        <ele>6.39</ele>
        <time>2026-04-27T13:44:53Z</time>
        <extensions>
          <gpxtpx:TrackPointExtension></gpxtpx:TrackPointExtension>
        </extensions>
      </trkpt>
      <trkpt lat="23.112284" lon="113.352198">
        <ele>6.19</ele>
        <time>2026-04-27T13:44:58Z</time>
        <extensions>
          <gpxtpx:TrackPointExtension></gpxtpx:TrackPointExtension>
        </extensions>
      </trkpt>
      <trkpt lat="23.112271" lon="113.352303">
        <ele>6.24</ele>
        <time>2026-04-27T13:45:03Z</time>
        <extensions>
          <gpxtpx:TrackPointExtension></gpxtpx:TrackPointExtension>
        </extensions>
      </trkpt>
      <trkpt lat="23.112228" lon="113.352416">
        <ele>6.13</ele>
        <time>2026-04-27T13:45:08Z</time>
        <extensions>
          <gpxtpx:TrackPointExtension></gpxtpx:TrackPointExtension>
        </extensions>
      </trkpt>
      <trkpt lat="23.112169" lon="113.352537">
        <ele>6.03</ele>
        <time>2026-04-27T13:45:13Z</time>
        <extensions>
          <gpxtpx:TrackPointExtension></gpxtpx:TrackPointExtension>
        </extensions>
      </trkpt>
      <trkpt lat="23.11211" lon="113.352654">
        <ele>6.06</ele>
        <time>2026-04-27T13:45:18Z</time>
        <extensions>
          <gpxtpx:TrackPointExtension></gpxtpx:TrackPointExtension>
        </extensions>
      </trkpt>
      <trkpt lat="23.112116" lon="113.352769">
        <ele>5.9</ele>
        <time>2026-04-27T13:45:23Z</time>
        <extensions>
          <gpxtpx:TrackPointExtension></gpxtpx:TrackPointExtension>
        </extensions>
      </trkpt>
      <trkpt lat="23.112082" lon="113.352904">
        <ele>5.83</ele>
        <time>2026-04-27T13:45:28Z</time>
        <extensions>
          <gpxtpx:TrackPointExtension></gpxtpx:TrackPointExtension>
        </extensions>
      </trkpt>
      <trkpt lat="23.112081" lon="113.353041">
        <ele>5.74</ele>
        <time>2026-04-27T13:45:33Z</time>
        <extensions>
          <gpxtpx:TrackPointExtension></gpxtpx:TrackPointExtension>
        </extensions>
      </trkpt>
      <trkpt lat="23.112055" lon="113.353169">
        <ele>5.58</ele>
        <time>2026-04-27T13:45:38Z</time>
        <extensions>
          <gpxtpx:TrackPointExtension></gpxtpx:TrackPointExtension>
        </extensions>
      </trkpt>
      <trkpt lat="23.112036" lon="113.353296">
        <ele>5.59</ele>
        <time>2026-04-27T13:45:43Z</time>
        <extensions>
          <gpxtpx:TrackPointExtension></gpxtpx:TrackPointExtension>
        </extensions>
      </trkpt>
      <trkpt lat="23.112039" lon="113.353424">
        <ele>5.5</ele>
        <time>2026-04-27T13:45:48Z</time>
        <extensions>
          <gpxtpx:TrackPointExtension></gpxtpx:TrackPointExtension>
        </extensions>
      </trkpt>
      <trkpt lat="23.112002" lon="113.353546">
        <ele>5.56</ele>
        <time>2026-04-27T13:45:53Z</time>
        <extensions>
          <gpxtpx:TrackPointExtension></gpxtpx:TrackPointExtension>
        </extensions>
      </trkpt>
      <trkpt lat="23.111964" lon="113.353696">
        <ele>5.54</ele>
        <time>2026-04-27T13:45:58Z</time>
        <extensions>
          <gpxtpx:TrackPointExtension></gpxtpx:TrackPointExtension>
        </extensions>
      </trkpt>
      <trkpt lat="23.111951" lon="113.35383">
        <ele>5.58</ele>
        <time>2026-04-27T13:46:03Z</time>
        <extensions>
          <gpxtpx:TrackPointExtension></gpxtpx:TrackPointExtension>
        </extensions>
      </trkpt>
      <trkpt lat="23.111942" lon="113.353985">
        <ele>5.67</ele>
        <time>2026-04-27T13:46:08Z</time>
        <extensions>
          <gpxtpx:TrackPointExtension></gpxtpx:TrackPointExtension>
        </extensions>
      </trkpt>
      <trkpt lat="23.111949" lon="113.354102">
        <ele>5.81</ele>
        <time>2026-04-27T13:46:13Z</time>
        <extensions>
          <gpxtpx:TrackPointExtension></gpxtpx:TrackPointExtension>
        </extensions>
      </trkpt>
      <trkpt lat="23.111941" lon="113.354234">
        <ele>5.95</ele>
        <time>2026-04-27T13:46:18Z</time>
        <extensions>
          <gpxtpx:TrackPointExtension></gpxtpx:TrackPointExtension>
        </extensions>
      </trkpt>
      <trkpt lat="23.111896" lon="113.354339">
        <ele>6.03</ele>
        <time>2026-04-27T13:46:23Z</time>
        <extensions>
          <gpxtpx:TrackPointExtension></gpxtpx:TrackPointExtension>
        </extensions>
      </trkpt>
      <trkpt lat="23.111851" lon="113.354465">
        <ele>6.1</ele>
        <time>2026-04-27T13:46:28Z</time>
        <extensions>
          <gpxtpx:TrackPointExtension></gpxtpx:TrackPointExtension>
        </extensions>
      </trkpt>
      <trkpt lat="23.111841" lon="113.35459">
        <ele>6.08</ele>
        <time>2026-04-27T13:46:33Z</time>
        <extensions>
          <gpxtpx:TrackPointExtension></gpxtpx:TrackPointExtension>
        </extensions>
      </trkpt>
      <trkpt lat="23.11184" lon="113.354732">
        <ele>6.04</ele>
        <time>2026-04-27T13:46:38Z</time>
        <extensions>
          <gpxtpx:TrackPointExtension></gpxtpx:TrackPointExtension>
        </extensions>
      </trkpt>
      <trkpt lat="23.111778" lon="113.354848">
        <ele>6.2</ele>
        <time>2026-04-27T13:46:43Z</time>
        <extensions>
          <gpxtpx:TrackPointExtension></gpxtpx:TrackPointExtension>
        </extensions>
      </trkpt>
      <trkpt lat="23.111719" lon="113.354954">
        <ele>6.2</ele>
        <time>2026-04-27T13:46:48Z</time>
        <extensions>
          <gpxtpx:TrackPointExtension></gpxtpx:TrackPointExtension>
        </extensions>
      </trkpt>
      <trkpt lat="23.111665" lon="113.355063">
        <ele>6.23</ele>
        <time>2026-04-27T13:46:53Z</time>
        <extensions>
          <gpxtpx:TrackPointExtension></gpxtpx:TrackPointExtension>
        </extensions>
      </trkpt>
      <trkpt lat="23.111638" lon="113.355152">
        <ele>6.28</ele>
        <time>2026-04-27T13:46:58Z</time>
        <extensions>
          <gpxtpx:TrackPointExtension></gpxtpx:TrackPointExtension>
        </extensions>
      </trkpt>
      <trkpt lat="23.111554" lon="113.355244">
        <ele>6.26</ele>
        <time>2026-04-27T13:47:03Z</time>
        <extensions>
          <gpxtpx:TrackPointExtension></gpxtpx:TrackPointExtension>
        </extensions>
      </trkpt>
      <trkpt lat="23.111446" lon="113.355237">
        <ele>5.92</ele>
        <time>2026-04-27T13:47:08Z</time>
        <extensions>
          <gpxtpx:TrackPointExtension></gpxtpx:TrackPointExtension>
        </extensions>
      </trkpt>
      <trkpt lat="23.111348" lon="113.355271">
        <ele>5.66</ele>
        <time>2026-04-27T13:47:13Z</time>
        <extensions>
          <gpxtpx:TrackPointExtension></gpxtpx:TrackPointExtension>
        </extensions>
      </trkpt>
      <trkpt lat="23.111278" lon="113.355369">
        <ele>5.62</ele>
        <time>2026-04-27T13:47:18Z</time>
        <extensions>
          <gpxtpx:TrackPointExtension></gpxtpx:TrackPointExtension>
        </extensions>
      </trkpt>
      <trkpt lat="23.111263" lon="113.35552">
        <ele>5.6</ele>
        <time>2026-04-27T13:47:23Z</time>
        <extensions>
          <gpxtpx:TrackPointExtension></gpxtpx:TrackPointExtension>
        </extensions>
      </trkpt>
      <trkpt lat="23.111261" lon="113.355677">
        <ele>5.6</ele>
        <time>2026-04-27T13:47:28Z</time>
        <extensions>
          <gpxtpx:TrackPointExtension></gpxtpx:TrackPointExtension>
        </extensions>
      </trkpt>
      <trkpt lat="23.111249" lon="113.355786">
        <ele>5.53</ele>
        <time>2026-04-27T13:47:33Z</time>
        <extensions>
          <gpxtpx:TrackPointExtension></gpxtpx:TrackPointExtension>
        </extensions>
      </trkpt>
      <trkpt lat="23.111253" lon="113.355924">
        <ele>5.58</ele>
        <time>2026-04-27T13:47:38Z</time>
        <extensions>
          <gpxtpx:TrackPointExtension></gpxtpx:TrackPointExtension>
        </extensions>
      </trkpt>
      <trkpt lat="23.111264" lon="113.356045">
        <ele>5.7</ele>
        <time>2026-04-27T13:47:43Z</time>
        <extensions>
          <gpxtpx:TrackPointExtension></gpxtpx:TrackPointExtension>
        </extensions>
      </trkpt>
      <trkpt lat="23.111275" lon="113.356169">
        <ele>5.72</ele>
        <time>2026-04-27T13:47:48Z</time>
        <extensions>
          <gpxtpx:TrackPointExtension></gpxtpx:TrackPointExtension>
        </extensions>
      </trkpt>
      <trkpt lat="23.111292" lon="113.356312">
        <ele>5.73</ele>
        <time>2026-04-27T13:47:53Z</time>
        <extensions>
          <gpxtpx:TrackPointExtension></gpxtpx:TrackPointExtension>
        </extensions>
      </trkpt>
      <trkpt lat="23.111294" lon="113.356432">
        <ele>5.6</ele>
        <time>2026-04-27T13:47:58Z</time>
        <extensions>
          <gpxtpx:TrackPointExtension></gpxtpx:TrackPointExtension>
        </extensions>
      </trkpt>
      <trkpt lat="23.111322" lon="113.356602">
        <ele>5.66</ele>
        <time>2026-04-27T13:48:03Z</time>
        <extensions>
          <gpxtpx:TrackPointExtension></gpxtpx:TrackPointExtension>
        </extensions>
      </trkpt>
      <trkpt lat="23.111329" lon="113.356705">
        <ele>5.67</ele>
        <time>2026-04-27T13:48:08Z</time>
        <extensions>
          <gpxtpx:TrackPointExtension></gpxtpx:TrackPointExtension>
        </extensions>
      </trkpt>
      <trkpt lat="23.111331" lon="113.356842">
        <ele>5.67</ele>
        <time>2026-04-27T13:48:13Z</time>
        <extensions>
          <gpxtpx:TrackPointExtension></gpxtpx:TrackPointExtension>
        </extensions>
      </trkpt>
      <trkpt lat="23.11134" lon="113.35697">
        <ele>5.55</ele>
        <time>2026-04-27T13:48:18Z</time>
        <extensions>
          <gpxtpx:TrackPointExtension></gpxtpx:TrackPointExtension>
        </extensions>
      </trkpt>
      <trkpt lat="23.111386" lon="113.357086">
        <ele>5.67</ele>
        <time>2026-04-27T13:48:23Z</time>
        <extensions>
          <gpxtpx:TrackPointExtension></gpxtpx:TrackPointExtension>
        </extensions>
      </trkpt>
      <trkpt lat="23.111507" lon="113.357165">
        <ele>5.75</ele>
        <time>2026-04-27T13:48:28Z</time>
        <extensions>
          <gpxtpx:TrackPointExtension></gpxtpx:TrackPointExtension>
        </extensions>
      </trkpt>
      <trkpt lat="23.111566" lon="113.357261">
        <ele>5.67</ele>
        <time>2026-04-27T13:48:33Z</time>
        <extensions>
          <gpxtpx:TrackPointExtension></gpxtpx:TrackPointExtension>
        </extensions>
      </trkpt>
      <trkpt lat="23.111642" lon="113.35736">
        <ele>5.77</ele>
        <time>2026-04-27T13:48:38Z</time>
        <extensions>
          <gpxtpx:TrackPointExtension></gpxtpx:TrackPointExtension>
        </extensions>
      </trkpt>
      <trkpt lat="23.111678" lon="113.357484">
        <ele>5.87</ele>
        <time>2026-04-27T13:48:43Z</time>
        <extensions>
          <gpxtpx:TrackPointExtension></gpxtpx:TrackPointExtension>
        </extensions>
      </trkpt>
      <trkpt lat="23.111694" lon="113.357634">
        <ele>5.88</ele>
        <time>2026-04-27T13:48:48Z</time>
        <extensions>
          <gpxtpx:TrackPointExtension></gpxtpx:TrackPointExtension>
        </extensions>
      </trkpt>
      <trkpt lat="23.111711" lon="113.357739">
        <ele>5.84</ele>
        <time>2026-04-27T13:48:53Z</time>
        <extensions>
          <gpxtpx:TrackPointExtension></gpxtpx:TrackPointExtension>
        </extensions>
      </trkpt>
      <trkpt lat="23.111719" lon="113.357863">
        <ele>5.9</ele>
        <time>2026-04-27T13:48:58Z</time>
        <extensions>
          <gpxtpx:TrackPointExtension></gpxtpx:TrackPointExtension>
        </extensions>
      </trkpt>
      <trkpt lat="23.111725" lon="113.357997">
        <ele>6.1</ele>
        <time>2026-04-27T13:49:03Z</time>
        <extensions>
          <gpxtpx:TrackPointExtension></gpxtpx:TrackPointExtension>
        </extensions>
      </trkpt>
      <trkpt lat="23.111734" lon="113.358129">
        <ele>6.15</ele>
        <time>2026-04-27T13:49:08Z</time>
        <extensions>
          <gpxtpx:TrackPointExtension></gpxtpx:TrackPointExtension>
        </extensions>
      </trkpt>
      <trkpt lat="23.111704" lon="113.358212">
        <ele>6.14</ele>
        <time>2026-04-27T13:49:13Z</time>
        <extensions>
          <gpxtpx:TrackPointExtension></gpxtpx:TrackPointExtension>
        </extensions>
      </trkpt>
      <trkpt lat="23.111673" lon="113.358327">
        <ele>6.25</ele>
        <time>2026-04-27T13:49:18Z</time>
        <extensions>
          <gpxtpx:TrackPointExtension></gpxtpx:TrackPointExtension>
        </extensions>
      </trkpt>
      <trkpt lat="23.111618" lon="113.358459">
        <ele>6.24</ele>
        <time>2026-04-27T13:49:23Z</time>
        <extensions>
          <gpxtpx:TrackPointExtension></gpxtpx:TrackPointExtension>
        </extensions>
      </trkpt>
      <trkpt lat="23.111553" lon="113.358543">
        <ele>6.33</ele>
        <time>2026-04-27T13:49:28Z</time>
        <extensions>
          <gpxtpx:TrackPointExtension></gpxtpx:TrackPointExtension>
        </extensions>
      </trkpt>
      <trkpt lat="23.111485" lon="113.358645">
        <ele>6.21</ele>
        <time>2026-04-27T13:49:33Z</time>
        <extensions>
          <gpxtpx:TrackPointExtension></gpxtpx:TrackPointExtension>
        </extensions>
      </trkpt>
      <trkpt lat="23.111449" lon="113.358757">
        <ele>6.17</ele>
        <time>2026-04-27T13:49:38Z</time>
        <extensions>
          <gpxtpx:TrackPointExtension></gpxtpx:TrackPointExtension>
        </extensions>
      </trkpt>
      <trkpt lat="23.11143" lon="113.358879">
        <ele>6.02</ele>
        <time>2026-04-27T13:49:43Z</time>
        <extensions>
          <gpxtpx:TrackPointExtension></gpxtpx:TrackPointExtension>
        </extensions>
      </trkpt>
      <trkpt lat="23.111427" lon="113.359006">
        <ele>5.9</ele>
        <time>2026-04-27T13:49:48Z</time>
        <extensions>
          <gpxtpx:TrackPointExtension></gpxtpx:TrackPointExtension>
        </extensions>
      </trkpt>
      <trkpt lat="23.111427" lon="113.359125">
        <ele>5.87</ele>
        <time>2026-04-27T13:49:53Z</time>
        <extensions>
          <gpxtpx:TrackPointExtension></gpxtpx:TrackPointExtension>
        </extensions>
      </trkpt>
      <trkpt lat="23.111425" lon="113.359245">
        <ele>5.86</ele>
        <time>2026-04-27T13:49:58Z</time>
        <extensions>
          <gpxtpx:TrackPointExtension></gpxtpx:TrackPointExtension>
        </extensions>
      </trkpt>
      <trkpt lat="23.111432" lon="113.359364">
        <ele>5.99</ele>
        <time>2026-04-27T13:50:03Z</time>
        <extensions>
          <gpxtpx:TrackPointExtension></gpxtpx:TrackPointExtension>
        </extensions>
      </trkpt>
      <trkpt lat="23.111431" lon="113.359485">
        <ele>5.95</ele>
        <time>2026-04-27T13:50:08Z</time>
        <extensions>
          <gpxtpx:TrackPointExtension></gpxtpx:TrackPointExtension>
        </extensions>
      </trkpt>
      <trkpt lat="23.111435" lon="113.35961">
        <ele>5.97</ele>
        <time>2026-04-27T13:50:13Z</time>
        <extensions>
          <gpxtpx:TrackPointExtension></gpxtpx:TrackPointExtension>
        </extensions>
      </trkpt>
      <trkpt lat="23.111448" lon="113.359756">
        <ele>5.93</ele>
        <time>2026-04-27T13:50:18Z</time>
        <extensions>
          <gpxtpx:TrackPointExtension></gpxtpx:TrackPointExtension>
        </extensions>
      </trkpt>
      <trkpt lat="23.111464" lon="113.359897">
        <ele>6.05</ele>
        <time>2026-04-27T13:50:23Z</time>
        <extensions>
          <gpxtpx:TrackPointExtension></gpxtpx:TrackPointExtension>
        </extensions>
      </trkpt>
      <trkpt lat="23.111478" lon="113.36004">
        <ele>6.0</ele>
        <time>2026-04-27T13:50:28Z</time>
        <extensions>
          <gpxtpx:TrackPointExtension></gpxtpx:TrackPointExtension>
        </extensions>
      </trkpt>
      <trkpt lat="23.111494" lon="113.36017">
        <ele>6.01</ele>
        <time>2026-04-27T13:50:33Z</time>
        <extensions>
          <gpxtpx:TrackPointExtension></gpxtpx:TrackPointExtension>
        </extensions>
      </trkpt>
      <trkpt lat="23.111507" lon="113.3603">
        <ele>6.04</ele>
        <time>2026-04-27T13:50:38Z</time>
        <extensions>
          <gpxtpx:TrackPointExtension></gpxtpx:TrackPointExtension>
        </extensions>
      </trkpt>
      <trkpt lat="23.111516" lon="113.360444">
        <ele>5.95</ele>
        <time>2026-04-27T13:50:43Z</time>
        <extensions>
          <gpxtpx:TrackPointExtension></gpxtpx:TrackPointExtension>
        </extensions>
      </trkpt>
      <trkpt lat="23.111516" lon="113.360559">
        <ele>5.88</ele>
        <time>2026-04-27T13:50:48Z</time>
        <extensions>
          <gpxtpx:TrackPointExtension></gpxtpx:TrackPointExtension>
        </extensions>
      </trkpt>
      <trkpt lat="23.111518" lon="113.360682">
        <ele>5.9</ele>
        <time>2026-04-27T13:50:53Z</time>
        <extensions>
          <gpxtpx:TrackPointExtension></gpxtpx:TrackPointExtension>
        </extensions>
      </trkpt>
      <trkpt lat="23.111563" lon="113.360827">
        <ele>6.01</ele>
        <time>2026-04-27T13:50:58Z</time>
        <extensions>
          <gpxtpx:TrackPointExtension></gpxtpx:TrackPointExtension>
        </extensions>
      </trkpt>
      <trkpt lat="23.111586" lon="113.360957">
        <ele>6.06</ele>
        <time>2026-04-27T13:51:03Z</time>
        <extensions>
          <gpxtpx:TrackPointExtension></gpxtpx:TrackPointExtension>
        </extensions>
      </trkpt>
      <trkpt lat="23.111605" lon="113.361073">
        <ele>6.14</ele>
        <time>2026-04-27T13:51:08Z</time>
        <extensions>
          <gpxtpx:TrackPointExtension></gpxtpx:TrackPointExtension>
        </extensions>
      </trkpt>
      <trkpt lat="23.111634" lon="113.361194">
        <ele>6.12</ele>
        <time>2026-04-27T13:51:13Z</time>
        <extensions>
          <gpxtpx:TrackPointExtension></gpxtpx:TrackPointExtension>
        </extensions>
      </trkpt>
      <trkpt lat="23.111677" lon="113.361332">
        <ele>6.2</ele>
        <time>2026-04-27T13:51:18Z</time>
        <extensions>
          <gpxtpx:TrackPointExtension></gpxtpx:TrackPointExtension>
        </extensions>
      </trkpt>
      <trkpt lat="23.111696" lon="113.361449">
        <ele>6.15</ele>
        <time>2026-04-27T13:51:23Z</time>
        <extensions>
          <gpxtpx:TrackPointExtension></gpxtpx:TrackPointExtension>
        </extensions>
      </trkpt>
      <trkpt lat="23.111737" lon="113.361602">
        <ele>6.13</ele>
        <time>2026-04-27T13:51:28Z</time>
        <extensions>
          <gpxtpx:TrackPointExtension></gpxtpx:TrackPointExtension>
        </extensions>
      </trkpt>
      <trkpt lat="23.111754" lon="113.361727">
        <ele>6.19</ele>
        <time>2026-04-27T13:51:33Z</time>
        <extensions>
          <gpxtpx:TrackPointExtension></gpxtpx:TrackPointExtension>
        </extensions>
      </trkpt>
      <trkpt lat="23.111789" lon="113.361855">
        <ele>6.18</ele>
        <time>2026-04-27T13:51:38Z</time>
        <extensions>
          <gpxtpx:TrackPointExtension></gpxtpx:TrackPointExtension>
        </extensions>
      </trkpt>
      <trkpt lat="23.111802" lon="113.361973">
        <ele>6.29</ele>
        <time>2026-04-27T13:51:43Z</time>
        <extensions>
          <gpxtpx:TrackPointExtension></gpxtpx:TrackPointExtension>
        </extensions>
      </trkpt>
      <trkpt lat="23.111827" lon="113.362101">
        <ele>6.37</ele>
        <time>2026-04-27T13:51:48Z</time>
        <extensions>
          <gpxtpx:TrackPointExtension></gpxtpx:TrackPointExtension>
        </extensions>
      </trkpt>
      <trkpt lat="23.111854" lon="113.362193">
        <ele>8.13</ele>
        <time>2026-04-27T13:51:53Z</time>
        <extensions>
          <gpxtpx:TrackPointExtension></gpxtpx:TrackPointExtension>
        </extensions>
      </trkpt>
      <trkpt lat="23.111892" lon="113.36232">
        <ele>9.07</ele>
        <time>2026-04-27T13:51:58Z</time>
        <extensions>
          <gpxtpx:TrackPointExtension></gpxtpx:TrackPointExtension>
        </extensions>
      </trkpt>
      <trkpt lat="23.111911" lon="113.36244">
        <ele>8.47</ele>
        <time>2026-04-27T13:52:03Z</time>
        <extensions>
          <gpxtpx:TrackPointExtension></gpxtpx:TrackPointExtension>
        </extensions>
      </trkpt>
      <trkpt lat="23.111942" lon="113.362587">
        <ele>6.42</ele>
        <time>2026-04-27T13:52:08Z</time>
        <extensions>
          <gpxtpx:TrackPointExtension></gpxtpx:TrackPointExtension>
        </extensions>
      </trkpt>
      <trkpt lat="23.111959" lon="113.362732">
        <ele>6.14</ele>
        <time>2026-04-27T13:52:13Z</time>
        <extensions>
          <gpxtpx:TrackPointExtension></gpxtpx:TrackPointExtension>
        </extensions>
      </trkpt>
      <trkpt lat="23.111995" lon="113.362858">
        <ele>6.26</ele>
        <time>2026-04-27T13:52:18Z</time>
        <extensions>
          <gpxtpx:TrackPointExtension></gpxtpx:TrackPointExtension>
        </extensions>
      </trkpt>
      <trkpt lat="23.112034" lon="113.363003">
        <ele>6.24</ele>
        <time>2026-04-27T13:52:23Z</time>
        <extensions>
          <gpxtpx:TrackPointExtension></gpxtpx:TrackPointExtension>
        </extensions>
      </trkpt>
      <trkpt lat="23.112057" lon="113.363119">
        <ele>6.26</ele>
        <time>2026-04-27T13:52:28Z</time>
        <extensions>
          <gpxtpx:TrackPointExtension></gpxtpx:TrackPointExtension>
        </extensions>
      </trkpt>
      <trkpt lat="23.112096" lon="113.363262">
        <ele>6.31</ele>
        <time>2026-04-27T13:52:33Z</time>
        <extensions>
          <gpxtpx:TrackPointExtension></gpxtpx:TrackPointExtension>
        </extensions>
      </trkpt>
      <trkpt lat="23.112111" lon="113.363383">
        <ele>6.4</ele>
        <time>2026-04-27T13:52:38Z</time>
        <extensions>
          <gpxtpx:TrackPointExtension></gpxtpx:TrackPointExtension>
        </extensions>
      </trkpt>
      <trkpt lat="23.112153" lon="113.363508">
        <ele>6.44</ele>
        <time>2026-04-27T13:52:43Z</time>
        <extensions>
          <gpxtpx:TrackPointExtension></gpxtpx:TrackPointExtension>
        </extensions>
      </trkpt>
      <trkpt lat="23.112184" lon="113.363644">
        <ele>6.47</ele>
        <time>2026-04-27T13:52:48Z</time>
        <extensions>
          <gpxtpx:TrackPointExtension></gpxtpx:TrackPointExtension>
        </extensions>
      </trkpt>
      <trkpt lat="23.112215" lon="113.363757">
        <ele>6.54</ele>
        <time>2026-04-27T13:52:53Z</time>
        <extensions>
          <gpxtpx:TrackPointExtension></gpxtpx:TrackPointExtension>
        </extensions>
      </trkpt>
      <trkpt lat="23.112238" lon="113.363895">
        <ele>6.53</ele>
        <time>2026-04-27T13:52:58Z</time>
        <extensions>
          <gpxtpx:TrackPointExtension></gpxtpx:TrackPointExtension>
        </extensions>
      </trkpt>
      <trkpt lat="23.112262" lon="113.364011">
        <ele>6.71</ele>
        <time>2026-04-27T13:53:03Z</time>
        <extensions>
          <gpxtpx:TrackPointExtension></gpxtpx:TrackPointExtension>
        </extensions>
      </trkpt>
      <trkpt lat="23.112285" lon="113.364141">
        <ele>6.59</ele>
        <time>2026-04-27T13:53:08Z</time>
        <extensions>
          <gpxtpx:TrackPointExtension></gpxtpx:TrackPointExtension>
        </extensions>
      </trkpt>
      <trkpt lat="23.112314" lon="113.364233">
        <ele>6.66</ele>
        <time>2026-04-27T13:53:13Z</time>
        <extensions>
          <gpxtpx:TrackPointExtension></gpxtpx:TrackPointExtension>
        </extensions>
      </trkpt>
      <trkpt lat="23.112356" lon="113.364406">
        <ele>6.61</ele>
        <time>2026-04-27T13:53:18Z</time>
        <extensions>
          <gpxtpx:TrackPointExtension></gpxtpx:TrackPointExtension>
        </extensions>
      </trkpt>
      <trkpt lat="23.112363" lon="113.36452">
        <ele>6.48</ele>
        <time>2026-04-27T13:53:23Z</time>
        <extensions>
          <gpxtpx:TrackPointExtension></gpxtpx:TrackPointExtension>
        </extensions>
      </trkpt>
      <trkpt lat="23.112385" lon="113.364657">
        <ele>6.5</ele>
        <time>2026-04-27T13:53:28Z</time>
        <extensions>
          <gpxtpx:TrackPointExtension></gpxtpx:TrackPointExtension>
        </extensions>
      </trkpt>
      <trkpt lat="23.112392" lon="113.364759">
        <ele>6.44</ele>
        <time>2026-04-27T13:53:33Z</time>
        <extensions>
          <gpxtpx:TrackPointExtension></gpxtpx:TrackPointExtension>
        </extensions>
      </trkpt>
      <trkpt lat="23.112421" lon="113.364905">
        <ele>6.4</ele>
        <time>2026-04-27T13:53:38Z</time>
        <extensions>
          <gpxtpx:TrackPointExtension></gpxtpx:TrackPointExtension>
        </extensions>
      </trkpt>
      <trkpt lat="23.112443" lon="113.365027">
        <ele>6.38</ele>
        <time>2026-04-27T13:53:43Z</time>
        <extensions>
          <gpxtpx:TrackPointExtension></gpxtpx:TrackPointExtension>
        </extensions>
      </trkpt>
      <trkpt lat="23.112453" lon="113.365134">
        <ele>6.38</ele>
        <time>2026-04-27T13:53:48Z</time>
        <extensions>
          <gpxtpx:TrackPointExtension></gpxtpx:TrackPointExtension>
        </extensions>
      </trkpt>
      <trkpt lat="23.11247" lon="113.365269">
        <ele>6.41</ele>
        <time>2026-04-27T13:53:53Z</time>
        <extensions>
          <gpxtpx:TrackPointExtension></gpxtpx:TrackPointExtension>
        </extensions>
      </trkpt>
      <trkpt lat="23.112509" lon="113.36544">
        <ele>6.41</ele>
        <time>2026-04-27T13:53:58Z</time>
        <extensions>
          <gpxtpx:TrackPointExtension></gpxtpx:TrackPointExtension>
        </extensions>
      </trkpt>
      <trkpt lat="23.112521" lon="113.365543">
        <ele>6.48</ele>
        <time>2026-04-27T13:54:03Z</time>
        <extensions>
          <gpxtpx:TrackPointExtension></gpxtpx:TrackPointExtension>
        </extensions>
      </trkpt>
      <trkpt lat="23.112543" lon="113.365677">
        <ele>6.41</ele>
        <time>2026-04-27T13:54:08Z</time>
        <extensions>
          <gpxtpx:TrackPointExtension></gpxtpx:TrackPointExtension>
        </extensions>
      </trkpt>
      <trkpt lat="23.112567" lon="113.365811">
        <ele>6.53</ele>
        <time>2026-04-27T13:54:13Z</time>
        <extensions>
          <gpxtpx:TrackPointExtension></gpxtpx:TrackPointExtension>
        </extensions>
      </trkpt>
      <trkpt lat="23.112584" lon="113.365929">
        <ele>6.39</ele>
        <time>2026-04-27T13:54:18Z</time>
        <extensions>
          <gpxtpx:TrackPointExtension></gpxtpx:TrackPointExtension>
        </extensions>
      </trkpt>
      <trkpt lat="23.112612" lon="113.36606">
        <ele>6.35</ele>
        <time>2026-04-27T13:54:23Z</time>
        <extensions>
          <gpxtpx:TrackPointExtension></gpxtpx:TrackPointExtension>
        </extensions>
      </trkpt>
      <trkpt lat="23.112628" lon="113.366155">
        <ele>6.18</ele>
        <time>2026-04-27T13:54:28Z</time>
        <extensions>
          <gpxtpx:TrackPointExtension></gpxtpx:TrackPointExtension>
        </extensions>
      </trkpt>
      <trkpt lat="23.112723" lon="113.366224">
        <ele>6.6</ele>
        <time>2026-04-27T13:54:33Z</time>
        <extensions>
          <gpxtpx:TrackPointExtension></gpxtpx:TrackPointExtension>
        </extensions>
      </trkpt>
      <trkpt lat="23.112763" lon="113.366335">
        <ele>8.01</ele>
        <time>2026-04-27T13:54:38Z</time>
        <extensions>
          <gpxtpx:TrackPointExtension></gpxtpx:TrackPointExtension>
        </extensions>
      </trkpt>
      <trkpt lat="23.112784" lon="113.366467">
        <ele>8.68</ele>
        <time>2026-04-27T13:54:43Z</time>
        <extensions>
          <gpxtpx:TrackPointExtension></gpxtpx:TrackPointExtension>
        </extensions>
      </trkpt>
      <trkpt lat="23.112808" lon="113.366604">
        <ele>9.49</ele>
        <time>2026-04-27T13:54:48Z</time>
        <extensions>
          <gpxtpx:TrackPointExtension></gpxtpx:TrackPointExtension>
        </extensions>
      </trkpt>
      <trkpt lat="23.11284" lon="113.366752">
        <ele>9.75</ele>
        <time>2026-04-27T13:54:53Z</time>
        <extensions>
          <gpxtpx:TrackPointExtension></gpxtpx:TrackPointExtension>
        </extensions>
      </trkpt>
      <trkpt lat="23.11286" lon="113.366882">
        <ele>9.7</ele>
        <time>2026-04-27T13:54:58Z</time>
        <extensions>
          <gpxtpx:TrackPointExtension></gpxtpx:TrackPointExtension>
        </extensions>
      </trkpt>
      <trkpt lat="23.112884" lon="113.367001">
        <ele>8.98</ele>
        <time>2026-04-27T13:55:03Z</time>
        <extensions>
          <gpxtpx:TrackPointExtension></gpxtpx:TrackPointExtension>
        </extensions>
      </trkpt>
      <trkpt lat="23.112906" lon="113.367135">
        <ele>8.06</ele>
        <time>2026-04-27T13:55:08Z</time>
        <extensions>
          <gpxtpx:TrackPointExtension></gpxtpx:TrackPointExtension>
        </extensions>
      </trkpt>
      <trkpt lat="23.112935" lon="113.367267">
        <ele>6.46</ele>
        <time>2026-04-27T13:55:13Z</time>
        <extensions>
          <gpxtpx:TrackPointExtension></gpxtpx:TrackPointExtension>
        </extensions>
      </trkpt>
      <trkpt lat="23.112893" lon="113.367376">
        <ele>6.27</ele>
        <time>2026-04-27T13:55:18Z</time>
        <extensions>
          <gpxtpx:TrackPointExtension></gpxtpx:TrackPointExtension>
        </extensions>
      </trkpt>
      <trkpt lat="23.11279" lon="113.367449">
        <ele>6.22</ele>
        <time>2026-04-27T13:55:23Z</time>
        <extensions>
          <gpxtpx:TrackPointExtension></gpxtpx:TrackPointExtension>
        </extensions>
      </trkpt>
      <trkpt lat="23.112716" lon="113.36757">
        <ele>6.12</ele>
        <time>2026-04-27T13:55:28Z</time>
        <extensions>
          <gpxtpx:TrackPointExtension></gpxtpx:TrackPointExtension>
        </extensions>
      </trkpt>
      <trkpt lat="23.112705" lon="113.36768">
        <ele>6.08</ele>
        <time>2026-04-27T13:55:33Z</time>
        <extensions>
          <gpxtpx:TrackPointExtension></gpxtpx:TrackPointExtension>
        </extensions>
      </trkpt>
      <trkpt lat="23.112675" lon="113.367793">
        <ele>5.94</ele>
        <time>2026-04-27T13:55:38Z</time>
        <extensions>
          <gpxtpx:TrackPointExtension></gpxtpx:TrackPointExtension>
        </extensions>
      </trkpt>
      <trkpt lat="23.112675" lon="113.3679">
        <ele>5.86</ele>
        <time>2026-04-27T13:55:43Z</time>
        <extensions>
          <gpxtpx:TrackPointExtension></gpxtpx:TrackPointExtension>
        </extensions>
      </trkpt>
      <trkpt lat="23.112671" lon="113.368035">
        <ele>5.82</ele>
        <time>2026-04-27T13:55:48Z</time>
        <extensions>
          <gpxtpx:TrackPointExtension></gpxtpx:TrackPointExtension>
        </extensions>
      </trkpt>
      <trkpt lat="23.112697" lon="113.36815">
        <ele>5.73</ele>
        <time>2026-04-27T13:55:53Z</time>
        <extensions>
          <gpxtpx:TrackPointExtension></gpxtpx:TrackPointExtension>
        </extensions>
      </trkpt>
      <trkpt lat="23.112838" lon="113.368163">
        <ele>5.59</ele>
        <time>2026-04-27T13:55:58Z</time>
        <extensions>
          <gpxtpx:TrackPointExtension></gpxtpx:TrackPointExtension>
        </extensions>
      </trkpt>
      <trkpt lat="23.112961" lon="113.368162">
        <ele>5.54</ele>
        <time>2026-04-27T13:56:03Z</time>
        <extensions>
          <gpxtpx:TrackPointExtension></gpxtpx:TrackPointExtension>
        </extensions>
      </trkpt>
      <trkpt lat="23.112999" lon="113.368283">
        <ele>5.64</ele>
        <time>2026-04-27T13:56:08Z</time>
        <extensions>
          <gpxtpx:TrackPointExtension></gpxtpx:TrackPointExtension>
        </extensions>
      </trkpt>
      <trkpt lat="23.113028" lon="113.368428">
        <ele>5.58</ele>
        <time>2026-04-27T13:56:13Z</time>
        <extensions>
          <gpxtpx:TrackPointExtension></gpxtpx:TrackPointExtension>
        </extensions>
      </trkpt>
      <trkpt lat="23.113038" lon="113.368559">
        <ele>5.77</ele>
        <time>2026-04-27T13:56:18Z</time>
        <extensions>
          <gpxtpx:TrackPointExtension></gpxtpx:TrackPointExtension>
        </extensions>
      </trkpt>
      <trkpt lat="23.113013" lon="113.368635">
        <ele>6.1</ele>
        <time>2026-04-27T13:56:23Z</time>
        <extensions>
          <gpxtpx:TrackPointExtension></gpxtpx:TrackPointExtension>
        </extensions>
      </trkpt>
      <trkpt lat="23.113026" lon="113.368717">
        <ele>5.77</ele>
        <time>2026-04-27T13:56:28Z</time>
        <extensions>
          <gpxtpx:TrackPointExtension></gpxtpx:TrackPointExtension>
        </extensions>
      </trkpt>
      <trkpt lat="23.113154" lon="113.368762">
        <ele>6.06</ele>
        <time>2026-04-27T13:56:33Z</time>
        <extensions>
          <gpxtpx:TrackPointExtension></gpxtpx:TrackPointExtension>
        </extensions>
      </trkpt>
      <trkpt lat="23.113273" lon="113.36874">
        <ele>6.23</ele>
        <time>2026-04-27T13:56:38Z</time>
        <extensions>
          <gpxtpx:TrackPointExtension></gpxtpx:TrackPointExtension>
        </extensions>
      </trkpt>
      <trkpt lat="23.113269" lon="113.36868">
        <ele>6.34</ele>
        <time>2026-04-27T13:56:43Z</time>
        <extensions>
          <gpxtpx:TrackPointExtension></gpxtpx:TrackPointExtension>
        </extensions>
      </trkpt>
      <trkpt lat="23.113231" lon="113.368574">
        <ele>6.33</ele>
        <time>2026-04-27T13:56:48Z</time>
        <extensions>
          <gpxtpx:TrackPointExtension></gpxtpx:TrackPointExtension>
        </extensions>
      </trkpt>
      <trkpt lat="23.113174" lon="113.368444">
        <ele>6.47</ele>
        <time>2026-04-27T13:56:53Z</time>
        <extensions>
          <gpxtpx:TrackPointExtension></gpxtpx:TrackPointExtension>
        </extensions>
      </trkpt>
      <trkpt lat="23.11313" lon="113.368325">
        <ele>6.68</ele>
        <time>2026-04-27T13:56:58Z</time>
        <extensions>
          <gpxtpx:TrackPointExtension></gpxtpx:TrackPointExtension>
        </extensions>
      </trkpt>
      <trkpt lat="23.113106" lon="113.368199">
        <ele>6.62</ele>
        <time>2026-04-27T13:57:03Z</time>
        <extensions>
          <gpxtpx:TrackPointExtension></gpxtpx:TrackPointExtension>
        </extensions>
      </trkpt>
      <trkpt lat="23.113077" lon="113.368077">
        <ele>6.85</ele>
        <time>2026-04-27T13:57:08Z</time>
        <extensions>
          <gpxtpx:TrackPointExtension></gpxtpx:TrackPointExtension>
        </extensions>
      </trkpt>
      <trkpt lat="23.113062" lon="113.367944">
        <ele>7.04</ele>
        <time>2026-04-27T13:57:13Z</time>
        <extensions>
          <gpxtpx:TrackPointExtension></gpxtpx:TrackPointExtension>
        </extensions>
      </trkpt>
      <trkpt lat="23.113049" lon="113.367832">
        <ele>7.13</ele>
        <time>2026-04-27T13:57:18Z</time>
        <extensions>
          <gpxtpx:TrackPointExtension></gpxtpx:TrackPointExtension>
        </extensions>
      </trkpt>
      <trkpt lat="23.11302" lon="113.367707">
        <ele>7.23</ele>
        <time>2026-04-27T13:57:23Z</time>
        <extensions>
          <gpxtpx:TrackPointExtension></gpxtpx:TrackPointExtension>
        </extensions>
      </trkpt>
      <trkpt lat="23.113002" lon="113.367585">
        <ele>6.89</ele>
        <time>2026-04-27T13:57:28Z</time>
        <extensions>
          <gpxtpx:TrackPointExtension></gpxtpx:TrackPointExtension>
        </extensions>
      </trkpt>
      <trkpt lat="23.112982" lon="113.367477">
        <ele>5.55</ele>
        <time>2026-04-27T13:57:33Z</time>
        <extensions>
          <gpxtpx:TrackPointExtension></gpxtpx:TrackPointExtension>
        </extensions>
      </trkpt>
      <trkpt lat="23.112946" lon="113.36736">
        <ele>5.84</ele>
        <time>2026-04-27T13:57:38Z</time>
        <extensions>
          <gpxtpx:TrackPointExtension></gpxtpx:TrackPointExtension>
        </extensions>
      </trkpt>
      <trkpt lat="23.112925" lon="113.36724">
        <ele>7.06</ele>
        <time>2026-04-27T13:57:43Z</time>
        <extensions>
          <gpxtpx:TrackPointExtension></gpxtpx:TrackPointExtension>
        </extensions>
      </trkpt>
      <trkpt lat="23.112883" lon="113.367083">
        <ele>7.95</ele>
        <time>2026-04-27T13:57:48Z</time>
        <extensions>
          <gpxtpx:TrackPointExtension></gpxtpx:TrackPointExtension>
        </extensions>
      </trkpt>
      <trkpt lat="23.112863" lon="113.366948">
        <ele>8.83</ele>
        <time>2026-04-27T13:57:53Z</time>
        <extensions>
          <gpxtpx:TrackPointExtension></gpxtpx:TrackPointExtension>
        </extensions>
      </trkpt>
      <trkpt lat="23.112826" lon="113.366808">
        <ele>8.79</ele>
        <time>2026-04-27T13:57:58Z</time>
        <extensions>
          <gpxtpx:TrackPointExtension></gpxtpx:TrackPointExtension>
        </extensions>
      </trkpt>
      <trkpt lat="23.112817" lon="113.366674">
        <ele>8.26</ele>
        <time>2026-04-27T13:58:03Z</time>
        <extensions>
          <gpxtpx:TrackPointExtension></gpxtpx:TrackPointExtension>
        </extensions>
      </trkpt>
      <trkpt lat="23.112794" lon="113.366547">
        <ele>7.43</ele>
        <time>2026-04-27T13:58:08Z</time>
        <extensions>
          <gpxtpx:TrackPointExtension></gpxtpx:TrackPointExtension>
        </extensions>
      </trkpt>
      <trkpt lat="23.112766" lon="113.366422">
        <ele>6.59</ele>
        <time>2026-04-27T13:58:13Z</time>
        <extensions>
          <gpxtpx:TrackPointExtension></gpxtpx:TrackPointExtension>
        </extensions>
      </trkpt>
      <trkpt lat="23.112763" lon="113.366246">
        <ele>5.27</ele>
        <time>2026-04-27T13:58:18Z</time>
        <extensions>
          <gpxtpx:TrackPointExtension></gpxtpx:TrackPointExtension>
        </extensions>
      </trkpt>
      <trkpt lat="23.112672" lon="113.366322">
        <ele>5.09</ele>
        <time>2026-04-27T13:58:23Z</time>
        <extensions>
          <gpxtpx:TrackPointExtension></gpxtpx:TrackPointExtension>
        </extensions>
      </trkpt>
      <trkpt lat="23.112646" lon="113.366128">
        <ele>5.08</ele>
        <time>2026-04-27T13:58:28Z</time>
        <extensions>
          <gpxtpx:TrackPointExtension></gpxtpx:TrackPointExtension>
        </extensions>
      </trkpt>
      <trkpt lat="23.112604" lon="113.365995">
        <ele>5.07</ele>
        <time>2026-04-27T13:58:33Z</time>
        <extensions>
          <gpxtpx:TrackPointExtension></gpxtpx:TrackPointExtension>
        </extensions>
      </trkpt>
      <trkpt lat="23.112567" lon="113.365887">
        <ele>5.04</ele>
        <time>2026-04-27T13:58:38Z</time>
        <extensions>
          <gpxtpx:TrackPointExtension></gpxtpx:TrackPointExtension>
        </extensions>
      </trkpt>
      <trkpt lat="23.112544" lon="113.365755">
        <ele>5.24</ele>
        <time>2026-04-27T13:58:43Z</time>
        <extensions>
          <gpxtpx:TrackPointExtension></gpxtpx:TrackPointExtension>
        </extensions>
      </trkpt>
      <trkpt lat="23.11251" lon="113.365613">
        <ele>5.15</ele>
        <time>2026-04-27T13:58:48Z</time>
        <extensions>
          <gpxtpx:TrackPointExtension></gpxtpx:TrackPointExtension>
        </extensions>
      </trkpt>
      <trkpt lat="23.112496" lon="113.36551">
        <ele>5.17</ele>
        <time>2026-04-27T13:58:53Z</time>
        <extensions>
          <gpxtpx:TrackPointExtension></gpxtpx:TrackPointExtension>
        </extensions>
      </trkpt>
      <trkpt lat="23.112493" lon="113.365334">
        <ele>5.16</ele>
        <time>2026-04-27T13:58:58Z</time>
        <extensions>
          <gpxtpx:TrackPointExtension></gpxtpx:TrackPointExtension>
        </extensions>
      </trkpt>
      <trkpt lat="23.112477" lon="113.365219">
        <ele>5.16</ele>
        <time>2026-04-27T13:59:03Z</time>
        <extensions>
          <gpxtpx:TrackPointExtension></gpxtpx:TrackPointExtension>
        </extensions>
      </trkpt>
      <trkpt lat="23.112442" lon="113.365086">
        <ele>5.02</ele>
        <time>2026-04-27T13:59:08Z</time>
        <extensions>
          <gpxtpx:TrackPointExtension></gpxtpx:TrackPointExtension>
        </extensions>
      </trkpt>
      <trkpt lat="23.112387" lon="113.364972">
        <ele>4.98</ele>
        <time>2026-04-27T13:59:13Z</time>
        <extensions>
          <gpxtpx:TrackPointExtension></gpxtpx:TrackPointExtension>
        </extensions>
      </trkpt>
      <trkpt lat="23.11235" lon="113.364869">
        <ele>4.93</ele>
        <time>2026-04-27T13:59:18Z</time>
        <extensions>
          <gpxtpx:TrackPointExtension></gpxtpx:TrackPointExtension>
        </extensions>
      </trkpt>
      <trkpt lat="23.112354" lon="113.364744">
        <ele>4.9</ele>
        <time>2026-04-27T13:59:23Z</time>
        <extensions>
          <gpxtpx:TrackPointExtension></gpxtpx:TrackPointExtension>
        </extensions>
      </trkpt>
      <trkpt lat="23.112353" lon="113.364655">
        <ele>5.08</ele>
        <time>2026-04-27T13:59:28Z</time>
        <extensions>
          <gpxtpx:TrackPointExtension></gpxtpx:TrackPointExtension>
        </extensions>
      </trkpt>
      <trkpt lat="23.112328" lon="113.364534">
        <ele>4.97</ele>
        <time>2026-04-27T13:59:33Z</time>
        <extensions>
          <gpxtpx:TrackPointExtension></gpxtpx:TrackPointExtension>
        </extensions>
      </trkpt>
      <trkpt lat="23.112287" lon="113.364396">
        <ele>4.9</ele>
        <time>2026-04-27T13:59:38Z</time>
        <extensions>
          <gpxtpx:TrackPointExtension></gpxtpx:TrackPointExtension>
        </extensions>
      </trkpt>
      <trkpt lat="23.11227" lon="113.364226">
        <ele>4.88</ele>
        <time>2026-04-27T13:59:43Z</time>
        <extensions>
          <gpxtpx:TrackPointExtension></gpxtpx:TrackPointExtension>
        </extensions>
      </trkpt>
      <trkpt lat="23.112242" lon="113.364087">
        <ele>4.84</ele>
        <time>2026-04-27T13:59:48Z</time>
        <extensions>
          <gpxtpx:TrackPointExtension></gpxtpx:TrackPointExtension>
        </extensions>
      </trkpt>
      <trkpt lat="23.112238" lon="113.363929">
        <ele>4.81</ele>
        <time>2026-04-27T13:59:53Z</time>
        <extensions>
          <gpxtpx:TrackPointExtension></gpxtpx:TrackPointExtension>
        </extensions>
      </trkpt>
      <trkpt lat="23.112206" lon="113.36382">
        <ele>4.88</ele>
        <time>2026-04-27T13:59:58Z</time>
        <extensions>
          <gpxtpx:TrackPointExtension></gpxtpx:TrackPointExtension>
        </extensions>
      </trkpt>
      <trkpt lat="23.112191" lon="113.363672">
        <ele>4.96</ele>
        <time>2026-04-27T14:00:03Z</time>
        <extensions>
          <gpxtpx:TrackPointExtension></gpxtpx:TrackPointExtension>
        </extensions>
      </trkpt>
      <trkpt lat="23.112167" lon="113.363548">
        <ele>4.97</ele>
        <time>2026-04-27T14:00:08Z</time>
        <extensions>
          <gpxtpx:TrackPointExtension></gpxtpx:TrackPointExtension>
        </extensions>
      </trkpt>
      <trkpt lat="23.112124" lon="113.36342">
        <ele>4.92</ele>
        <time>2026-04-27T14:00:13Z</time>
        <extensions>
          <gpxtpx:TrackPointExtension></gpxtpx:TrackPointExtension>
        </extensions>
      </trkpt>
      <trkpt lat="23.112091" lon="113.363299">
        <ele>4.86</ele>
        <time>2026-04-27T14:00:18Z</time>
        <extensions>
          <gpxtpx:TrackPointExtension></gpxtpx:TrackPointExtension>
        </extensions>
      </trkpt>
      <trkpt lat="23.112078" lon="113.36315">
        <ele>4.86</ele>
        <time>2026-04-27T14:00:23Z</time>
        <extensions>
          <gpxtpx:TrackPointExtension></gpxtpx:TrackPointExtension>
        </extensions>
      </trkpt>
      <trkpt lat="23.112054" lon="113.363037">
        <ele>4.81</ele>
        <time>2026-04-27T14:00:28Z</time>
        <extensions>
          <gpxtpx:TrackPointExtension></gpxtpx:TrackPointExtension>
        </extensions>
      </trkpt>
      <trkpt lat="23.112021" lon="113.362905">
        <ele>4.75</ele>
        <time>2026-04-27T14:00:33Z</time>
        <extensions>
          <gpxtpx:TrackPointExtension></gpxtpx:TrackPointExtension>
        </extensions>
      </trkpt>
      <trkpt lat="23.11199" lon="113.362789">
        <ele>4.72</ele>
        <time>2026-04-27T14:00:38Z</time>
        <extensions>
          <gpxtpx:TrackPointExtension></gpxtpx:TrackPointExtension>
        </extensions>
      </trkpt>
      <trkpt lat="23.111944" lon="113.362688">
        <ele>5.28</ele>
        <time>2026-04-27T14:00:43Z</time>
        <extensions>
          <gpxtpx:TrackPointExtension></gpxtpx:TrackPointExtension>
        </extensions>
      </trkpt>
      <trkpt lat="23.111929" lon="113.36256">
        <ele>6.73</ele>
        <time>2026-04-27T14:00:48Z</time>
        <extensions>
          <gpxtpx:TrackPointExtension></gpxtpx:TrackPointExtension>
        </extensions>
      </trkpt>
      <trkpt lat="23.111895" lon="113.362439">
        <ele>7.31</ele>
        <time>2026-04-27T14:00:53Z</time>
        <extensions>
          <gpxtpx:TrackPointExtension></gpxtpx:TrackPointExtension>
        </extensions>
      </trkpt>
      <trkpt lat="23.111869" lon="113.362319">
        <ele>6.66</ele>
        <time>2026-04-27T14:00:58Z</time>
        <extensions>
          <gpxtpx:TrackPointExtension></gpxtpx:TrackPointExtension>
        </extensions>
      </trkpt>
      <trkpt lat="23.111845" lon="113.362173">
        <ele>4.94</ele>
        <time>2026-04-27T14:01:03Z</time>
        <extensions>
          <gpxtpx:TrackPointExtension></gpxtpx:TrackPointExtension>
        </extensions>
      </trkpt>
      <trkpt lat="23.111826" lon="113.362017">
        <ele>4.87</ele>
        <time>2026-04-27T14:01:08Z</time>
        <extensions>
          <gpxtpx:TrackPointExtension></gpxtpx:TrackPointExtension>
        </extensions>
      </trkpt>
      <trkpt lat="23.111796" lon="113.361895">
        <ele>4.82</ele>
        <time>2026-04-27T14:01:13Z</time>
        <extensions>
          <gpxtpx:TrackPointExtension></gpxtpx:TrackPointExtension>
        </extensions>
      </trkpt>
      <trkpt lat="23.111765" lon="113.361777">
        <ele>4.72</ele>
        <time>2026-04-27T14:01:18Z</time>
        <extensions>
          <gpxtpx:TrackPointExtension></gpxtpx:TrackPointExtension>
        </extensions>
      </trkpt>
      <trkpt lat="23.111737" lon="113.361656">
        <ele>4.73</ele>
        <time>2026-04-27T14:01:23Z</time>
        <extensions>
          <gpxtpx:TrackPointExtension></gpxtpx:TrackPointExtension>
        </extensions>
      </trkpt>
      <trkpt lat="23.111724" lon="113.361506">
        <ele>4.79</ele>
        <time>2026-04-27T14:01:28Z</time>
        <extensions>
          <gpxtpx:TrackPointExtension></gpxtpx:TrackPointExtension>
        </extensions>
      </trkpt>
      <trkpt lat="23.111701" lon="113.361367">
        <ele>4.87</ele>
        <time>2026-04-27T14:01:33Z</time>
        <extensions>
          <gpxtpx:TrackPointExtension></gpxtpx:TrackPointExtension>
        </extensions>
      </trkpt>
      <trkpt lat="23.111662" lon="113.361257">
        <ele>4.75</ele>
        <time>2026-04-27T14:01:38Z</time>
        <extensions>
          <gpxtpx:TrackPointExtension></gpxtpx:TrackPointExtension>
        </extensions>
      </trkpt>
      <trkpt lat="23.111627" lon="113.361148">
        <ele>4.76</ele>
        <time>2026-04-27T14:01:43Z</time>
        <extensions>
          <gpxtpx:TrackPointExtension></gpxtpx:TrackPointExtension>
        </extensions>
      </trkpt>
      <trkpt lat="23.111597" lon="113.361032">
        <ele>4.77</ele>
        <time>2026-04-27T14:01:48Z</time>
        <extensions>
          <gpxtpx:TrackPointExtension></gpxtpx:TrackPointExtension>
        </extensions>
      </trkpt>
      <trkpt lat="23.111573" lon="113.360911">
        <ele>4.91</ele>
        <time>2026-04-27T14:01:53Z</time>
        <extensions>
          <gpxtpx:TrackPointExtension></gpxtpx:TrackPointExtension>
        </extensions>
      </trkpt>
      <trkpt lat="23.111551" lon="113.36079">
        <ele>4.72</ele>
        <time>2026-04-27T14:01:58Z</time>
        <extensions>
          <gpxtpx:TrackPointExtension></gpxtpx:TrackPointExtension>
        </extensions>
      </trkpt>
      <trkpt lat="23.111543" lon="113.360673">
        <ele>4.75</ele>
        <time>2026-04-27T14:02:03Z</time>
        <extensions>
          <gpxtpx:TrackPointExtension></gpxtpx:TrackPointExtension>
        </extensions>
      </trkpt>
      <trkpt lat="23.111524" lon="113.360551">
        <ele>4.69</ele>
        <time>2026-04-27T14:02:08Z</time>
        <extensions>
          <gpxtpx:TrackPointExtension></gpxtpx:TrackPointExtension>
        </extensions>
      </trkpt>
      <trkpt lat="23.111548" lon="113.360425">
        <ele>4.64</ele>
        <time>2026-04-27T14:02:13Z</time>
        <extensions>
          <gpxtpx:TrackPointExtension></gpxtpx:TrackPointExtension>
        </extensions>
      </trkpt>
      <trkpt lat="23.111501" lon="113.360311">
        <ele>4.64</ele>
        <time>2026-04-27T14:02:18Z</time>
        <extensions>
          <gpxtpx:TrackPointExtension></gpxtpx:TrackPointExtension>
        </extensions>
      </trkpt>
      <trkpt lat="23.111492" lon="113.360176">
        <ele>4.72</ele>
        <time>2026-04-27T14:02:23Z</time>
        <extensions>
          <gpxtpx:TrackPointExtension></gpxtpx:TrackPointExtension>
        </extensions>
      </trkpt>
      <trkpt lat="23.111474" lon="113.360068">
        <ele>4.7</ele>
        <time>2026-04-27T14:02:28Z</time>
        <extensions>
          <gpxtpx:TrackPointExtension></gpxtpx:TrackPointExtension>
        </extensions>
      </trkpt>
      <trkpt lat="23.111442" lon="113.359965">
        <ele>4.68</ele>
        <time>2026-04-27T14:02:33Z</time>
        <extensions>
          <gpxtpx:TrackPointExtension></gpxtpx:TrackPointExtension>
        </extensions>
      </trkpt>
      <trkpt lat="23.111444" lon="113.359827">
        <ele>4.7</ele>
        <time>2026-04-27T14:02:38Z</time>
        <extensions>
          <gpxtpx:TrackPointExtension></gpxtpx:TrackPointExtension>
        </extensions>
      </trkpt>
      <trkpt lat="23.111449" lon="113.359675">
        <ele>4.73</ele>
        <time>2026-04-27T14:02:43Z</time>
        <extensions>
          <gpxtpx:TrackPointExtension></gpxtpx:TrackPointExtension>
        </extensions>
      </trkpt>
      <trkpt lat="23.111401" lon="113.35955">
        <ele>4.68</ele>
        <time>2026-04-27T14:02:48Z</time>
        <extensions>
          <gpxtpx:TrackPointExtension></gpxtpx:TrackPointExtension>
        </extensions>
      </trkpt>
      <trkpt lat="23.111421" lon="113.359439">
        <ele>4.64</ele>
        <time>2026-04-27T14:02:53Z</time>
        <extensions>
          <gpxtpx:TrackPointExtension></gpxtpx:TrackPointExtension>
        </extensions>
      </trkpt>
      <trkpt lat="23.111439" lon="113.359238">
        <ele>4.63</ele>
        <time>2026-04-27T14:02:58Z</time>
        <extensions>
          <gpxtpx:TrackPointExtension></gpxtpx:TrackPointExtension>
        </extensions>
      </trkpt>
      <trkpt lat="23.111428" lon="113.359143">
        <ele>4.7</ele>
        <time>2026-04-27T14:03:03Z</time>
        <extensions>
          <gpxtpx:TrackPointExtension></gpxtpx:TrackPointExtension>
        </extensions>
      </trkpt>
      <trkpt lat="23.11144" lon="113.359003">
        <ele>4.76</ele>
        <time>2026-04-27T14:03:08Z</time>
        <extensions>
          <gpxtpx:TrackPointExtension></gpxtpx:TrackPointExtension>
        </extensions>
      </trkpt>
      <trkpt lat="23.111437" lon="113.35887">
        <ele>4.77</ele>
        <time>2026-04-27T14:03:13Z</time>
        <extensions>
          <gpxtpx:TrackPointExtension></gpxtpx:TrackPointExtension>
        </extensions>
      </trkpt>
      <trkpt lat="23.11147" lon="113.358753">
        <ele>4.68</ele>
        <time>2026-04-27T14:03:18Z</time>
        <extensions>
          <gpxtpx:TrackPointExtension></gpxtpx:TrackPointExtension>
        </extensions>
      </trkpt>
      <trkpt lat="23.111518" lon="113.358644">
        <ele>4.68</ele>
        <time>2026-04-27T14:03:23Z</time>
        <extensions>
          <gpxtpx:TrackPointExtension></gpxtpx:TrackPointExtension>
        </extensions>
      </trkpt>
      <trkpt lat="23.111584" lon="113.358528">
        <ele>4.7</ele>
        <time>2026-04-27T14:03:28Z</time>
        <extensions>
          <gpxtpx:TrackPointExtension></gpxtpx:TrackPointExtension>
        </extensions>
      </trkpt>
      <trkpt lat="23.111645" lon="113.358415">
        <ele>4.77</ele>
        <time>2026-04-27T14:03:33Z</time>
        <extensions>
          <gpxtpx:TrackPointExtension></gpxtpx:TrackPointExtension>
        </extensions>
      </trkpt>
      <trkpt lat="23.111693" lon="113.358275">
        <ele>4.92</ele>
        <time>2026-04-27T14:03:38Z</time>
        <extensions>
          <gpxtpx:TrackPointExtension></gpxtpx:TrackPointExtension>
        </extensions>
      </trkpt>
      <trkpt lat="23.111697" lon="113.358164">
        <ele>4.92</ele>
        <time>2026-04-27T14:03:43Z</time>
        <extensions>
          <gpxtpx:TrackPointExtension></gpxtpx:TrackPointExtension>
        </extensions>
      </trkpt>
      <trkpt lat="23.111703" lon="113.358069">
        <ele>4.88</ele>
        <time>2026-04-27T14:03:48Z</time>
        <extensions>
          <gpxtpx:TrackPointExtension></gpxtpx:TrackPointExtension>
        </extensions>
      </trkpt>
      <trkpt lat="23.11173" lon="113.357916">
        <ele>4.93</ele>
        <time>2026-04-27T14:03:53Z</time>
        <extensions>
          <gpxtpx:TrackPointExtension></gpxtpx:TrackPointExtension>
        </extensions>
      </trkpt>
      <trkpt lat="23.111709" lon="113.357805">
        <ele>4.93</ele>
        <time>2026-04-27T14:03:58Z</time>
        <extensions>
          <gpxtpx:TrackPointExtension></gpxtpx:TrackPointExtension>
        </extensions>
      </trkpt>
      <trkpt lat="23.1117" lon="113.357684">
        <ele>4.87</ele>
        <time>2026-04-27T14:04:03Z</time>
        <extensions>
          <gpxtpx:TrackPointExtension></gpxtpx:TrackPointExtension>
        </extensions>
      </trkpt>
      <trkpt lat="23.111674" lon="113.357566">
        <ele>5.11</ele>
        <time>2026-04-27T14:04:08Z</time>
        <extensions>
          <gpxtpx:TrackPointExtension></gpxtpx:TrackPointExtension>
        </extensions>
      </trkpt>
      <trkpt lat="23.111615" lon="113.357463">
        <ele>5.12</ele>
        <time>2026-04-27T14:04:13Z</time>
        <extensions>
          <gpxtpx:TrackPointExtension></gpxtpx:TrackPointExtension>
        </extensions>
      </trkpt>
      <trkpt lat="23.11155" lon="113.357369">
        <ele>5.07</ele>
        <time>2026-04-27T14:04:18Z</time>
        <extensions>
          <gpxtpx:TrackPointExtension></gpxtpx:TrackPointExtension>
        </extensions>
      </trkpt>
      <trkpt lat="23.111473" lon="113.357277">
        <ele>5.12</ele>
        <time>2026-04-27T14:04:23Z</time>
        <extensions>
          <gpxtpx:TrackPointExtension></gpxtpx:TrackPointExtension>
        </extensions>
      </trkpt>
      <trkpt lat="23.111403" lon="113.357185">
        <ele>5.13</ele>
        <time>2026-04-27T14:04:28Z</time>
        <extensions>
          <gpxtpx:TrackPointExtension></gpxtpx:TrackPointExtension>
        </extensions>
      </trkpt>
      <trkpt lat="23.111362" lon="113.357057">
        <ele>4.87</ele>
        <time>2026-04-27T14:04:33Z</time>
        <extensions>
          <gpxtpx:TrackPointExtension></gpxtpx:TrackPointExtension>
        </extensions>
      </trkpt>
      <trkpt lat="23.111342" lon="113.356937">
        <ele>4.98</ele>
        <time>2026-04-27T14:04:38Z</time>
        <extensions>
          <gpxtpx:TrackPointExtension></gpxtpx:TrackPointExtension>
        </extensions>
      </trkpt>
      <trkpt lat="23.111321" lon="113.356802">
        <ele>4.93</ele>
        <time>2026-04-27T14:04:43Z</time>
        <extensions>
          <gpxtpx:TrackPointExtension></gpxtpx:TrackPointExtension>
        </extensions>
      </trkpt>
      <trkpt lat="23.111298" lon="113.35668">
        <ele>4.96</ele>
        <time>2026-04-27T14:04:48Z</time>
        <extensions>
          <gpxtpx:TrackPointExtension></gpxtpx:TrackPointExtension>
        </extensions>
      </trkpt>
      <trkpt lat="23.111293" lon="113.35656">
        <ele>5.03</ele>
        <time>2026-04-27T14:04:53Z</time>
        <extensions>
          <gpxtpx:TrackPointExtension></gpxtpx:TrackPointExtension>
        </extensions>
      </trkpt>
      <trkpt lat="23.111292" lon="113.356429">
        <ele>5.0</ele>
        <time>2026-04-27T14:04:58Z</time>
        <extensions>
          <gpxtpx:TrackPointExtension></gpxtpx:TrackPointExtension>
        </extensions>
      </trkpt>
      <trkpt lat="23.111294" lon="113.356304">
        <ele>5.08</ele>
        <time>2026-04-27T14:05:03Z</time>
        <extensions>
          <gpxtpx:TrackPointExtension></gpxtpx:TrackPointExtension>
        </extensions>
      </trkpt>
      <trkpt lat="23.111257" lon="113.356194">
        <ele>5.06</ele>
        <time>2026-04-27T14:05:08Z</time>
        <extensions>
          <gpxtpx:TrackPointExtension></gpxtpx:TrackPointExtension>
        </extensions>
      </trkpt>
      <trkpt lat="23.111243" lon="113.356066">
        <ele>5.12</ele>
        <time>2026-04-27T14:05:13Z</time>
        <extensions>
          <gpxtpx:TrackPointExtension></gpxtpx:TrackPointExtension>
        </extensions>
      </trkpt>
      <trkpt lat="23.111224" lon="113.355946">
        <ele>5.14</ele>
        <time>2026-04-27T14:05:18Z</time>
        <extensions>
          <gpxtpx:TrackPointExtension></gpxtpx:TrackPointExtension>
        </extensions>
      </trkpt>
      <trkpt lat="23.111213" lon="113.355817">
        <ele>5.06</ele>
        <time>2026-04-27T14:05:23Z</time>
        <extensions>
          <gpxtpx:TrackPointExtension></gpxtpx:TrackPointExtension>
        </extensions>
      </trkpt>
      <trkpt lat="23.111226" lon="113.355681">
        <ele>5.0</ele>
        <time>2026-04-27T14:05:28Z</time>
        <extensions>
          <gpxtpx:TrackPointExtension></gpxtpx:TrackPointExtension>
        </extensions>
      </trkpt>
      <trkpt lat="23.111223" lon="113.355555">
        <ele>5.12</ele>
        <time>2026-04-27T14:05:33Z</time>
        <extensions>
          <gpxtpx:TrackPointExtension></gpxtpx:TrackPointExtension>
        </extensions>
      </trkpt>
      <trkpt lat="23.111219" lon="113.355424">
        <ele>5.0</ele>
        <time>2026-04-27T14:05:38Z</time>
        <extensions>
          <gpxtpx:TrackPointExtension></gpxtpx:TrackPointExtension>
        </extensions>
      </trkpt>
      <trkpt lat="23.111207" lon="113.3553">
        <ele>5.03</ele>
        <time>2026-04-27T14:05:43Z</time>
        <extensions>
          <gpxtpx:TrackPointExtension></gpxtpx:TrackPointExtension>
        </extensions>
      </trkpt>
      <trkpt lat="23.111241" lon="113.355159">
        <ele>5.09</ele>
        <time>2026-04-27T14:05:48Z</time>
        <extensions>
          <gpxtpx:TrackPointExtension></gpxtpx:TrackPointExtension>
        </extensions>
      </trkpt>
      <trkpt lat="23.111232" lon="113.355032">
        <ele>5.12</ele>
        <time>2026-04-27T14:05:53Z</time>
        <extensions>
          <gpxtpx:TrackPointExtension></gpxtpx:TrackPointExtension>
        </extensions>
      </trkpt>
      <trkpt lat="23.111229" lon="113.354898">
        <ele>5.15</ele>
        <time>2026-04-27T14:05:58Z</time>
        <extensions>
          <gpxtpx:TrackPointExtension></gpxtpx:TrackPointExtension>
        </extensions>
      </trkpt>
      <trkpt lat="23.111244" lon="113.354759">
        <ele>5.16</ele>
        <time>2026-04-27T14:06:03Z</time>
        <extensions>
          <gpxtpx:TrackPointExtension></gpxtpx:TrackPointExtension>
        </extensions>
      </trkpt>
      <trkpt lat="23.111236" lon="113.354644">
        <ele>5.11</ele>
        <time>2026-04-27T14:06:08Z</time>
        <extensions>
          <gpxtpx:TrackPointExtension></gpxtpx:TrackPointExtension>
        </extensions>
      </trkpt>
      <trkpt lat="23.111347" lon="113.354569">
        <ele>5.11</ele>
        <time>2026-04-27T14:06:13Z</time>
        <extensions>
          <gpxtpx:TrackPointExtension></gpxtpx:TrackPointExtension>
        </extensions>
      </trkpt>
      <trkpt lat="23.11145" lon="113.354505">
        <ele>5.37</ele>
        <time>2026-04-27T14:06:18Z</time>
        <extensions>
          <gpxtpx:TrackPointExtension></gpxtpx:TrackPointExtension>
        </extensions>
      </trkpt>
      <trkpt lat="23.111571" lon="113.354475">
        <ele>5.63</ele>
        <time>2026-04-27T14:06:23Z</time>
        <extensions>
          <gpxtpx:TrackPointExtension></gpxtpx:TrackPointExtension>
        </extensions>
      </trkpt>
      <trkpt lat="23.111667" lon="113.354461">
        <ele>5.76</ele>
        <time>2026-04-27T14:06:28Z</time>
        <extensions>
          <gpxtpx:TrackPointExtension></gpxtpx:TrackPointExtension>
        </extensions>
      </trkpt>
      <trkpt lat="23.111763" lon="113.354456">
        <ele>5.8</ele>
        <time>2026-04-27T14:06:33Z</time>
        <extensions>
          <gpxtpx:TrackPointExtension></gpxtpx:TrackPointExtension>
        </extensions>
      </trkpt>
      <trkpt lat="23.111868" lon="113.35437">
        <ele>5.69</ele>
        <time>2026-04-27T14:06:38Z</time>
        <extensions>
          <gpxtpx:TrackPointExtension></gpxtpx:TrackPointExtension>
        </extensions>
      </trkpt>
      <trkpt lat="23.111896" lon="113.35425">
        <ele>5.42</ele>
        <time>2026-04-27T14:06:43Z</time>
        <extensions>
          <gpxtpx:TrackPointExtension></gpxtpx:TrackPointExtension>
        </extensions>
      </trkpt>
      <trkpt lat="23.111929" lon="113.354097">
        <ele>5.27</ele>
        <time>2026-04-27T14:06:48Z</time>
        <extensions>
          <gpxtpx:TrackPointExtension></gpxtpx:TrackPointExtension>
        </extensions>
      </trkpt>
      <trkpt lat="23.111946" lon="113.353973">
        <ele>5.28</ele>
        <time>2026-04-27T14:06:53Z</time>
        <extensions>
          <gpxtpx:TrackPointExtension></gpxtpx:TrackPointExtension>
        </extensions>
      </trkpt>
      <trkpt lat="23.111944" lon="113.353861">
        <ele>5.09</ele>
        <time>2026-04-27T14:06:58Z</time>
        <extensions>
          <gpxtpx:TrackPointExtension></gpxtpx:TrackPointExtension>
        </extensions>
      </trkpt>
      <trkpt lat="23.111947" lon="113.353734">
        <ele>4.96</ele>
        <time>2026-04-27T14:07:03Z</time>
        <extensions>
          <gpxtpx:TrackPointExtension></gpxtpx:TrackPointExtension>
        </extensions>
      </trkpt>
      <trkpt lat="23.111956" lon="113.353598">
        <ele>4.91</ele>
        <time>2026-04-27T14:07:08Z</time>
        <extensions>
          <gpxtpx:TrackPointExtension></gpxtpx:TrackPointExtension>
        </extensions>
      </trkpt>
      <trkpt lat="23.111966" lon="113.353502">
        <ele>5.1</ele>
        <time>2026-04-27T14:07:13Z</time>
        <extensions>
          <gpxtpx:TrackPointExtension></gpxtpx:TrackPointExtension>
        </extensions>
      </trkpt>
      <trkpt lat="23.11201" lon="113.353365">
        <ele>5.17</ele>
        <time>2026-04-27T14:07:18Z</time>
        <extensions>
          <gpxtpx:TrackPointExtension></gpxtpx:TrackPointExtension>
        </extensions>
      </trkpt>
      <trkpt lat="23.111989" lon="113.353255">
        <ele>5.23</ele>
        <time>2026-04-27T14:07:23Z</time>
        <extensions>
          <gpxtpx:TrackPointExtension></gpxtpx:TrackPointExtension>
        </extensions>
      </trkpt>
      <trkpt lat="23.112002" lon="113.353126">
        <ele>5.29</ele>
        <time>2026-04-27T14:07:28Z</time>
        <extensions>
          <gpxtpx:TrackPointExtension></gpxtpx:TrackPointExtension>
        </extensions>
      </trkpt>
      <trkpt lat="23.111994" lon="113.35299">
        <ele>5.33</ele>
        <time>2026-04-27T14:07:33Z</time>
        <extensions>
          <gpxtpx:TrackPointExtension></gpxtpx:TrackPointExtension>
        </extensions>
      </trkpt>
      <trkpt lat="23.111995" lon="113.35285">
        <ele>5.34</ele>
        <time>2026-04-27T14:07:38Z</time>
        <extensions>
          <gpxtpx:TrackPointExtension></gpxtpx:TrackPointExtension>
        </extensions>
      </trkpt>
      <trkpt lat="23.112023" lon="113.352734">
        <ele>5.39</ele>
        <time>2026-04-27T14:07:43Z</time>
        <extensions>
          <gpxtpx:TrackPointExtension></gpxtpx:TrackPointExtension>
        </extensions>
      </trkpt>
      <trkpt lat="23.112016" lon="113.35265">
        <ele>5.45</ele>
        <time>2026-04-27T14:07:48Z</time>
        <extensions>
          <gpxtpx:TrackPointExtension></gpxtpx:TrackPointExtension>
        </extensions>
      </trkpt>
      <trkpt lat="23.112014" lon="113.352519">
        <ele>5.45</ele>
        <time>2026-04-27T14:07:53Z</time>
        <extensions>
          <gpxtpx:TrackPointExtension></gpxtpx:TrackPointExtension>
        </extensions>
      </trkpt>
      <trkpt lat="23.112024" lon="113.352384">
        <ele>5.48</ele>
        <time>2026-04-27T14:07:58Z</time>
        <extensions>
          <gpxtpx:TrackPointExtension></gpxtpx:TrackPointExtension>
        </extensions>
      </trkpt>
      <trkpt lat="23.112041" lon="113.352278">
        <ele>5.56</ele>
        <time>2026-04-27T14:08:03Z</time>
        <extensions>
          <gpxtpx:TrackPointExtension></gpxtpx:TrackPointExtension>
        </extensions>
      </trkpt>
      <trkpt lat="23.112056" lon="113.352141">
        <ele>5.47</ele>
        <time>2026-04-27T14:08:08Z</time>
        <extensions>
          <gpxtpx:TrackPointExtension></gpxtpx:TrackPointExtension>
        </extensions>
      </trkpt>
      <trkpt lat="23.112069" lon="113.352017">
        <ele>5.59</ele>
        <time>2026-04-27T14:08:13Z</time>
        <extensions>
          <gpxtpx:TrackPointExtension></gpxtpx:TrackPointExtension>
        </extensions>
      </trkpt>
      <trkpt lat="23.112076" lon="113.351886">
        <ele>5.52</ele>
        <time>2026-04-27T14:08:18Z</time>
        <extensions>
          <gpxtpx:TrackPointExtension></gpxtpx:TrackPointExtension>
        </extensions>
      </trkpt>
      <trkpt lat="23.112085" lon="113.351744">
        <ele>5.47</ele>
        <time>2026-04-27T14:08:23Z</time>
        <extensions>
          <gpxtpx:TrackPointExtension></gpxtpx:TrackPointExtension>
        </extensions>
      </trkpt>
      <trkpt lat="23.112091" lon="113.351613">
        <ele>5.37</ele>
        <time>2026-04-27T14:08:28Z</time>
        <extensions>
          <gpxtpx:TrackPointExtension></gpxtpx:TrackPointExtension>
        </extensions>
      </trkpt>
      <trkpt lat="23.112092" lon="113.351484">
        <ele>5.35</ele>
        <time>2026-04-27T14:08:33Z</time>
        <extensions>
          <gpxtpx:TrackPointExtension></gpxtpx:TrackPointExtension>
        </extensions>
      </trkpt>
      <trkpt lat="23.112111" lon="113.351348">
        <ele>5.48</ele>
        <time>2026-04-27T14:08:38Z</time>
        <extensions>
          <gpxtpx:TrackPointExtension></gpxtpx:TrackPointExtension>
        </extensions>
      </trkpt>
      <trkpt lat="23.112169" lon="113.351254">
        <ele>5.79</ele>
        <time>2026-04-27T14:08:43Z</time>
        <extensions>
          <gpxtpx:TrackPointExtension></gpxtpx:TrackPointExtension>
        </extensions>
      </trkpt>
      <trkpt lat="23.112192" lon="113.351129">
        <ele>6.09</ele>
        <time>2026-04-27T14:08:48Z</time>
        <extensions>
          <gpxtpx:TrackPointExtension></gpxtpx:TrackPointExtension>
        </extensions>
      </trkpt>
      <trkpt lat="23.112237" lon="113.350988">
        <ele>6.25</ele>
        <time>2026-04-27T14:08:53Z</time>
        <extensions>
          <gpxtpx:TrackPointExtension></gpxtpx:TrackPointExtension>
        </extensions>
      </trkpt>
      <trkpt lat="23.112219" lon="113.350864">
        <ele>6.32</ele>
        <time>2026-04-27T14:08:58Z</time>
        <extensions>
          <gpxtpx:TrackPointExtension></gpxtpx:TrackPointExtension>
        </extensions>
      </trkpt>
      <trkpt lat="23.11216" lon="113.350855">
        <ele>6.31</ele>
        <time>2026-04-27T14:09:03Z</time>
        <extensions>
          <gpxtpx:TrackPointExtension></gpxtpx:TrackPointExtension>
        </extensions>
      </trkpt>
      <trkpt lat="23.112055" lon="113.350773">
        <ele>5.84</ele>
        <time>2026-04-27T14:09:08Z</time>
        <extensions>
          <gpxtpx:TrackPointExtension></gpxtpx:TrackPointExtension>
        </extensions>
      </trkpt>
      <trkpt lat="23.111973" lon="113.350711">
        <ele>5.45</ele>
        <time>2026-04-27T14:09:13Z</time>
        <extensions>
          <gpxtpx:TrackPointExtension></gpxtpx:TrackPointExtension>
        </extensions>
      </trkpt>
      <trkpt lat="23.111874" lon="113.35067">
        <ele>4.94</ele>
        <time>2026-04-27T14:09:18Z</time>
        <extensions>
          <gpxtpx:TrackPointExtension></gpxtpx:TrackPointExtension>
        </extensions>
      </trkpt>
      <trkpt lat="23.11175" lon="113.350603">
        <ele>4.69</ele>
        <time>2026-04-27T14:09:23Z</time>
        <extensions>
          <gpxtpx:TrackPointExtension></gpxtpx:TrackPointExtension>
        </extensions>
      </trkpt>
      <trkpt lat="23.111661" lon="113.350482">
        <ele>4.39</ele>
        <time>2026-04-27T14:09:28Z</time>
        <extensions>
          <gpxtpx:TrackPointExtension></gpxtpx:TrackPointExtension>
        </extensions>
      </trkpt>
      <trkpt lat="23.111669" lon="113.350326">
        <ele>4.34</ele>
        <time>2026-04-27T14:09:33Z</time>
        <extensions>
          <gpxtpx:TrackPointExtension></gpxtpx:TrackPointExtension>
        </extensions>
      </trkpt>
      <trkpt lat="23.111666" lon="113.350193">
        <ele>4.38</ele>
        <time>2026-04-27T14:09:38Z</time>
        <extensions>
          <gpxtpx:TrackPointExtension></gpxtpx:TrackPointExtension>
        </extensions>
      </trkpt>
      <trkpt lat="23.111672" lon="113.35005">
        <ele>4.34</ele>
        <time>2026-04-27T14:09:43Z</time>
        <extensions>
          <gpxtpx:TrackPointExtension></gpxtpx:TrackPointExtension>
        </extensions>
      </trkpt>
      <trkpt lat="23.111677" lon="113.349917">
        <ele>4.33</ele>
        <time>2026-04-27T14:09:48Z</time>
        <extensions>
          <gpxtpx:TrackPointExtension></gpxtpx:TrackPointExtension>
        </extensions>
      </trkpt>
      <trkpt lat="23.111682" lon="113.349785">
        <ele>4.36</ele>
        <time>2026-04-27T14:09:53Z</time>
        <extensions>
          <gpxtpx:TrackPointExtension></gpxtpx:TrackPointExtension>
        </extensions>
      </trkpt>
      <trkpt lat="23.111691" lon="113.349656">
        <ele>4.38</ele>
        <time>2026-04-27T14:09:58Z</time>
        <extensions>
          <gpxtpx:TrackPointExtension></gpxtpx:TrackPointExtension>
        </extensions>
      </trkpt>
      <trkpt lat="23.111691" lon="113.34953">
        <ele>4.43</ele>
        <time>2026-04-27T14:10:03Z</time>
        <extensions>
          <gpxtpx:TrackPointExtension></gpxtpx:TrackPointExtension>
        </extensions>
      </trkpt>
      <trkpt lat="23.111699" lon="113.349399">
        <ele>4.44</ele>
        <time>2026-04-27T14:10:08Z</time>
        <extensions>
          <gpxtpx:TrackPointExtension></gpxtpx:TrackPointExtension>
        </extensions>
      </trkpt>
      <trkpt lat="23.111702" lon="113.349274">
        <ele>4.3</ele>
        <time>2026-04-27T14:10:13Z</time>
        <extensions>
          <gpxtpx:TrackPointExtension></gpxtpx:TrackPointExtension>
        </extensions>
      </trkpt>
      <trkpt lat="23.111719" lon="113.349133">
        <ele>4.41</ele>
        <time>2026-04-27T14:10:18Z</time>
        <extensions>
          <gpxtpx:TrackPointExtension></gpxtpx:TrackPointExtension>
        </extensions>
      </trkpt>
      <trkpt lat="23.111733" lon="113.348993">
        <ele>4.4</ele>
        <time>2026-04-27T14:10:23Z</time>
        <extensions>
          <gpxtpx:TrackPointExtension></gpxtpx:TrackPointExtension>
        </extensions>
      </trkpt>
      <trkpt lat="23.111727" lon="113.348882">
        <ele>4.4</ele>
        <time>2026-04-27T14:10:28Z</time>
        <extensions>
          <gpxtpx:TrackPointExtension></gpxtpx:TrackPointExtension>
        </extensions>
      </trkpt>
      <trkpt lat="23.111755" lon="113.348727">
        <ele>4.47</ele>
        <time>2026-04-27T14:10:33Z</time>
        <extensions>
          <gpxtpx:TrackPointExtension></gpxtpx:TrackPointExtension>
        </extensions>
      </trkpt>
      <trkpt lat="23.111748" lon="113.348627">
        <ele>4.37</ele>
        <time>2026-04-27T14:10:38Z</time>
        <extensions>
          <gpxtpx:TrackPointExtension></gpxtpx:TrackPointExtension>
        </extensions>
      </trkpt>
      <trkpt lat="23.111753" lon="113.3485">
        <ele>4.27</ele>
        <time>2026-04-27T14:10:43Z</time>
        <extensions>
          <gpxtpx:TrackPointExtension></gpxtpx:TrackPointExtension>
        </extensions>
      </trkpt>
      <trkpt lat="23.111759" lon="113.348382">
        <ele>4.22</ele>
        <time>2026-04-27T14:10:48Z</time>
        <extensions>
          <gpxtpx:TrackPointExtension></gpxtpx:TrackPointExtension>
        </extensions>
      </trkpt>
      <trkpt lat="23.111756" lon="113.348259">
        <ele>4.25</ele>
        <time>2026-04-27T14:10:53Z</time>
        <extensions>
          <gpxtpx:TrackPointExtension></gpxtpx:TrackPointExtension>
        </extensions>
      </trkpt>
      <trkpt lat="23.111772" lon="113.348118">
        <ele>4.21</ele>
        <time>2026-04-27T14:10:58Z</time>
        <extensions>
          <gpxtpx:TrackPointExtension></gpxtpx:TrackPointExtension>
        </extensions>
      </trkpt>
      <trkpt lat="23.111788" lon="113.347985">
        <ele>4.22</ele>
        <time>2026-04-27T14:11:03Z</time>
        <extensions>
          <gpxtpx:TrackPointExtension></gpxtpx:TrackPointExtension>
        </extensions>
      </trkpt>
      <trkpt lat="23.111794" lon="113.347841">
        <ele>4.23</ele>
        <time>2026-04-27T14:11:08Z</time>
        <extensions>
          <gpxtpx:TrackPointExtension></gpxtpx:TrackPointExtension>
        </extensions>
      </trkpt>
      <trkpt lat="23.11184" lon="113.347736">
        <ele>4.14</ele>
        <time>2026-04-27T14:11:13Z</time>
        <extensions>
          <gpxtpx:TrackPointExtension></gpxtpx:TrackPointExtension>
        </extensions>
      </trkpt>
      <trkpt lat="23.111962" lon="113.347714">
        <ele>4.29</ele>
        <time>2026-04-27T14:11:18Z</time>
        <extensions>
          <gpxtpx:TrackPointExtension></gpxtpx:TrackPointExtension>
        </extensions>
      </trkpt>
      <trkpt lat="23.11209" lon="113.347693">
        <ele>4.31</ele>
        <time>2026-04-27T14:11:23Z</time>
        <extensions>
          <gpxtpx:TrackPointExtension></gpxtpx:TrackPointExtension>
        </extensions>
      </trkpt>
      <trkpt lat="23.11214" lon="113.347595">
        <ele>4.38</ele>
        <time>2026-04-27T14:11:28Z</time>
        <extensions>
          <gpxtpx:TrackPointExtension></gpxtpx:TrackPointExtension>
        </extensions>
      </trkpt>
      <trkpt lat="23.11217" lon="113.347487">
        <ele>4.35</ele>
        <time>2026-04-27T14:11:33Z</time>
        <extensions>
          <gpxtpx:TrackPointExtension></gpxtpx:TrackPointExtension>
        </extensions>
      </trkpt>
      <trkpt lat="23.112186" lon="113.347367">
        <ele>4.48</ele>
        <time>2026-04-27T14:11:38Z</time>
        <extensions>
          <gpxtpx:TrackPointExtension></gpxtpx:TrackPointExtension>
        </extensions>
      </trkpt>
      <trkpt lat="23.112212" lon="113.347218">
        <ele>4.55</ele>
        <time>2026-04-27T14:11:43Z</time>
        <extensions>
          <gpxtpx:TrackPointExtension></gpxtpx:TrackPointExtension>
        </extensions>
      </trkpt>
      <trkpt lat="23.112227" lon="113.347091">
        <ele>4.46</ele>
        <time>2026-04-27T14:11:48Z</time>
        <extensions>
          <gpxtpx:TrackPointExtension></gpxtpx:TrackPointExtension>
        </extensions>
      </trkpt>
      <trkpt lat="23.112193" lon="113.347031">
        <ele>4.44</ele>
        <time>2026-04-27T14:11:53Z</time>
        <extensions>
          <gpxtpx:TrackPointExtension></gpxtpx:TrackPointExtension>
        </extensions>
      </trkpt>
      <trkpt lat="23.112215" lon="113.346851">
        <ele>4.25</ele>
        <time>2026-04-27T14:11:58Z</time>
        <extensions>
          <gpxtpx:TrackPointExtension></gpxtpx:TrackPointExtension>
        </extensions>
      </trkpt>
      <trkpt lat="23.112235" lon="113.346704">
        <ele>4.12</ele>
        <time>2026-04-27T14:12:03Z</time>
        <extensions>
          <gpxtpx:TrackPointExtension></gpxtpx:TrackPointExtension>
        </extensions>
      </trkpt>
      <trkpt lat="23.112244" lon="113.346589">
        <ele>4.14</ele>
        <time>2026-04-27T14:12:08Z</time>
        <extensions>
          <gpxtpx:TrackPointExtension></gpxtpx:TrackPointExtension>
        </extensions>
      </trkpt>
      <trkpt lat="23.112247" lon="113.346469">
        <ele>4.22</ele>
        <time>2026-04-27T14:12:13Z</time>
        <extensions>
          <gpxtpx:TrackPointExtension></gpxtpx:TrackPointExtension>
        </extensions>
      </trkpt>
      <trkpt lat="23.112271" lon="113.346339">
        <ele>3.96</ele>
        <time>2026-04-27T14:12:18Z</time>
        <extensions>
          <gpxtpx:TrackPointExtension></gpxtpx:TrackPointExtension>
        </extensions>
      </trkpt>
      <trkpt lat="23.112336" lon="113.346231">
        <ele>3.84</ele>
        <time>2026-04-27T14:12:23Z</time>
        <extensions>
          <gpxtpx:TrackPointExtension></gpxtpx:TrackPointExtension>
        </extensions>
      </trkpt>
      <trkpt lat="23.112392" lon="113.346099">
        <ele>3.81</ele>
        <time>2026-04-27T14:12:28Z</time>
        <extensions>
          <gpxtpx:TrackPointExtension></gpxtpx:TrackPointExtension>
        </extensions>
      </trkpt>
      <trkpt lat="23.112372" lon="113.345943">
        <ele>3.77</ele>
        <time>2026-04-27T14:12:33Z</time>
        <extensions>
          <gpxtpx:TrackPointExtension></gpxtpx:TrackPointExtension>
        </extensions>
      </trkpt>
      <trkpt lat="23.112345" lon="113.345824">
        <ele>3.89</ele>
        <time>2026-04-27T14:12:38Z</time>
        <extensions>
          <gpxtpx:TrackPointExtension></gpxtpx:TrackPointExtension>
        </extensions>
      </trkpt>
      <trkpt lat="23.112366" lon="113.345693">
        <ele>3.95</ele>
        <time>2026-04-27T14:12:43Z</time>
        <extensions>
          <gpxtpx:TrackPointExtension></gpxtpx:TrackPointExtension>
        </extensions>
      </trkpt>
      <trkpt lat="23.11239" lon="113.345557">
        <ele>3.97</ele>
        <time>2026-04-27T14:12:48Z</time>
        <extensions>
          <gpxtpx:TrackPointExtension></gpxtpx:TrackPointExtension>
        </extensions>
      </trkpt>
      <trkpt lat="23.112408" lon="113.345429">
        <ele>3.92</ele>
        <time>2026-04-27T14:12:53Z</time>
        <extensions>
          <gpxtpx:TrackPointExtension></gpxtpx:TrackPointExtension>
        </extensions>
      </trkpt>
      <trkpt lat="23.112413" lon="113.345303">
        <ele>3.87</ele>
        <time>2026-04-27T14:12:58Z</time>
        <extensions>
          <gpxtpx:TrackPointExtension></gpxtpx:TrackPointExtension>
        </extensions>
      </trkpt>
      <trkpt lat="23.112426" lon="113.345172">
        <ele>3.93</ele>
        <time>2026-04-27T14:13:03Z</time>
        <extensions>
          <gpxtpx:TrackPointExtension></gpxtpx:TrackPointExtension>
        </extensions>
      </trkpt>
      <trkpt lat="23.11245" lon="113.345045">
        <ele>3.94</ele>
        <time>2026-04-27T14:13:08Z</time>
        <extensions>
          <gpxtpx:TrackPointExtension></gpxtpx:TrackPointExtension>
        </extensions>
      </trkpt>
      <trkpt lat="23.112457" lon="113.344915">
        <ele>3.85</ele>
        <time>2026-04-27T14:13:13Z</time>
        <extensions>
          <gpxtpx:TrackPointExtension></gpxtpx:TrackPointExtension>
        </extensions>
      </trkpt>
      <trkpt lat="23.112478" lon="113.344787">
        <ele>3.87</ele>
        <time>2026-04-27T14:13:18Z</time>
        <extensions>
          <gpxtpx:TrackPointExtension></gpxtpx:TrackPointExtension>
        </extensions>
      </trkpt>
      <trkpt lat="23.112494" lon="113.344659">
        <ele>3.74</ele>
        <time>2026-04-27T14:13:23Z</time>
        <extensions>
          <gpxtpx:TrackPointExtension></gpxtpx:TrackPointExtension>
        </extensions>
      </trkpt>
      <trkpt lat="23.112503" lon="113.34454">
        <ele>3.87</ele>
        <time>2026-04-27T14:13:28Z</time>
        <extensions>
          <gpxtpx:TrackPointExtension></gpxtpx:TrackPointExtension>
        </extensions>
      </trkpt>
      <trkpt lat="23.112511" lon="113.344427">
        <ele>3.85</ele>
        <time>2026-04-27T14:13:33Z</time>
        <extensions>
          <gpxtpx:TrackPointExtension></gpxtpx:TrackPointExtension>
        </extensions>
      </trkpt>
      <trkpt lat="23.112526" lon="113.344296">
        <ele>3.86</ele>
        <time>2026-04-27T14:13:38Z</time>
        <extensions>
          <gpxtpx:TrackPointExtension></gpxtpx:TrackPointExtension>
        </extensions>
      </trkpt>
      <trkpt lat="23.112546" lon="113.344168">
        <ele>3.83</ele>
        <time>2026-04-27T14:13:43Z</time>
        <extensions>
          <gpxtpx:TrackPointExtension></gpxtpx:TrackPointExtension>
        </extensions>
      </trkpt>
      <trkpt lat="23.112579" lon="113.344042">
        <ele>3.89</ele>
        <time>2026-04-27T14:13:48Z</time>
        <extensions>
          <gpxtpx:TrackPointExtension></gpxtpx:TrackPointExtension>
        </extensions>
      </trkpt>
      <trkpt lat="23.1126" lon="113.343904">
        <ele>3.96</ele>
        <time>2026-04-27T14:13:53Z</time>
        <extensions>
          <gpxtpx:TrackPointExtension></gpxtpx:TrackPointExtension>
        </extensions>
      </trkpt>
      <trkpt lat="23.112612" lon="113.343775">
        <ele>3.88</ele>
        <time>2026-04-27T14:13:58Z</time>
        <extensions>
          <gpxtpx:TrackPointExtension></gpxtpx:TrackPointExtension>
        </extensions>
      </trkpt>
      <trkpt lat="23.112642" lon="113.343628">
        <ele>3.89</ele>
        <time>2026-04-27T14:14:03Z</time>
        <extensions>
          <gpxtpx:TrackPointExtension></gpxtpx:TrackPointExtension>
        </extensions>
      </trkpt>
      <trkpt lat="23.112662" lon="113.343498">
        <ele>3.88</ele>
        <time>2026-04-27T14:14:08Z</time>
        <extensions>
          <gpxtpx:TrackPointExtension></gpxtpx:TrackPointExtension>
        </extensions>
      </trkpt>
      <trkpt lat="23.112683" lon="113.343366">
        <ele>3.84</ele>
        <time>2026-04-27T14:14:13Z</time>
        <extensions>
          <gpxtpx:TrackPointExtension></gpxtpx:TrackPointExtension>
        </extensions>
      </trkpt>
      <trkpt lat="23.112701" lon="113.34323">
        <ele>3.85</ele>
        <time>2026-04-27T14:14:18Z</time>
        <extensions>
          <gpxtpx:TrackPointExtension></gpxtpx:TrackPointExtension>
        </extensions>
      </trkpt>
      <trkpt lat="23.112716" lon="113.343096">
        <ele>3.84</ele>
        <time>2026-04-27T14:14:23Z</time>
        <extensions>
          <gpxtpx:TrackPointExtension></gpxtpx:TrackPointExtension>
        </extensions>
      </trkpt>
      <trkpt lat="23.112727" lon="113.342974">
        <ele>3.83</ele>
        <time>2026-04-27T14:14:28Z</time>
        <extensions>
          <gpxtpx:TrackPointExtension></gpxtpx:TrackPointExtension>
        </extensions>
      </trkpt>
      <trkpt lat="23.112734" lon="113.342849">
        <ele>3.87</ele>
        <time>2026-04-27T14:14:33Z</time>
        <extensions>
          <gpxtpx:TrackPointExtension></gpxtpx:TrackPointExtension>
        </extensions>
      </trkpt>
      <trkpt lat="23.11276" lon="113.342716">
        <ele>3.85</ele>
        <time>2026-04-27T14:14:38Z</time>
        <extensions>
          <gpxtpx:TrackPointExtension></gpxtpx:TrackPointExtension>
        </extensions>
      </trkpt>
      <trkpt lat="23.112778" lon="113.342578">
        <ele>3.94</ele>
        <time>2026-04-27T14:14:43Z</time>
        <extensions>
          <gpxtpx:TrackPointExtension></gpxtpx:TrackPointExtension>
        </extensions>
      </trkpt>
      <trkpt lat="23.112786" lon="113.342452">
        <ele>3.93</ele>
        <time>2026-04-27T14:14:48Z</time>
        <extensions>
          <gpxtpx:TrackPointExtension></gpxtpx:TrackPointExtension>
        </extensions>
      </trkpt>
      <trkpt lat="23.112786" lon="113.342344">
        <ele>3.89</ele>
        <time>2026-04-27T14:14:53Z</time>
        <extensions>
          <gpxtpx:TrackPointExtension></gpxtpx:TrackPointExtension>
        </extensions>
      </trkpt>
      <trkpt lat="23.112804" lon="113.342212">
        <ele>3.87</ele>
        <time>2026-04-27T14:14:58Z</time>
        <extensions>
          <gpxtpx:TrackPointExtension></gpxtpx:TrackPointExtension>
        </extensions>
      </trkpt>
      <trkpt lat="23.112826" lon="113.342088">
        <ele>3.94</ele>
        <time>2026-04-27T14:15:03Z</time>
        <extensions>
          <gpxtpx:TrackPointExtension></gpxtpx:TrackPointExtension>
        </extensions>
      </trkpt>
      <trkpt lat="23.112842" lon="113.34196">
        <ele>3.9</ele>
        <time>2026-04-27T14:15:08Z</time>
        <extensions>
          <gpxtpx:TrackPointExtension></gpxtpx:TrackPointExtension>
        </extensions>
      </trkpt>
      <trkpt lat="23.11286" lon="113.341831">
        <ele>3.9</ele>
        <time>2026-04-27T14:15:13Z</time>
        <extensions>
          <gpxtpx:TrackPointExtension></gpxtpx:TrackPointExtension>
        </extensions>
      </trkpt>
      <trkpt lat="23.11287" lon="113.341719">
        <ele>3.95</ele>
        <time>2026-04-27T14:15:18Z</time>
        <extensions>
          <gpxtpx:TrackPointExtension></gpxtpx:TrackPointExtension>
        </extensions>
      </trkpt>
      <trkpt lat="23.112891" lon="113.341564">
        <ele>3.88</ele>
        <time>2026-04-27T14:15:23Z</time>
        <extensions>
          <gpxtpx:TrackPointExtension></gpxtpx:TrackPointExtension>
        </extensions>
      </trkpt>
      <trkpt lat="23.112899" lon="113.341437">
        <ele>3.9</ele>
        <time>2026-04-27T14:15:28Z</time>
        <extensions>
          <gpxtpx:TrackPointExtension></gpxtpx:TrackPointExtension>
        </extensions>
      </trkpt>
      <trkpt lat="23.11292" lon="113.341319">
        <ele>3.89</ele>
        <time>2026-04-27T14:15:33Z</time>
        <extensions>
          <gpxtpx:TrackPointExtension></gpxtpx:TrackPointExtension>
        </extensions>
      </trkpt>
      <trkpt lat="23.112951" lon="113.341167">
        <ele>3.85</ele>
        <time>2026-04-27T14:15:38Z</time>
        <extensions>
          <gpxtpx:TrackPointExtension></gpxtpx:TrackPointExtension>
        </extensions>
      </trkpt>
      <trkpt lat="23.112963" lon="113.341057">
        <ele>3.85</ele>
        <time>2026-04-27T14:15:43Z</time>
        <extensions>
          <gpxtpx:TrackPointExtension></gpxtpx:TrackPointExtension>
        </extensions>
      </trkpt>
      <trkpt lat="23.112977" lon="113.340931">
        <ele>3.84</ele>
        <time>2026-04-27T14:15:48Z</time>
        <extensions>
          <gpxtpx:TrackPointExtension></gpxtpx:TrackPointExtension>
        </extensions>
      </trkpt>
      <trkpt lat="23.113022" lon="113.340811">
        <ele>4.04</ele>
        <time>2026-04-27T14:15:53Z</time>
        <extensions>
          <gpxtpx:TrackPointExtension></gpxtpx:TrackPointExtension>
        </extensions>
      </trkpt>
      <trkpt lat="23.113045" lon="113.34069">
        <ele>3.96</ele>
        <time>2026-04-27T14:15:58Z</time>
        <extensions>
          <gpxtpx:TrackPointExtension></gpxtpx:TrackPointExtension>
        </extensions>
      </trkpt>
      <trkpt lat="23.113055" lon="113.34057">
        <ele>3.93</ele>
        <time>2026-04-27T14:16:03Z</time>
        <extensions>
          <gpxtpx:TrackPointExtension></gpxtpx:TrackPointExtension>
        </extensions>
      </trkpt>
      <trkpt lat="23.113069" lon="113.34045">
        <ele>3.84</ele>
        <time>2026-04-27T14:16:08Z</time>
        <extensions>
          <gpxtpx:TrackPointExtension></gpxtpx:TrackPointExtension>
        </extensions>
      </trkpt>
      <trkpt lat="23.113085" lon="113.340326">
        <ele>3.92</ele>
        <time>2026-04-27T14:16:13Z</time>
        <extensions>
          <gpxtpx:TrackPointExtension></gpxtpx:TrackPointExtension>
        </extensions>
      </trkpt>
      <trkpt lat="23.113102" lon="113.340202">
        <ele>3.84</ele>
        <time>2026-04-27T14:16:18Z</time>
        <extensions>
          <gpxtpx:TrackPointExtension></gpxtpx:TrackPointExtension>
        </extensions>
      </trkpt>
      <trkpt lat="23.113125" lon="113.340071">
        <ele>3.79</ele>
        <time>2026-04-27T14:16:23Z</time>
        <extensions>
          <gpxtpx:TrackPointExtension></gpxtpx:TrackPointExtension>
        </extensions>
      </trkpt>
      <trkpt lat="23.113144" lon="113.339949">
        <ele>3.79</ele>
        <time>2026-04-27T14:16:28Z</time>
        <extensions>
          <gpxtpx:TrackPointExtension></gpxtpx:TrackPointExtension>
        </extensions>
      </trkpt>
      <trkpt lat="23.113153" lon="113.339814">
        <ele>3.8</ele>
        <time>2026-04-27T14:16:33Z</time>
        <extensions>
          <gpxtpx:TrackPointExtension></gpxtpx:TrackPointExtension>
        </extensions>
      </trkpt>
      <trkpt lat="23.113165" lon="113.339684">
        <ele>3.82</ele>
        <time>2026-04-27T14:16:38Z</time>
        <extensions>
          <gpxtpx:TrackPointExtension></gpxtpx:TrackPointExtension>
        </extensions>
      </trkpt>
      <trkpt lat="23.113184" lon="113.339559">
        <ele>3.79</ele>
        <time>2026-04-27T14:16:43Z</time>
        <extensions>
          <gpxtpx:TrackPointExtension></gpxtpx:TrackPointExtension>
        </extensions>
      </trkpt>
      <trkpt lat="23.113201" lon="113.339438">
        <ele>3.77</ele>
        <time>2026-04-27T14:16:48Z</time>
        <extensions>
          <gpxtpx:TrackPointExtension></gpxtpx:TrackPointExtension>
        </extensions>
      </trkpt>
      <trkpt lat="23.113228" lon="113.339313">
        <ele>3.77</ele>
        <time>2026-04-27T14:16:53Z</time>
        <extensions>
          <gpxtpx:TrackPointExtension></gpxtpx:TrackPointExtension>
        </extensions>
      </trkpt>
      <trkpt lat="23.113225" lon="113.339188">
        <ele>3.72</ele>
        <time>2026-04-27T14:16:58Z</time>
        <extensions>
          <gpxtpx:TrackPointExtension></gpxtpx:TrackPointExtension>
        </extensions>
      </trkpt>
      <trkpt lat="23.113239" lon="113.339067">
        <ele>3.7</ele>
        <time>2026-04-27T14:17:03Z</time>
        <extensions>
          <gpxtpx:TrackPointExtension></gpxtpx:TrackPointExtension>
        </extensions>
      </trkpt>
      <trkpt lat="23.113278" lon="113.338927">
        <ele>3.63</ele>
        <time>2026-04-27T14:17:08Z</time>
        <extensions>
          <gpxtpx:TrackPointExtension></gpxtpx:TrackPointExtension>
        </extensions>
      </trkpt>
      <trkpt lat="23.113296" lon="113.3388">
        <ele>3.62</ele>
        <time>2026-04-27T14:17:13Z</time>
        <extensions>
          <gpxtpx:TrackPointExtension></gpxtpx:TrackPointExtension>
        </extensions>
      </trkpt>
      <trkpt lat="23.113317" lon="113.338686">
        <ele>3.59</ele>
        <time>2026-04-27T14:17:18Z</time>
        <extensions>
          <gpxtpx:TrackPointExtension></gpxtpx:TrackPointExtension>
        </extensions>
      </trkpt>
      <trkpt lat="23.113336" lon="113.338562">
        <ele>3.65</ele>
        <time>2026-04-27T14:17:23Z</time>
        <extensions>
          <gpxtpx:TrackPointExtension></gpxtpx:TrackPointExtension>
        </extensions>
      </trkpt>
      <trkpt lat="23.113351" lon="113.338433">
        <ele>3.54</ele>
        <time>2026-04-27T14:17:28Z</time>
        <extensions>
          <gpxtpx:TrackPointExtension></gpxtpx:TrackPointExtension>
        </extensions>
      </trkpt>
      <trkpt lat="23.113351" lon="113.338314">
        <ele>3.5</ele>
        <time>2026-04-27T14:17:33Z</time>
        <extensions>
          <gpxtpx:TrackPointExtension></gpxtpx:TrackPointExtension>
        </extensions>
      </trkpt>
      <trkpt lat="23.113362" lon="113.338185">
        <ele>3.49</ele>
        <time>2026-04-27T14:17:38Z</time>
        <extensions>
          <gpxtpx:TrackPointExtension></gpxtpx:TrackPointExtension>
        </extensions>
      </trkpt>
      <trkpt lat="23.113393" lon="113.338051">
        <ele>3.47</ele>
        <time>2026-04-27T14:17:43Z</time>
        <extensions>
          <gpxtpx:TrackPointExtension></gpxtpx:TrackPointExtension>
        </extensions>
      </trkpt>
      <trkpt lat="23.113411" lon="113.337927">
        <ele>3.46</ele>
        <time>2026-04-27T14:17:48Z</time>
        <extensions>
          <gpxtpx:TrackPointExtension></gpxtpx:TrackPointExtension>
        </extensions>
      </trkpt>
      <trkpt lat="23.113424" lon="113.337803">
        <ele>3.41</ele>
        <time>2026-04-27T14:17:53Z</time>
        <extensions>
          <gpxtpx:TrackPointExtension></gpxtpx:TrackPointExtension>
        </extensions>
      </trkpt>
      <trkpt lat="23.113446" lon="113.337676">
        <ele>3.32</ele>
        <time>2026-04-27T14:17:58Z</time>
        <extensions>
          <gpxtpx:TrackPointExtension></gpxtpx:TrackPointExtension>
        </extensions>
      </trkpt>
      <trkpt lat="23.113451" lon="113.337535">
        <ele>3.34</ele>
        <time>2026-04-27T14:18:03Z</time>
        <extensions>
          <gpxtpx:TrackPointExtension></gpxtpx:TrackPointExtension>
        </extensions>
      </trkpt>
      <trkpt lat="23.113487" lon="113.337403">
        <ele>3.37</ele>
        <time>2026-04-27T14:18:08Z</time>
        <extensions>
          <gpxtpx:TrackPointExtension></gpxtpx:TrackPointExtension>
        </extensions>
      </trkpt>
      <trkpt lat="23.113516" lon="113.337272">
        <ele>3.26</ele>
        <time>2026-04-27T14:18:13Z</time>
        <extensions>
          <gpxtpx:TrackPointExtension></gpxtpx:TrackPointExtension>
        </extensions>
      </trkpt>
      <trkpt lat="23.113514" lon="113.337148">
        <ele>3.25</ele>
        <time>2026-04-27T14:18:18Z</time>
        <extensions>
          <gpxtpx:TrackPointExtension></gpxtpx:TrackPointExtension>
        </extensions>
      </trkpt>
      <trkpt lat="23.113545" lon="113.337012">
        <ele>3.22</ele>
        <time>2026-04-27T14:18:23Z</time>
        <extensions>
          <gpxtpx:TrackPointExtension></gpxtpx:TrackPointExtension>
        </extensions>
      </trkpt>
      <trkpt lat="23.113496" lon="113.336915">
        <ele>3.18</ele>
        <time>2026-04-27T14:18:28Z</time>
        <extensions>
          <gpxtpx:TrackPointExtension></gpxtpx:TrackPointExtension>
        </extensions>
      </trkpt>
      <trkpt lat="23.113533" lon="113.336772">
        <ele>3.15</ele>
        <time>2026-04-27T14:18:33Z</time>
        <extensions>
          <gpxtpx:TrackPointExtension></gpxtpx:TrackPointExtension>
        </extensions>
      </trkpt>
      <trkpt lat="23.113546" lon="113.336639">
        <ele>3.13</ele>
        <time>2026-04-27T14:18:38Z</time>
        <extensions>
          <gpxtpx:TrackPointExtension></gpxtpx:TrackPointExtension>
        </extensions>
      </trkpt>
      <trkpt lat="23.113561" lon="113.336575">
        <ele>3.11</ele>
        <time>2026-04-27T14:18:43Z</time>
        <extensions>
          <gpxtpx:TrackPointExtension></gpxtpx:TrackPointExtension>
        </extensions>
      </trkpt>
      <trkpt lat="23.113615" lon="113.336425">
        <ele>3.12</ele>
        <time>2026-04-27T14:18:48Z</time>
        <extensions>
          <gpxtpx:TrackPointExtension></gpxtpx:TrackPointExtension>
        </extensions>
      </trkpt>
      <trkpt lat="23.113635" lon="113.336288">
        <ele>3.1</ele>
        <time>2026-04-27T14:18:53Z</time>
        <extensions>
          <gpxtpx:TrackPointExtension></gpxtpx:TrackPointExtension>
        </extensions>
      </trkpt>
      <trkpt lat="23.113643" lon="113.336169">
        <ele>3.12</ele>
        <time>2026-04-27T14:18:58Z</time>
        <extensions>
          <gpxtpx:TrackPointExtension></gpxtpx:TrackPointExtension>
        </extensions>
      </trkpt>
      <trkpt lat="23.113669" lon="113.336042">
        <ele>3.03</ele>
        <time>2026-04-27T14:19:03Z</time>
        <extensions>
          <gpxtpx:TrackPointExtension></gpxtpx:TrackPointExtension>
        </extensions>
      </trkpt>
      <trkpt lat="23.113693" lon="113.33591">
        <ele>2.97</ele>
        <time>2026-04-27T14:19:08Z</time>
        <extensions>
          <gpxtpx:TrackPointExtension></gpxtpx:TrackPointExtension>
        </extensions>
      </trkpt>
      <trkpt lat="23.113715" lon="113.335783">
        <ele>2.96</ele>
        <time>2026-04-27T14:19:13Z</time>
        <extensions>
          <gpxtpx:TrackPointExtension></gpxtpx:TrackPointExtension>
        </extensions>
      </trkpt>
      <trkpt lat="23.113741" lon="113.335647">
        <ele>2.92</ele>
        <time>2026-04-27T14:19:18Z</time>
        <extensions>
          <gpxtpx:TrackPointExtension></gpxtpx:TrackPointExtension>
        </extensions>
      </trkpt>
      <trkpt lat="23.113757" lon="113.335525">
        <ele>2.88</ele>
        <time>2026-04-27T14:19:23Z</time>
        <extensions>
          <gpxtpx:TrackPointExtension></gpxtpx:TrackPointExtension>
        </extensions>
      </trkpt>
      <trkpt lat="23.113777" lon="113.335399">
        <ele>2.9</ele>
        <time>2026-04-27T14:19:28Z</time>
        <extensions>
          <gpxtpx:TrackPointExtension></gpxtpx:TrackPointExtension>
        </extensions>
      </trkpt>
      <trkpt lat="23.1138" lon="113.33527">
        <ele>2.9</ele>
        <time>2026-04-27T14:19:33Z</time>
        <extensions>
          <gpxtpx:TrackPointExtension></gpxtpx:TrackPointExtension>
        </extensions>
      </trkpt>
      <trkpt lat="23.113803" lon="113.335151">
        <ele>2.94</ele>
        <time>2026-04-27T14:19:38Z</time>
        <extensions>
          <gpxtpx:TrackPointExtension></gpxtpx:TrackPointExtension>
        </extensions>
      </trkpt>
      <trkpt lat="23.113826" lon="113.335018">
        <ele>2.96</ele>
        <time>2026-04-27T14:19:43Z</time>
        <extensions>
          <gpxtpx:TrackPointExtension></gpxtpx:TrackPointExtension>
        </extensions>
      </trkpt>
      <trkpt lat="23.113863" lon="113.334873">
        <ele>2.91</ele>
        <time>2026-04-27T14:19:48Z</time>
        <extensions>
          <gpxtpx:TrackPointExtension></gpxtpx:TrackPointExtension>
        </extensions>
      </trkpt>
      <trkpt lat="23.11388" lon="113.334739">
        <ele>3.04</ele>
        <time>2026-04-27T14:19:53Z</time>
        <extensions>
          <gpxtpx:TrackPointExtension></gpxtpx:TrackPointExtension>
        </extensions>
      </trkpt>
      <trkpt lat="23.113887" lon="113.334633">
        <ele>3.02</ele>
        <time>2026-04-27T14:19:58Z</time>
        <extensions>
          <gpxtpx:TrackPointExtension></gpxtpx:TrackPointExtension>
        </extensions>
      </trkpt>
      <trkpt lat="23.113902" lon="113.334514">
        <ele>2.91</ele>
        <time>2026-04-27T14:20:03Z</time>
        <extensions>
          <gpxtpx:TrackPointExtension></gpxtpx:TrackPointExtension>
        </extensions>
      </trkpt>
      <trkpt lat="23.113923" lon="113.33439">
        <ele>2.91</ele>
        <time>2026-04-27T14:20:08Z</time>
        <extensions>
          <gpxtpx:TrackPointExtension></gpxtpx:TrackPointExtension>
        </extensions>
      </trkpt>
      <trkpt lat="23.113955" lon="113.334246">
        <ele>2.91</ele>
        <time>2026-04-27T14:20:13Z</time>
        <extensions>
          <gpxtpx:TrackPointExtension></gpxtpx:TrackPointExtension>
        </extensions>
      </trkpt>
      <trkpt lat="23.113956" lon="113.334134">
        <ele>2.99</ele>
        <time>2026-04-27T14:20:18Z</time>
        <extensions>
          <gpxtpx:TrackPointExtension></gpxtpx:TrackPointExtension>
        </extensions>
      </trkpt>
      <trkpt lat="23.114006" lon="113.333982">
        <ele>2.94</ele>
        <time>2026-04-27T14:20:23Z</time>
        <extensions>
          <gpxtpx:TrackPointExtension></gpxtpx:TrackPointExtension>
        </extensions>
      </trkpt>
      <trkpt lat="23.114014" lon="113.333856">
        <ele>2.91</ele>
        <time>2026-04-27T14:20:28Z</time>
        <extensions>
          <gpxtpx:TrackPointExtension></gpxtpx:TrackPointExtension>
        </extensions>
      </trkpt>
      <trkpt lat="23.114052" lon="113.333724">
        <ele>2.8</ele>
        <time>2026-04-27T14:20:33Z</time>
        <extensions>
          <gpxtpx:TrackPointExtension></gpxtpx:TrackPointExtension>
        </extensions>
      </trkpt>
      <trkpt lat="23.114053" lon="113.333599">
        <ele>2.7</ele>
        <time>2026-04-27T14:20:38Z</time>
        <extensions>
          <gpxtpx:TrackPointExtension></gpxtpx:TrackPointExtension>
        </extensions>
      </trkpt>
      <trkpt lat="23.114066" lon="113.333466">
        <ele>2.76</ele>
        <time>2026-04-27T14:20:43Z</time>
        <extensions>
          <gpxtpx:TrackPointExtension></gpxtpx:TrackPointExtension>
        </extensions>
      </trkpt>
      <trkpt lat="23.114079" lon="113.333351">
        <ele>2.79</ele>
        <time>2026-04-27T14:20:48Z</time>
        <extensions>
          <gpxtpx:TrackPointExtension></gpxtpx:TrackPointExtension>
        </extensions>
      </trkpt>
      <trkpt lat="23.114102" lon="113.333216">
        <ele>2.79</ele>
        <time>2026-04-27T14:20:53Z</time>
        <extensions>
          <gpxtpx:TrackPointExtension></gpxtpx:TrackPointExtension>
        </extensions>
      </trkpt>
      <trkpt lat="23.114101" lon="113.333105">
        <ele>2.79</ele>
        <time>2026-04-27T14:20:58Z</time>
        <extensions>
          <gpxtpx:TrackPointExtension></gpxtpx:TrackPointExtension>
        </extensions>
      </trkpt>
      <trkpt lat="23.11416" lon="113.332949">
        <ele>2.77</ele>
        <time>2026-04-27T14:21:03Z</time>
        <extensions>
          <gpxtpx:TrackPointExtension></gpxtpx:TrackPointExtension>
        </extensions>
      </trkpt>
      <trkpt lat="23.114125" lon="113.332823">
        <ele>2.78</ele>
        <time>2026-04-27T14:21:08Z</time>
        <extensions>
          <gpxtpx:TrackPointExtension></gpxtpx:TrackPointExtension>
        </extensions>
      </trkpt>
      <trkpt lat="23.114152" lon="113.332696">
        <ele>2.71</ele>
        <time>2026-04-27T14:21:13Z</time>
        <extensions>
          <gpxtpx:TrackPointExtension></gpxtpx:TrackPointExtension>
        </extensions>
      </trkpt>
      <trkpt lat="23.114183" lon="113.332596">
        <ele>2.7</ele>
        <time>2026-04-27T14:21:18Z</time>
        <extensions>
          <gpxtpx:TrackPointExtension></gpxtpx:TrackPointExtension>
        </extensions>
      </trkpt>
      <trkpt lat="23.114201" lon="113.332491">
        <ele>2.78</ele>
        <time>2026-04-27T14:21:23Z</time>
        <extensions>
          <gpxtpx:TrackPointExtension></gpxtpx:TrackPointExtension>
        </extensions>
      </trkpt>
      <trkpt lat="23.114213" lon="113.332374">
        <ele>2.75</ele>
        <time>2026-04-27T14:21:28Z</time>
        <extensions>
          <gpxtpx:TrackPointExtension></gpxtpx:TrackPointExtension>
        </extensions>
      </trkpt>
      <trkpt lat="23.114233" lon="113.332256">
        <ele>2.78</ele>
        <time>2026-04-27T14:21:33Z</time>
        <extensions>
          <gpxtpx:TrackPointExtension></gpxtpx:TrackPointExtension>
        </extensions>
      </trkpt>
      <trkpt lat="23.114246" lon="113.332138">
        <ele>2.78</ele>
        <time>2026-04-27T14:21:38Z</time>
        <extensions>
          <gpxtpx:TrackPointExtension></gpxtpx:TrackPointExtension>
        </extensions>
      </trkpt>
      <trkpt lat="23.114264" lon="113.332013">
        <ele>2.79</ele>
        <time>2026-04-27T14:21:43Z</time>
        <extensions>
          <gpxtpx:TrackPointExtension></gpxtpx:TrackPointExtension>
        </extensions>
      </trkpt>
      <trkpt lat="23.114286" lon="113.331902">
        <ele>2.78</ele>
        <time>2026-04-27T14:21:48Z</time>
        <extensions>
          <gpxtpx:TrackPointExtension></gpxtpx:TrackPointExtension>
        </extensions>
      </trkpt>
      <trkpt lat="23.114304" lon="113.331796">
        <ele>2.83</ele>
        <time>2026-04-27T14:21:53Z</time>
        <extensions>
          <gpxtpx:TrackPointExtension></gpxtpx:TrackPointExtension>
        </extensions>
      </trkpt>
      <trkpt lat="23.114317" lon="113.33169">
        <ele>2.85</ele>
        <time>2026-04-27T14:21:58Z</time>
        <extensions>
          <gpxtpx:TrackPointExtension></gpxtpx:TrackPointExtension>
        </extensions>
      </trkpt>
      <trkpt lat="23.114363" lon="113.331563">
        <ele>2.8</ele>
        <time>2026-04-27T14:22:03Z</time>
        <extensions>
          <gpxtpx:TrackPointExtension></gpxtpx:TrackPointExtension>
        </extensions>
      </trkpt>
      <trkpt lat="23.114343" lon="113.331446">
        <ele>2.83</ele>
        <time>2026-04-27T14:22:08Z</time>
        <extensions>
          <gpxtpx:TrackPointExtension></gpxtpx:TrackPointExtension>
        </extensions>
      </trkpt>
      <trkpt lat="23.114347" lon="113.331333">
        <ele>2.7</ele>
        <time>2026-04-27T14:22:13Z</time>
        <extensions>
          <gpxtpx:TrackPointExtension></gpxtpx:TrackPointExtension>
        </extensions>
      </trkpt>
      <trkpt lat="23.114367" lon="113.331227">
        <ele>2.71</ele>
        <time>2026-04-27T14:22:18Z</time>
        <extensions>
          <gpxtpx:TrackPointExtension></gpxtpx:TrackPointExtension>
        </extensions>
      </trkpt>
      <trkpt lat="23.114366" lon="113.331122">
        <ele>2.64</ele>
        <time>2026-04-27T14:22:23Z</time>
        <extensions>
          <gpxtpx:TrackPointExtension></gpxtpx:TrackPointExtension>
        </extensions>
      </trkpt>
      <trkpt lat="23.114365" lon="113.330989">
        <ele>2.78</ele>
        <time>2026-04-27T14:22:28Z</time>
        <extensions>
          <gpxtpx:TrackPointExtension></gpxtpx:TrackPointExtension>
        </extensions>
      </trkpt>
      <trkpt lat="23.114367" lon="113.330873">
        <ele>2.81</ele>
        <time>2026-04-27T14:22:33Z</time>
        <extensions>
          <gpxtpx:TrackPointExtension></gpxtpx:TrackPointExtension>
        </extensions>
      </trkpt>
      <trkpt lat="23.114372" lon="113.330759">
        <ele>2.79</ele>
        <time>2026-04-27T14:22:38Z</time>
        <extensions>
          <gpxtpx:TrackPointExtension></gpxtpx:TrackPointExtension>
        </extensions>
      </trkpt>
      <trkpt lat="23.114385" lon="113.330645">
        <ele>2.8</ele>
        <time>2026-04-27T14:22:43Z</time>
        <extensions>
          <gpxtpx:TrackPointExtension></gpxtpx:TrackPointExtension>
        </extensions>
      </trkpt>
      <trkpt lat="23.114384" lon="113.330525">
        <ele>2.84</ele>
        <time>2026-04-27T14:22:48Z</time>
        <extensions>
          <gpxtpx:TrackPointExtension></gpxtpx:TrackPointExtension>
        </extensions>
      </trkpt>
      <trkpt lat="23.114368" lon="113.330415">
        <ele>2.95</ele>
        <time>2026-04-27T14:22:53Z</time>
        <extensions>
          <gpxtpx:TrackPointExtension></gpxtpx:TrackPointExtension>
        </extensions>
      </trkpt>
      <trkpt lat="23.114303" lon="113.330337">
        <ele>3.15</ele>
        <time>2026-04-27T14:22:58Z</time>
        <extensions>
          <gpxtpx:TrackPointExtension></gpxtpx:TrackPointExtension>
        </extensions>
      </trkpt>
      <trkpt lat="23.114343" lon="113.330199">
        <ele>3.09</ele>
        <time>2026-04-27T14:23:03Z</time>
        <extensions>
          <gpxtpx:TrackPointExtension></gpxtpx:TrackPointExtension>
        </extensions>
      </trkpt>
      <trkpt lat="23.114363" lon="113.330027">
        <ele>3.08</ele>
        <time>2026-04-27T14:23:08Z</time>
        <extensions>
          <gpxtpx:TrackPointExtension></gpxtpx:TrackPointExtension>
        </extensions>
      </trkpt>
      <trkpt lat="23.114409" lon="113.329854">
        <ele>3.14</ele>
        <time>2026-04-27T14:23:13Z</time>
        <extensions>
          <gpxtpx:TrackPointExtension></gpxtpx:TrackPointExtension>
        </extensions>
      </trkpt>
      <trkpt lat="23.114425" lon="113.329745">
        <ele>3.05</ele>
        <time>2026-04-27T14:23:18Z</time>
        <extensions>
          <gpxtpx:TrackPointExtension></gpxtpx:TrackPointExtension>
        </extensions>
      </trkpt>
      <trkpt lat="23.114435" lon="113.329605">
        <ele>3.08</ele>
        <time>2026-04-27T14:23:23Z</time>
        <extensions>
          <gpxtpx:TrackPointExtension></gpxtpx:TrackPointExtension>
        </extensions>
      </trkpt>
      <trkpt lat="23.114488" lon="113.329499">
        <ele>3.2</ele>
        <time>2026-04-27T14:23:28Z</time>
        <extensions>
          <gpxtpx:TrackPointExtension></gpxtpx:TrackPointExtension>
        </extensions>
      </trkpt>
      <trkpt lat="23.11453" lon="113.3294">
        <ele>3.55</ele>
        <time>2026-04-27T14:23:33Z</time>
        <extensions>
          <gpxtpx:TrackPointExtension></gpxtpx:TrackPointExtension>
        </extensions>
      </trkpt>
      <trkpt lat="23.114604" lon="113.329296">
        <ele>3.77</ele>
        <time>2026-04-27T14:23:38Z</time>
        <extensions>
          <gpxtpx:TrackPointExtension></gpxtpx:TrackPointExtension>
        </extensions>
      </trkpt>
      <trkpt lat="23.114708" lon="113.329224">
        <ele>3.8</ele>
        <time>2026-04-27T14:23:43Z</time>
        <extensions>
          <gpxtpx:TrackPointExtension></gpxtpx:TrackPointExtension>
        </extensions>
      </trkpt>
      <trkpt lat="23.114812" lon="113.329168">
        <ele>3.73</ele>
        <time>2026-04-27T14:23:48Z</time>
        <extensions>
          <gpxtpx:TrackPointExtension></gpxtpx:TrackPointExtension>
        </extensions>
      </trkpt>
      <trkpt lat="23.114916" lon="113.329106">
        <ele>3.68</ele>
        <time>2026-04-27T14:23:53Z</time>
        <extensions>
          <gpxtpx:TrackPointExtension></gpxtpx:TrackPointExtension>
        </extensions>
      </trkpt>
      <trkpt lat="23.115031" lon="113.32902">
        <ele>3.51</ele>
        <time>2026-04-27T14:23:58Z</time>
        <extensions>
          <gpxtpx:TrackPointExtension></gpxtpx:TrackPointExtension>
        </extensions>
      </trkpt>
      <trkpt lat="23.1151" lon="113.328966">
        <ele>3.46</ele>
        <time>2026-04-27T14:24:03Z</time>
        <extensions>
          <gpxtpx:TrackPointExtension></gpxtpx:TrackPointExtension>
        </extensions>
      </trkpt>
      <trkpt lat="23.115174" lon="113.328881">
        <ele>3.41</ele>
        <time>2026-04-27T14:24:08Z</time>
        <extensions>
          <gpxtpx:TrackPointExtension></gpxtpx:TrackPointExtension>
        </extensions>
      </trkpt>
      <trkpt lat="23.115221" lon="113.32875">
        <ele>3.17</ele>
        <time>2026-04-27T14:24:13Z</time>
        <extensions>
          <gpxtpx:TrackPointExtension></gpxtpx:TrackPointExtension>
        </extensions>
      </trkpt>
      <trkpt lat="23.115215" lon="113.328632">
        <ele>3.1</ele>
        <time>2026-04-27T14:24:18Z</time>
        <extensions>
          <gpxtpx:TrackPointExtension></gpxtpx:TrackPointExtension>
        </extensions>
      </trkpt>
      <trkpt lat="23.115247" lon="113.328495">
        <ele>3.06</ele>
        <time>2026-04-27T14:24:23Z</time>
        <extensions>
          <gpxtpx:TrackPointExtension></gpxtpx:TrackPointExtension>
        </extensions>
      </trkpt>
      <trkpt lat="23.115261" lon="113.328371">
        <ele>3.05</ele>
        <time>2026-04-27T14:24:28Z</time>
        <extensions>
          <gpxtpx:TrackPointExtension></gpxtpx:TrackPointExtension>
        </extensions>
      </trkpt>
      <trkpt lat="23.115296" lon="113.328258">
        <ele>3.16</ele>
        <time>2026-04-27T14:24:33Z</time>
        <extensions>
          <gpxtpx:TrackPointExtension></gpxtpx:TrackPointExtension>
        </extensions>
      </trkpt>
      <trkpt lat="23.115328" lon="113.328155">
        <ele>3.2</ele>
        <time>2026-04-27T14:24:38Z</time>
        <extensions>
          <gpxtpx:TrackPointExtension></gpxtpx:TrackPointExtension>
        </extensions>
      </trkpt>
      <trkpt lat="23.115348" lon="113.328021">
        <ele>3.29</ele>
        <time>2026-04-27T14:24:43Z</time>
        <extensions>
          <gpxtpx:TrackPointExtension></gpxtpx:TrackPointExtension>
        </extensions>
      </trkpt>
      <trkpt lat="23.115357" lon="113.327906">
        <ele>3.17</ele>
        <time>2026-04-27T14:24:48Z</time>
        <extensions>
          <gpxtpx:TrackPointExtension></gpxtpx:TrackPointExtension>
        </extensions>
      </trkpt>
      <trkpt lat="23.115341" lon="113.32781">
        <ele>3.12</ele>
        <time>2026-04-27T14:24:53Z</time>
        <extensions>
          <gpxtpx:TrackPointExtension></gpxtpx:TrackPointExtension>
        </extensions>
      </trkpt>
      <trkpt lat="23.115327" lon="113.327713">
        <ele>3.17</ele>
        <time>2026-04-27T14:24:58Z</time>
        <extensions>
          <gpxtpx:TrackPointExtension></gpxtpx:TrackPointExtension>
        </extensions>
      </trkpt>
      <trkpt lat="23.115349" lon="113.32761">
        <ele>3.05</ele>
        <time>2026-04-27T14:25:03Z</time>
        <extensions>
          <gpxtpx:TrackPointExtension></gpxtpx:TrackPointExtension>
        </extensions>
      </trkpt>
      <trkpt lat="23.115374" lon="113.327466">
        <ele>3.06</ele>
        <time>2026-04-27T14:25:08Z</time>
        <extensions>
          <gpxtpx:TrackPointExtension></gpxtpx:TrackPointExtension>
        </extensions>
      </trkpt>
      <trkpt lat="23.11541" lon="113.327359">
        <ele>2.94</ele>
        <time>2026-04-27T14:25:13Z</time>
        <extensions>
          <gpxtpx:TrackPointExtension></gpxtpx:TrackPointExtension>
        </extensions>
      </trkpt>
      <trkpt lat="23.115434" lon="113.327244">
        <ele>2.96</ele>
        <time>2026-04-27T14:25:18Z</time>
        <extensions>
          <gpxtpx:TrackPointExtension></gpxtpx:TrackPointExtension>
        </extensions>
      </trkpt>
      <trkpt lat="23.11546" lon="113.327093">
        <ele>3.05</ele>
        <time>2026-04-27T14:25:23Z</time>
        <extensions>
          <gpxtpx:TrackPointExtension></gpxtpx:TrackPointExtension>
        </extensions>
      </trkpt>
      <trkpt lat="23.115499" lon="113.326955">
        <ele>3.13</ele>
        <time>2026-04-27T14:25:28Z</time>
        <extensions>
          <gpxtpx:TrackPointExtension></gpxtpx:TrackPointExtension>
        </extensions>
      </trkpt>
      <trkpt lat="23.115527" lon="113.326818">
        <ele>3.08</ele>
        <time>2026-04-27T14:25:33Z</time>
        <extensions>
          <gpxtpx:TrackPointExtension></gpxtpx:TrackPointExtension>
        </extensions>
      </trkpt>
      <trkpt lat="23.115539" lon="113.326694">
        <ele>2.95</ele>
        <time>2026-04-27T14:25:38Z</time>
        <extensions>
          <gpxtpx:TrackPointExtension></gpxtpx:TrackPointExtension>
        </extensions>
      </trkpt>
      <trkpt lat="23.115566" lon="113.32657">
        <ele>2.92</ele>
        <time>2026-04-27T14:25:43Z</time>
        <extensions>
          <gpxtpx:TrackPointExtension></gpxtpx:TrackPointExtension>
        </extensions>
      </trkpt>
      <trkpt lat="23.115586" lon="113.326462">
        <ele>2.88</ele>
        <time>2026-04-27T14:25:48Z</time>
        <extensions>
          <gpxtpx:TrackPointExtension></gpxtpx:TrackPointExtension>
        </extensions>
      </trkpt>
      <trkpt lat="23.115613" lon="113.326327">
        <ele>2.89</ele>
        <time>2026-04-27T14:25:53Z</time>
        <extensions>
          <gpxtpx:TrackPointExtension></gpxtpx:TrackPointExtension>
        </extensions>
      </trkpt>
      <trkpt lat="23.115646" lon="113.326211">
        <ele>3.01</ele>
        <time>2026-04-27T14:25:58Z</time>
        <extensions>
          <gpxtpx:TrackPointExtension></gpxtpx:TrackPointExtension>
        </extensions>
      </trkpt>
      <trkpt lat="23.115633" lon="113.326076">
        <ele>3.06</ele>
        <time>2026-04-27T14:26:03Z</time>
        <extensions>
          <gpxtpx:TrackPointExtension></gpxtpx:TrackPointExtension>
        </extensions>
      </trkpt>
      <trkpt lat="23.115656" lon="113.325964">
        <ele>3.11</ele>
        <time>2026-04-27T14:26:08Z</time>
        <extensions>
          <gpxtpx:TrackPointExtension></gpxtpx:TrackPointExtension>
        </extensions>
      </trkpt>
      <trkpt lat="23.115675" lon="113.325876">
        <ele>3.34</ele>
        <time>2026-04-27T14:26:13Z</time>
        <extensions>
          <gpxtpx:TrackPointExtension></gpxtpx:TrackPointExtension>
        </extensions>
      </trkpt>
      <trkpt lat="23.115656" lon="113.325773">
        <ele>3.3</ele>
        <time>2026-04-27T14:26:18Z</time>
        <extensions>
          <gpxtpx:TrackPointExtension></gpxtpx:TrackPointExtension>
        </extensions>
      </trkpt>
      <trkpt lat="23.115658" lon="113.325636">
        <ele>3.48</ele>
        <time>2026-04-27T14:26:23Z</time>
        <extensions>
          <gpxtpx:TrackPointExtension></gpxtpx:TrackPointExtension>
        </extensions>
      </trkpt>
      <trkpt lat="23.115683" lon="113.325459">
        <ele>3.64</ele>
        <time>2026-04-27T14:26:28Z</time>
        <extensions>
          <gpxtpx:TrackPointExtension></gpxtpx:TrackPointExtension>
        </extensions>
      </trkpt>
      <trkpt lat="23.115675" lon="113.325345">
        <ele>3.75</ele>
        <time>2026-04-27T14:26:33Z</time>
        <extensions>
          <gpxtpx:TrackPointExtension></gpxtpx:TrackPointExtension>
        </extensions>
      </trkpt>
      <trkpt lat="23.115695" lon="113.325224">
        <ele>3.75</ele>
        <time>2026-04-27T14:26:38Z</time>
        <extensions>
          <gpxtpx:TrackPointExtension></gpxtpx:TrackPointExtension>
        </extensions>
      </trkpt>
      <trkpt lat="23.115752" lon="113.325085">
        <ele>3.99</ele>
        <time>2026-04-27T14:26:43Z</time>
        <extensions>
          <gpxtpx:TrackPointExtension></gpxtpx:TrackPointExtension>
        </extensions>
      </trkpt>
      <trkpt lat="23.115777" lon="113.324939">
        <ele>3.84</ele>
        <time>2026-04-27T14:26:48Z</time>
        <extensions>
          <gpxtpx:TrackPointExtension></gpxtpx:TrackPointExtension>
        </extensions>
      </trkpt>
      <trkpt lat="23.115798" lon="113.324803">
        <ele>3.99</ele>
        <time>2026-04-27T14:26:53Z</time>
        <extensions>
          <gpxtpx:TrackPointExtension></gpxtpx:TrackPointExtension>
        </extensions>
      </trkpt>
      <trkpt lat="23.11581" lon="113.324649">
        <ele>3.96</ele>
        <time>2026-04-27T14:26:58Z</time>
        <extensions>
          <gpxtpx:TrackPointExtension></gpxtpx:TrackPointExtension>
        </extensions>
      </trkpt>
      <trkpt lat="23.115831" lon="113.324538">
        <ele>3.54</ele>
        <time>2026-04-27T14:27:03Z</time>
        <extensions>
          <gpxtpx:TrackPointExtension></gpxtpx:TrackPointExtension>
        </extensions>
      </trkpt>
      <trkpt lat="23.115841" lon="113.324403">
        <ele>3.18</ele>
        <time>2026-04-27T14:27:08Z</time>
        <extensions>
          <gpxtpx:TrackPointExtension></gpxtpx:TrackPointExtension>
        </extensions>
      </trkpt>
      <trkpt lat="23.115811" lon="113.324281">
        <ele>3.15</ele>
        <time>2026-04-27T14:27:13Z</time>
        <extensions>
          <gpxtpx:TrackPointExtension></gpxtpx:TrackPointExtension>
        </extensions>
      </trkpt>
      <trkpt lat="23.115803" lon="113.324134">
        <ele>3.12</ele>
        <time>2026-04-27T14:27:18Z</time>
        <extensions>
          <gpxtpx:TrackPointExtension></gpxtpx:TrackPointExtension>
        </extensions>
      </trkpt>
      <trkpt lat="23.115804" lon="113.324009">
        <ele>3.15</ele>
        <time>2026-04-27T14:27:23Z</time>
        <extensions>
          <gpxtpx:TrackPointExtension></gpxtpx:TrackPointExtension>
        </extensions>
      </trkpt>
      <trkpt lat="23.115794" lon="113.323918">
        <ele>3.04</ele>
        <time>2026-04-27T14:27:28Z</time>
        <extensions>
          <gpxtpx:TrackPointExtension></gpxtpx:TrackPointExtension>
        </extensions>
      </trkpt>
      <trkpt lat="23.115784" lon="113.3238">
        <ele>3.05</ele>
        <time>2026-04-27T14:27:33Z</time>
        <extensions>
          <gpxtpx:TrackPointExtension></gpxtpx:TrackPointExtension>
        </extensions>
      </trkpt>
      <trkpt lat="23.115771" lon="113.32375">
        <ele>2.94</ele>
        <time>2026-04-27T14:27:38Z</time>
        <extensions>
          <gpxtpx:TrackPointExtension></gpxtpx:TrackPointExtension>
        </extensions>
      </trkpt>
      <trkpt lat="23.115773" lon="113.323644">
        <ele>3.0</ele>
        <time>2026-04-27T14:27:43Z</time>
        <extensions>
          <gpxtpx:TrackPointExtension></gpxtpx:TrackPointExtension>
        </extensions>
      </trkpt>
      <trkpt lat="23.115797" lon="113.323439">
        <ele>3.11</ele>
        <time>2026-04-27T14:27:48Z</time>
        <extensions>
          <gpxtpx:TrackPointExtension></gpxtpx:TrackPointExtension>
        </extensions>
      </trkpt>
      <trkpt lat="23.115814" lon="113.323286">
        <ele>3.14</ele>
        <time>2026-04-27T14:27:53Z</time>
        <extensions>
          <gpxtpx:TrackPointExtension></gpxtpx:TrackPointExtension>
        </extensions>
      </trkpt>
      <trkpt lat="23.115824" lon="113.323178">
        <ele>3.19</ele>
        <time>2026-04-27T14:27:58Z</time>
        <extensions>
          <gpxtpx:TrackPointExtension></gpxtpx:TrackPointExtension>
        </extensions>
      </trkpt>
      <trkpt lat="23.11583" lon="113.323021">
        <ele>3.19</ele>
        <time>2026-04-27T14:28:03Z</time>
        <extensions>
          <gpxtpx:TrackPointExtension></gpxtpx:TrackPointExtension>
        </extensions>
      </trkpt>
      <trkpt lat="23.115838" lon="113.32289">
        <ele>3.34</ele>
        <time>2026-04-27T14:28:08Z</time>
        <extensions>
          <gpxtpx:TrackPointExtension></gpxtpx:TrackPointExtension>
        </extensions>
      </trkpt>
      <trkpt lat="23.115845" lon="113.322733">
        <ele>3.23</ele>
        <time>2026-04-27T14:28:13Z</time>
        <extensions>
          <gpxtpx:TrackPointExtension></gpxtpx:TrackPointExtension>
        </extensions>
      </trkpt>
      <trkpt lat="23.115859" lon="113.322594">
        <ele>3.39</ele>
        <time>2026-04-27T14:28:18Z</time>
        <extensions>
          <gpxtpx:TrackPointExtension></gpxtpx:TrackPointExtension>
        </extensions>
      </trkpt>
      <trkpt lat="23.115878" lon="113.322459">
        <ele>3.44</ele>
        <time>2026-04-27T14:28:23Z</time>
        <extensions>
          <gpxtpx:TrackPointExtension></gpxtpx:TrackPointExtension>
        </extensions>
      </trkpt>
      <trkpt lat="23.1159" lon="113.322318">
        <ele>3.43</ele>
        <time>2026-04-27T14:28:28Z</time>
        <extensions>
          <gpxtpx:TrackPointExtension></gpxtpx:TrackPointExtension>
        </extensions>
      </trkpt>
      <trkpt lat="23.115911" lon="113.322201">
        <ele>3.5</ele>
        <time>2026-04-27T14:28:33Z</time>
        <extensions>
          <gpxtpx:TrackPointExtension></gpxtpx:TrackPointExtension>
        </extensions>
      </trkpt>
      <trkpt lat="23.115898" lon="113.322105">
        <ele>3.36</ele>
        <time>2026-04-27T14:28:38Z</time>
        <extensions>
          <gpxtpx:TrackPointExtension></gpxtpx:TrackPointExtension>
        </extensions>
      </trkpt>
      <trkpt lat="23.115902" lon="113.321994">
        <ele>3.43</ele>
        <time>2026-04-27T14:28:43Z</time>
        <extensions>
          <gpxtpx:TrackPointExtension></gpxtpx:TrackPointExtension>
        </extensions>
      </trkpt>
      <trkpt lat="23.115898" lon="113.32187">
        <ele>3.37</ele>
        <time>2026-04-27T14:28:48Z</time>
        <extensions>
          <gpxtpx:TrackPointExtension></gpxtpx:TrackPointExtension>
        </extensions>
      </trkpt>
      <trkpt lat="23.115887" lon="113.321775">
        <ele>3.6</ele>
        <time>2026-04-27T14:28:53Z</time>
        <extensions>
          <gpxtpx:TrackPointExtension></gpxtpx:TrackPointExtension>
        </extensions>
      </trkpt>
      <trkpt lat="23.115846" lon="113.32168">
        <ele>3.8</ele>
        <time>2026-04-27T14:28:58Z</time>
        <extensions>
          <gpxtpx:TrackPointExtension></gpxtpx:TrackPointExtension>
        </extensions>
      </trkpt>
      <trkpt lat="23.115772" lon="113.321619">
        <ele>4.0</ele>
        <time>2026-04-27T14:29:03Z</time>
        <extensions>
          <gpxtpx:TrackPointExtension></gpxtpx:TrackPointExtension>
        </extensions>
      </trkpt>
      <trkpt lat="23.11574" lon="113.321645">
        <ele>4.25</ele>
        <time>2026-04-27T14:29:08Z</time>
        <extensions>
          <gpxtpx:TrackPointExtension></gpxtpx:TrackPointExtension>
        </extensions>
      </trkpt>
      <trkpt lat="23.115615" lon="113.321625">
        <ele>4.38</ele>
        <time>2026-04-27T14:29:13Z</time>
        <extensions>
          <gpxtpx:TrackPointExtension></gpxtpx:TrackPointExtension>
        </extensions>
      </trkpt>
      <trkpt lat="23.115466" lon="113.321616">
        <ele>4.5</ele>
        <time>2026-04-27T14:29:18Z</time>
        <extensions>
          <gpxtpx:TrackPointExtension></gpxtpx:TrackPointExtension>
        </extensions>
      </trkpt>
      <trkpt lat="23.115323" lon="113.321611">
        <ele>4.45</ele>
        <time>2026-04-27T14:29:23Z</time>
        <extensions>
          <gpxtpx:TrackPointExtension></gpxtpx:TrackPointExtension>
        </extensions>
      </trkpt>
      <trkpt lat="23.115198" lon="113.321585">
        <ele>4.25</ele>
        <time>2026-04-27T14:29:28Z</time>
        <extensions>
          <gpxtpx:TrackPointExtension></gpxtpx:TrackPointExtension>
        </extensions>
      </trkpt>
      <trkpt lat="23.115078" lon="113.32157">
        <ele>4.23</ele>
        <time>2026-04-27T14:29:33Z</time>
        <extensions>
          <gpxtpx:TrackPointExtension></gpxtpx:TrackPointExtension>
        </extensions>
      </trkpt>
      <trkpt lat="23.114962" lon="113.321576">
        <ele>4.19</ele>
        <time>2026-04-27T14:29:38Z</time>
        <extensions>
          <gpxtpx:TrackPointExtension></gpxtpx:TrackPointExtension>
        </extensions>
      </trkpt>
      <trkpt lat="23.114841" lon="113.321619">
        <ele>4.01</ele>
        <time>2026-04-27T14:29:43Z</time>
        <extensions>
          <gpxtpx:TrackPointExtension></gpxtpx:TrackPointExtension>
        </extensions>
      </trkpt>
      <trkpt lat="23.114829" lon="113.321662">
        <ele>3.29</ele>
        <time>2026-04-27T14:29:48Z</time>
        <extensions>
          <gpxtpx:TrackPointExtension></gpxtpx:TrackPointExtension>
        </extensions>
      </trkpt>
      <trkpt lat="23.11482" lon="113.321773">
        <ele>3.15</ele>
        <time>2026-04-27T14:29:53Z</time>
        <extensions>
          <gpxtpx:TrackPointExtension></gpxtpx:TrackPointExtension>
        </extensions>
      </trkpt>
      <trkpt lat="23.114811" lon="113.321881">
        <ele>3.22</ele>
        <time>2026-04-27T14:29:58Z</time>
        <extensions>
          <gpxtpx:TrackPointExtension></gpxtpx:TrackPointExtension>
        </extensions>
      </trkpt>
      <trkpt lat="23.114805" lon="113.32199">
        <ele>3.06</ele>
        <time>2026-04-27T14:30:03Z</time>
        <extensions>
          <gpxtpx:TrackPointExtension></gpxtpx:TrackPointExtension>
        </extensions>
      </trkpt>
      <trkpt lat="23.114789" lon="113.322124">
        <ele>3.1</ele>
        <time>2026-04-27T14:30:08Z</time>
        <extensions>
          <gpxtpx:TrackPointExtension></gpxtpx:TrackPointExtension>
        </extensions>
      </trkpt>
      <trkpt lat="23.114757" lon="113.322265">
        <ele>3.17</ele>
        <time>2026-04-27T14:30:13Z</time>
        <extensions>
          <gpxtpx:TrackPointExtension></gpxtpx:TrackPointExtension>
        </extensions>
      </trkpt>
      <trkpt lat="23.114749" lon="113.322397">
        <ele>3.21</ele>
        <time>2026-04-27T14:30:18Z</time>
        <extensions>
          <gpxtpx:TrackPointExtension></gpxtpx:TrackPointExtension>
        </extensions>
      </trkpt>
      <trkpt lat="23.114754" lon="113.322514">
        <ele>3.33</ele>
        <time>2026-04-27T14:30:23Z</time>
        <extensions>
          <gpxtpx:TrackPointExtension></gpxtpx:TrackPointExtension>
        </extensions>
      </trkpt>
      <trkpt lat="23.114751" lon="113.322617">
        <ele>3.36</ele>
        <time>2026-04-27T14:30:28Z</time>
        <extensions>
          <gpxtpx:TrackPointExtension></gpxtpx:TrackPointExtension>
        </extensions>
      </trkpt>
      <trkpt lat="23.114749" lon="113.322734">
        <ele>3.22</ele>
        <time>2026-04-27T14:30:33Z</time>
        <extensions>
          <gpxtpx:TrackPointExtension></gpxtpx:TrackPointExtension>
        </extensions>
      </trkpt>
      <trkpt lat="23.114728" lon="113.322854">
        <ele>3.12</ele>
        <time>2026-04-27T14:30:38Z</time>
        <extensions>
          <gpxtpx:TrackPointExtension></gpxtpx:TrackPointExtension>
        </extensions>
      </trkpt>
      <trkpt lat="23.114702" lon="113.322975">
        <ele>3.17</ele>
        <time>2026-04-27T14:30:43Z</time>
        <extensions>
          <gpxtpx:TrackPointExtension></gpxtpx:TrackPointExtension>
        </extensions>
      </trkpt>
      <trkpt lat="23.114687" lon="113.3231">
        <ele>3.27</ele>
        <time>2026-04-27T14:30:48Z</time>
        <extensions>
          <gpxtpx:TrackPointExtension></gpxtpx:TrackPointExtension>
        </extensions>
      </trkpt>
      <trkpt lat="23.114664" lon="113.323225">
        <ele>3.3</ele>
        <time>2026-04-27T14:30:53Z</time>
        <extensions>
          <gpxtpx:TrackPointExtension></gpxtpx:TrackPointExtension>
        </extensions>
      </trkpt>
      <trkpt lat="23.114662" lon="113.323339">
        <ele>3.46</ele>
        <time>2026-04-27T14:30:58Z</time>
        <extensions>
          <gpxtpx:TrackPointExtension></gpxtpx:TrackPointExtension>
        </extensions>
      </trkpt>
      <trkpt lat="23.114649" lon="113.323452">
        <ele>3.6</ele>
        <time>2026-04-27T14:31:03Z</time>
        <extensions>
          <gpxtpx:TrackPointExtension></gpxtpx:TrackPointExtension>
        </extensions>
      </trkpt>
      <trkpt lat="23.114636" lon="113.323561">
        <ele>3.6</ele>
        <time>2026-04-27T14:31:08Z</time>
        <extensions>
          <gpxtpx:TrackPointExtension></gpxtpx:TrackPointExtension>
        </extensions>
      </trkpt>
      <trkpt lat="23.114624" lon="113.323683">
        <ele>3.49</ele>
        <time>2026-04-27T14:31:13Z</time>
        <extensions>
          <gpxtpx:TrackPointExtension></gpxtpx:TrackPointExtension>
        </extensions>
      </trkpt>
      <trkpt lat="23.114599" lon="113.323808">
        <ele>3.56</ele>
        <time>2026-04-27T14:31:18Z</time>
        <extensions>
          <gpxtpx:TrackPointExtension></gpxtpx:TrackPointExtension>
        </extensions>
      </trkpt>
      <trkpt lat="23.114548" lon="113.323933">
        <ele>3.62</ele>
        <time>2026-04-27T14:31:23Z</time>
        <extensions>
          <gpxtpx:TrackPointExtension></gpxtpx:TrackPointExtension>
        </extensions>
      </trkpt>
      <trkpt lat="23.114546" lon="113.324051">
        <ele>3.54</ele>
        <time>2026-04-27T14:31:28Z</time>
        <extensions>
          <gpxtpx:TrackPointExtension></gpxtpx:TrackPointExtension>
        </extensions>
      </trkpt>
      <trkpt lat="23.114521" lon="113.324167">
        <ele>3.47</ele>
        <time>2026-04-27T14:31:33Z</time>
        <extensions>
          <gpxtpx:TrackPointExtension></gpxtpx:TrackPointExtension>
        </extensions>
      </trkpt>
      <trkpt lat="23.114494" lon="113.324273">
        <ele>3.44</ele>
        <time>2026-04-27T14:31:38Z</time>
        <extensions>
          <gpxtpx:TrackPointExtension></gpxtpx:TrackPointExtension>
        </extensions>
      </trkpt>
      <trkpt lat="23.114474" lon="113.324381">
        <ele>3.36</ele>
        <time>2026-04-27T14:31:43Z</time>
        <extensions>
          <gpxtpx:TrackPointExtension></gpxtpx:TrackPointExtension>
        </extensions>
      </trkpt>
      <trkpt lat="23.11444" lon="113.324483">
        <ele>3.43</ele>
        <time>2026-04-27T14:31:48Z</time>
        <extensions>
          <gpxtpx:TrackPointExtension></gpxtpx:TrackPointExtension>
        </extensions>
      </trkpt>
      <trkpt lat="23.114379" lon="113.324589">
        <ele>3.41</ele>
        <time>2026-04-27T14:31:53Z</time>
        <extensions>
          <gpxtpx:TrackPointExtension></gpxtpx:TrackPointExtension>
        </extensions>
      </trkpt>
      <trkpt lat="23.114256" lon="113.324633">
        <ele>3.61</ele>
        <time>2026-04-27T14:31:58Z</time>
        <extensions>
          <gpxtpx:TrackPointExtension></gpxtpx:TrackPointExtension>
        </extensions>
      </trkpt>
      <trkpt lat="23.114143" lon="113.324654">
        <ele>3.46</ele>
        <time>2026-04-27T14:32:03Z</time>
        <extensions>
          <gpxtpx:TrackPointExtension></gpxtpx:TrackPointExtension>
        </extensions>
      </trkpt>
      <trkpt lat="23.114086" lon="113.324666">
        <ele>3.36</ele>
        <time>2026-04-27T14:32:08Z</time>
        <extensions>
          <gpxtpx:TrackPointExtension></gpxtpx:TrackPointExtension>
        </extensions>
      </trkpt>
      <trkpt lat="23.114011" lon="113.324668">
        <ele>3.43</ele>
        <time>2026-04-27T14:32:13Z</time>
        <extensions>
          <gpxtpx:TrackPointExtension></gpxtpx:TrackPointExtension>
        </extensions>
      </trkpt>
      <trkpt lat="23.113951" lon="113.324669">
        <ele>3.28</ele>
        <time>2026-04-27T14:32:18Z</time>
        <extensions>
          <gpxtpx:TrackPointExtension></gpxtpx:TrackPointExtension>
        </extensions>
      </trkpt>
      <trkpt lat="23.113904" lon="113.324669">
        <ele>3.48</ele>
        <time>2026-04-27T14:32:23Z</time>
        <extensions>
          <gpxtpx:TrackPointExtension></gpxtpx:TrackPointExtension>
        </extensions>
      </trkpt>
      <trkpt lat="23.113851" lon="113.324675">
        <ele>3.49</ele>
        <time>2026-04-27T14:32:28Z</time>
        <extensions>
          <gpxtpx:TrackPointExtension></gpxtpx:TrackPointExtension>
        </extensions>
      </trkpt>
      <trkpt lat="23.113779" lon="113.324675">
        <ele>3.47</ele>
        <time>2026-04-27T14:32:33Z</time>
        <extensions>
          <gpxtpx:TrackPointExtension></gpxtpx:TrackPointExtension>
        </extensions>
      </trkpt>
      <trkpt lat="23.113712" lon="113.324648">
        <ele>3.47</ele>
        <time>2026-04-27T14:32:38Z</time>
        <extensions>
          <gpxtpx:TrackPointExtension></gpxtpx:TrackPointExtension>
        </extensions>
      </trkpt>
      <trkpt lat="23.113662" lon="113.324549">
        <ele>3.53</ele>
        <time>2026-04-27T14:32:43Z</time>
        <extensions>
          <gpxtpx:TrackPointExtension></gpxtpx:TrackPointExtension>
        </extensions>
      </trkpt>
      <trkpt lat="23.113644" lon="113.324406">
        <ele>3.58</ele>
        <time>2026-04-27T14:32:48Z</time>
        <extensions>
          <gpxtpx:TrackPointExtension></gpxtpx:TrackPointExtension>
        </extensions>
      </trkpt>
      <trkpt lat="23.113627" lon="113.324291">
        <ele>3.56</ele>
        <time>2026-04-27T14:32:53Z</time>
        <extensions>
          <gpxtpx:TrackPointExtension></gpxtpx:TrackPointExtension>
        </extensions>
      </trkpt>
      <trkpt lat="23.113603" lon="113.324163">
        <ele>3.36</ele>
        <time>2026-04-27T14:32:58Z</time>
        <extensions>
          <gpxtpx:TrackPointExtension></gpxtpx:TrackPointExtension>
        </extensions>
      </trkpt>
      <trkpt lat="23.11359" lon="113.324037">
        <ele>3.15</ele>
        <time>2026-04-27T14:33:03Z</time>
        <extensions>
          <gpxtpx:TrackPointExtension></gpxtpx:TrackPointExtension>
        </extensions>
      </trkpt>
      <trkpt lat="23.113563" lon="113.323906">
        <ele>3.16</ele>
        <time>2026-04-27T14:33:08Z</time>
        <extensions>
          <gpxtpx:TrackPointExtension></gpxtpx:TrackPointExtension>
        </extensions>
      </trkpt>
      <trkpt lat="23.113544" lon="113.323777">
        <ele>3.24</ele>
        <time>2026-04-27T14:33:13Z</time>
        <extensions>
          <gpxtpx:TrackPointExtension></gpxtpx:TrackPointExtension>
        </extensions>
      </trkpt>
      <trkpt lat="23.113533" lon="113.323646">
        <ele>3.28</ele>
        <time>2026-04-27T14:33:18Z</time>
        <extensions>
          <gpxtpx:TrackPointExtension></gpxtpx:TrackPointExtension>
        </extensions>
      </trkpt>
      <trkpt lat="23.113519" lon="113.323502">
        <ele>3.53</ele>
        <time>2026-04-27T14:33:23Z</time>
        <extensions>
          <gpxtpx:TrackPointExtension></gpxtpx:TrackPointExtension>
        </extensions>
      </trkpt>
      <trkpt lat="23.113508" lon="113.32341">
        <ele>3.57</ele>
        <time>2026-04-27T14:33:28Z</time>
        <extensions>
          <gpxtpx:TrackPointExtension></gpxtpx:TrackPointExtension>
        </extensions>
      </trkpt>
      <trkpt lat="23.113486" lon="113.323301">
        <ele>3.29</ele>
        <time>2026-04-27T14:33:33Z</time>
        <extensions>
          <gpxtpx:TrackPointExtension></gpxtpx:TrackPointExtension>
        </extensions>
      </trkpt>
      <trkpt lat="23.113465" lon="113.323156">
        <ele>3.3</ele>
        <time>2026-04-27T14:33:38Z</time>
        <extensions>
          <gpxtpx:TrackPointExtension></gpxtpx:TrackPointExtension>
        </extensions>
      </trkpt>
      <trkpt lat="23.113446" lon="113.323025">
        <ele>3.28</ele>
        <time>2026-04-27T14:33:43Z</time>
        <extensions>
          <gpxtpx:TrackPointExtension></gpxtpx:TrackPointExtension>
        </extensions>
      </trkpt>
      <trkpt lat="23.113441" lon="113.322878">
        <ele>3.3</ele>
        <time>2026-04-27T14:33:48Z</time>
        <extensions>
          <gpxtpx:TrackPointExtension></gpxtpx:TrackPointExtension>
        </extensions>
      </trkpt>
      <trkpt lat="23.113436" lon="113.322726">
        <ele>3.37</ele>
        <time>2026-04-27T14:33:53Z</time>
        <extensions>
          <gpxtpx:TrackPointExtension></gpxtpx:TrackPointExtension>
        </extensions>
      </trkpt>
      <trkpt lat="23.113422" lon="113.322574">
        <ele>3.4</ele>
        <time>2026-04-27T14:33:58Z</time>
        <extensions>
          <gpxtpx:TrackPointExtension></gpxtpx:TrackPointExtension>
        </extensions>
      </trkpt>
      <trkpt lat="23.113421" lon="113.322436">
        <ele>3.43</ele>
        <time>2026-04-27T14:34:03Z</time>
        <extensions>
          <gpxtpx:TrackPointExtension></gpxtpx:TrackPointExtension>
        </extensions>
      </trkpt>
      <trkpt lat="23.113396" lon="113.322327">
        <ele>3.5</ele>
        <time>2026-04-27T14:34:08Z</time>
        <extensions>
          <gpxtpx:TrackPointExtension></gpxtpx:TrackPointExtension>
        </extensions>
      </trkpt>
      <trkpt lat="23.113409" lon="113.322208">
        <ele>3.36</ele>
        <time>2026-04-27T14:34:13Z</time>
        <extensions>
          <gpxtpx:TrackPointExtension></gpxtpx:TrackPointExtension>
        </extensions>
      </trkpt>
      <trkpt lat="23.113424" lon="113.322058">
        <ele>3.52</ele>
        <time>2026-04-27T14:34:18Z</time>
        <extensions>
          <gpxtpx:TrackPointExtension></gpxtpx:TrackPointExtension>
        </extensions>
      </trkpt>
      <trkpt lat="23.113444" lon="113.321915">
        <ele>3.51</ele>
        <time>2026-04-27T14:34:23Z</time>
        <extensions>
          <gpxtpx:TrackPointExtension></gpxtpx:TrackPointExtension>
        </extensions>
      </trkpt>
      <trkpt lat="23.11347" lon="113.321746">
        <ele>3.51</ele>
        <time>2026-04-27T14:34:28Z</time>
        <extensions>
          <gpxtpx:TrackPointExtension></gpxtpx:TrackPointExtension>
        </extensions>
      </trkpt>
      <trkpt lat="23.113469" lon="113.32162">
        <ele>3.56</ele>
        <time>2026-04-27T14:34:33Z</time>
        <extensions>
          <gpxtpx:TrackPointExtension></gpxtpx:TrackPointExtension>
        </extensions>
      </trkpt>
      <trkpt lat="23.113576" lon="113.321519">
        <ele>3.76</ele>
        <time>2026-04-27T14:34:38Z</time>
        <extensions>
          <gpxtpx:TrackPointExtension></gpxtpx:TrackPointExtension>
        </extensions>
      </trkpt>
      <trkpt lat="23.113654" lon="113.321482">
        <ele>3.84</ele>
        <time>2026-04-27T14:34:43Z</time>
        <extensions>
          <gpxtpx:TrackPointExtension></gpxtpx:TrackPointExtension>
        </extensions>
      </trkpt>
      <trkpt lat="23.113782" lon="113.321482">
        <ele>3.73</ele>
        <time>2026-04-27T14:34:48Z</time>
        <extensions>
          <gpxtpx:TrackPointExtension></gpxtpx:TrackPointExtension>
        </extensions>
      </trkpt>
      <trkpt lat="23.113911" lon="113.321487">
        <ele>3.69</ele>
        <time>2026-04-27T14:34:53Z</time>
        <extensions>
          <gpxtpx:TrackPointExtension></gpxtpx:TrackPointExtension>
        </extensions>
      </trkpt>
      <trkpt lat="23.114017" lon="113.321473">
        <ele>3.63</ele>
        <time>2026-04-27T14:34:58Z</time>
        <extensions>
          <gpxtpx:TrackPointExtension></gpxtpx:TrackPointExtension>
        </extensions>
      </trkpt>
      <trkpt lat="23.114132" lon="113.321453">
        <ele>3.9</ele>
        <time>2026-04-27T14:35:03Z</time>
        <extensions>
          <gpxtpx:TrackPointExtension></gpxtpx:TrackPointExtension>
        </extensions>
      </trkpt>
      <trkpt lat="23.114257" lon="113.321467">
        <ele>3.84</ele>
        <time>2026-04-27T14:35:08Z</time>
        <extensions>
          <gpxtpx:TrackPointExtension></gpxtpx:TrackPointExtension>
        </extensions>
      </trkpt>
      <trkpt lat="23.11436" lon="113.321451">
        <ele>3.82</ele>
        <time>2026-04-27T14:35:13Z</time>
        <extensions>
          <gpxtpx:TrackPointExtension></gpxtpx:TrackPointExtension>
        </extensions>
      </trkpt>
      <trkpt lat="23.114479" lon="113.321415">
        <ele>3.81</ele>
        <time>2026-04-27T14:35:18Z</time>
        <extensions>
          <gpxtpx:TrackPointExtension></gpxtpx:TrackPointExtension>
        </extensions>
      </trkpt>
      <trkpt lat="23.114536" lon="113.32133">
        <ele>3.62</ele>
        <time>2026-04-27T14:35:23Z</time>
        <extensions>
          <gpxtpx:TrackPointExtension></gpxtpx:TrackPointExtension>
        </extensions>
      </trkpt>
      <trkpt lat="23.114592" lon="113.321274">
        <ele>3.73</ele>
        <time>2026-04-27T14:35:28Z</time>
        <extensions>
          <gpxtpx:TrackPointExtension></gpxtpx:TrackPointExtension>
        </extensions>
      </trkpt>
      <trkpt lat="23.114634" lon="113.321203">
        <ele>3.78</ele>
        <time>2026-04-27T14:35:33Z</time>
        <extensions>
          <gpxtpx:TrackPointExtension></gpxtpx:TrackPointExtension>
        </extensions>
      </trkpt>
      <trkpt lat="23.114668" lon="113.321147">
        <ele>3.77</ele>
        <time>2026-04-27T14:35:38Z</time>
        <extensions>
          <gpxtpx:TrackPointExtension></gpxtpx:TrackPointExtension>
        </extensions>
      </trkpt>
      <trkpt lat="23.114701" lon="113.321094">
        <ele>3.66</ele>
        <time>2026-04-27T14:35:43Z</time>
        <extensions>
          <gpxtpx:TrackPointExtension></gpxtpx:TrackPointExtension>
        </extensions>
      </trkpt>
      <trkpt lat="23.114714" lon="113.321027">
        <ele>3.69</ele>
        <time>2026-04-27T14:35:48Z</time>
        <extensions>
          <gpxtpx:TrackPointExtension></gpxtpx:TrackPointExtension>
        </extensions>
      </trkpt>
      <trkpt lat="23.114722" lon="113.320958">
        <ele>3.54</ele>
        <time>2026-04-27T14:35:53Z</time>
        <extensions>
          <gpxtpx:TrackPointExtension></gpxtpx:TrackPointExtension>
        </extensions>
      </trkpt>
      <trkpt lat="23.114747" lon="113.320906">
        <ele>3.41</ele>
        <time>2026-04-27T14:35:58Z</time>
        <extensions>
          <gpxtpx:TrackPointExtension></gpxtpx:TrackPointExtension>
        </extensions>
      </trkpt>
      <trkpt lat="23.114759" lon="113.320831">
        <ele>3.7</ele>
        <time>2026-04-27T14:36:03Z</time>
        <extensions>
          <gpxtpx:TrackPointExtension></gpxtpx:TrackPointExtension>
        </extensions>
      </trkpt>
      <trkpt lat="23.114769" lon="113.320769">
        <ele>3.74</ele>
        <time>2026-04-27T14:36:08Z</time>
        <extensions>
          <gpxtpx:TrackPointExtension></gpxtpx:TrackPointExtension>
        </extensions>
      </trkpt>
      <trkpt lat="23.114774" lon="113.320707">
        <ele>3.75</ele>
        <time>2026-04-27T14:36:13Z</time>
        <extensions>
          <gpxtpx:TrackPointExtension></gpxtpx:TrackPointExtension>
        </extensions>
      </trkpt>
      <trkpt lat="23.114792" lon="113.320647">
        <ele>3.78</ele>
        <time>2026-04-27T14:36:18Z</time>
        <extensions>
          <gpxtpx:TrackPointExtension></gpxtpx:TrackPointExtension>
        </extensions>
      </trkpt>
      <trkpt lat="23.11481" lon="113.320585">
        <ele>3.74</ele>
        <time>2026-04-27T14:36:23Z</time>
        <extensions>
          <gpxtpx:TrackPointExtension></gpxtpx:TrackPointExtension>
        </extensions>
      </trkpt>
      <trkpt lat="23.114827" lon="113.320525">
        <ele>3.72</ele>
        <time>2026-04-27T14:36:28Z</time>
        <extensions>
          <gpxtpx:TrackPointExtension></gpxtpx:TrackPointExtension>
        </extensions>
      </trkpt>
      <trkpt lat="23.114838" lon="113.320458">
        <ele>3.69</ele>
        <time>2026-04-27T14:36:33Z</time>
        <extensions>
          <gpxtpx:TrackPointExtension></gpxtpx:TrackPointExtension>
        </extensions>
      </trkpt>
      <trkpt lat="23.114846" lon="113.320391">
        <ele>3.66</ele>
        <time>2026-04-27T14:36:38Z</time>
        <extensions>
          <gpxtpx:TrackPointExtension></gpxtpx:TrackPointExtension>
        </extensions>
      </trkpt>
      <trkpt lat="23.114858" lon="113.320322">
        <ele>3.67</ele>
        <time>2026-04-27T14:36:43Z</time>
        <extensions>
          <gpxtpx:TrackPointExtension></gpxtpx:TrackPointExtension>
        </extensions>
      </trkpt>
      <trkpt lat="23.114866" lon="113.320261">
        <ele>3.65</ele>
        <time>2026-04-27T14:36:48Z</time>
        <extensions>
          <gpxtpx:TrackPointExtension></gpxtpx:TrackPointExtension>
        </extensions>
      </trkpt>
      <trkpt lat="23.114885" lon="113.320167">
        <ele>3.52</ele>
        <time>2026-04-27T14:36:53Z</time>
        <extensions>
          <gpxtpx:TrackPointExtension></gpxtpx:TrackPointExtension>
        </extensions>
      </trkpt>
      <trkpt lat="23.114891" lon="113.320139">
        <ele>3.32</ele>
        <time>2026-04-27T14:36:58Z</time>
        <extensions>
          <gpxtpx:TrackPointExtension></gpxtpx:TrackPointExtension>
        </extensions>
      </trkpt>
      <trkpt lat="23.114898" lon="113.320078">
        <ele>3.28</ele>
        <time>2026-04-27T14:37:03Z</time>
        <extensions>
          <gpxtpx:TrackPointExtension></gpxtpx:TrackPointExtension>
        </extensions>
      </trkpt>
      <trkpt lat="23.114905" lon="113.319979">
        <ele>3.36</ele>
        <time>2026-04-27T14:37:08Z</time>
        <extensions>
          <gpxtpx:TrackPointExtension></gpxtpx:TrackPointExtension>
        </extensions>
      </trkpt>
      <trkpt lat="23.114901" lon="113.319867">
        <ele>3.37</ele>
        <time>2026-04-27T14:37:13Z</time>
        <extensions>
          <gpxtpx:TrackPointExtension></gpxtpx:TrackPointExtension>
        </extensions>
      </trkpt>
      <trkpt lat="23.11491" lon="113.319714">
        <ele>3.37</ele>
        <time>2026-04-27T14:37:18Z</time>
        <extensions>
          <gpxtpx:TrackPointExtension></gpxtpx:TrackPointExtension>
        </extensions>
      </trkpt>
      <trkpt lat="23.114919" lon="113.31958">
        <ele>3.43</ele>
        <time>2026-04-27T14:37:23Z</time>
        <extensions>
          <gpxtpx:TrackPointExtension></gpxtpx:TrackPointExtension>
        </extensions>
      </trkpt>
      <trkpt lat="23.114945" lon="113.319436">
        <ele>3.56</ele>
        <time>2026-04-27T14:37:28Z</time>
        <extensions>
          <gpxtpx:TrackPointExtension></gpxtpx:TrackPointExtension>
        </extensions>
      </trkpt>
      <trkpt lat="23.115029" lon="113.319309">
        <ele>3.74</ele>
        <time>2026-04-27T14:37:33Z</time>
        <extensions>
          <gpxtpx:TrackPointExtension></gpxtpx:TrackPointExtension>
        </extensions>
      </trkpt>
      <trkpt lat="23.115133" lon="113.319209">
        <ele>4.02</ele>
        <time>2026-04-27T14:37:38Z</time>
        <extensions>
          <gpxtpx:TrackPointExtension></gpxtpx:TrackPointExtension>
        </extensions>
      </trkpt>
      <trkpt lat="23.115251" lon="113.319168">
        <ele>4.26</ele>
        <time>2026-04-27T14:37:43Z</time>
        <extensions>
          <gpxtpx:TrackPointExtension></gpxtpx:TrackPointExtension>
        </extensions>
      </trkpt>
      <trkpt lat="23.115357" lon="113.319158">
        <ele>4.56</ele>
        <time>2026-04-27T14:37:48Z</time>
        <extensions>
          <gpxtpx:TrackPointExtension></gpxtpx:TrackPointExtension>
        </extensions>
      </trkpt>
      <trkpt lat="23.115466" lon="113.319178">
        <ele>4.84</ele>
        <time>2026-04-27T14:37:53Z</time>
        <extensions>
          <gpxtpx:TrackPointExtension></gpxtpx:TrackPointExtension>
        </extensions>
      </trkpt>
      <trkpt lat="23.115591" lon="113.319162">
        <ele>4.86</ele>
        <time>2026-04-27T14:37:58Z</time>
        <extensions>
          <gpxtpx:TrackPointExtension></gpxtpx:TrackPointExtension>
        </extensions>
      </trkpt>
      <trkpt lat="23.115697" lon="113.319122">
        <ele>4.77</ele>
        <time>2026-04-27T14:38:03Z</time>
        <extensions>
          <gpxtpx:TrackPointExtension></gpxtpx:TrackPointExtension>
        </extensions>
      </trkpt>
      <trkpt lat="23.115817" lon="113.319046">
        <ele>4.76</ele>
        <time>2026-04-27T14:38:08Z</time>
        <extensions>
          <gpxtpx:TrackPointExtension></gpxtpx:TrackPointExtension>
        </extensions>
      </trkpt>
      <trkpt lat="23.115926" lon="113.318967">
        <ele>4.74</ele>
        <time>2026-04-27T14:38:13Z</time>
        <extensions>
          <gpxtpx:TrackPointExtension></gpxtpx:TrackPointExtension>
        </extensions>
      </trkpt>
      <trkpt lat="23.116001" lon="113.318886">
        <ele>4.72</ele>
        <time>2026-04-27T14:38:18Z</time>
        <extensions>
          <gpxtpx:TrackPointExtension></gpxtpx:TrackPointExtension>
        </extensions>
      </trkpt>
      <trkpt lat="23.116119" lon="113.3188">
        <ele>4.74</ele>
        <time>2026-04-27T14:38:23Z</time>
        <extensions>
          <gpxtpx:TrackPointExtension></gpxtpx:TrackPointExtension>
        </extensions>
      </trkpt>
      <trkpt lat="23.116213" lon="113.318727">
        <ele>4.79</ele>
        <time>2026-04-27T14:38:28Z</time>
        <extensions>
          <gpxtpx:TrackPointExtension></gpxtpx:TrackPointExtension>
        </extensions>
      </trkpt>
      <trkpt lat="23.1163" lon="113.31867">
        <ele>4.77</ele>
        <time>2026-04-27T14:38:33Z</time>
        <extensions>
          <gpxtpx:TrackPointExtension></gpxtpx:TrackPointExtension>
        </extensions>
      </trkpt>
      <trkpt lat="23.116394" lon="113.318636">
        <ele>4.66</ele>
        <time>2026-04-27T14:38:38Z</time>
        <extensions>
          <gpxtpx:TrackPointExtension></gpxtpx:TrackPointExtension>
        </extensions>
      </trkpt>
      <trkpt lat="23.1165" lon="113.318611">
        <ele>4.5</ele>
        <time>2026-04-27T14:38:43Z</time>
        <extensions>
          <gpxtpx:TrackPointExtension></gpxtpx:TrackPointExtension>
        </extensions>
      </trkpt>
      <trkpt lat="23.116618" lon="113.31855">
        <ele>4.46</ele>
        <time>2026-04-27T14:38:48Z</time>
        <extensions>
          <gpxtpx:TrackPointExtension></gpxtpx:TrackPointExtension>
        </extensions>
      </trkpt>
      <trkpt lat="23.116707" lon="113.318509">
        <ele>4.38</ele>
        <time>2026-04-27T14:38:53Z</time>
        <extensions>
          <gpxtpx:TrackPointExtension></gpxtpx:TrackPointExtension>
        </extensions>
      </trkpt>
      <trkpt lat="23.116799" lon="113.318457">
        <ele>4.05</ele>
        <time>2026-04-27T14:38:58Z</time>
        <extensions>
          <gpxtpx:TrackPointExtension></gpxtpx:TrackPointExtension>
        </extensions>
      </trkpt>
      <trkpt lat="23.116935" lon="113.318395">
        <ele>3.4</ele>
        <time>2026-04-27T14:39:03Z</time>
        <extensions>
          <gpxtpx:TrackPointExtension></gpxtpx:TrackPointExtension>
        </extensions>
      </trkpt>
      <trkpt lat="23.11699" lon="113.318282">
        <ele>3.3</ele>
        <time>2026-04-27T14:39:08Z</time>
        <extensions>
          <gpxtpx:TrackPointExtension></gpxtpx:TrackPointExtension>
        </extensions>
      </trkpt>
      <trkpt lat="23.116993" lon="113.318175">
        <ele>3.33</ele>
        <time>2026-04-27T14:39:13Z</time>
        <extensions>
          <gpxtpx:TrackPointExtension></gpxtpx:TrackPointExtension>
        </extensions>
      </trkpt>
      <trkpt lat="23.116993" lon="113.318054">
        <ele>3.32</ele>
        <time>2026-04-27T14:39:18Z</time>
        <extensions>
          <gpxtpx:TrackPointExtension></gpxtpx:TrackPointExtension>
        </extensions>
      </trkpt>
      <trkpt lat="23.116995" lon="113.31794">
        <ele>3.31</ele>
        <time>2026-04-27T14:39:23Z</time>
        <extensions>
          <gpxtpx:TrackPointExtension></gpxtpx:TrackPointExtension>
        </extensions>
      </trkpt>
      <trkpt lat="23.116979" lon="113.317828">
        <ele>3.33</ele>
        <time>2026-04-27T14:39:28Z</time>
        <extensions>
          <gpxtpx:TrackPointExtension></gpxtpx:TrackPointExtension>
        </extensions>
      </trkpt>
      <trkpt lat="23.116965" lon="113.317706">
        <ele>3.32</ele>
        <time>2026-04-27T14:39:33Z</time>
        <extensions>
          <gpxtpx:TrackPointExtension></gpxtpx:TrackPointExtension>
        </extensions>
      </trkpt>
      <trkpt lat="23.116942" lon="113.317595">
        <ele>3.36</ele>
        <time>2026-04-27T14:39:38Z</time>
        <extensions>
          <gpxtpx:TrackPointExtension></gpxtpx:TrackPointExtension>
        </extensions>
      </trkpt>
      <trkpt lat="23.116927" lon="113.317478">
        <ele>3.36</ele>
        <time>2026-04-27T14:39:43Z</time>
        <extensions>
          <gpxtpx:TrackPointExtension></gpxtpx:TrackPointExtension>
        </extensions>
      </trkpt>
      <trkpt lat="23.116909" lon="113.317351">
        <ele>3.23</ele>
        <time>2026-04-27T14:39:48Z</time>
        <extensions>
          <gpxtpx:TrackPointExtension></gpxtpx:TrackPointExtension>
        </extensions>
      </trkpt>
      <trkpt lat="23.116896" lon="113.317237">
        <ele>3.13</ele>
        <time>2026-04-27T14:39:53Z</time>
        <extensions>
          <gpxtpx:TrackPointExtension></gpxtpx:TrackPointExtension>
        </extensions>
      </trkpt>
      <trkpt lat="23.116894" lon="113.317136">
        <ele>3.11</ele>
        <time>2026-04-27T14:39:58Z</time>
        <extensions>
          <gpxtpx:TrackPointExtension></gpxtpx:TrackPointExtension>
        </extensions>
      </trkpt>
      <trkpt lat="23.116899" lon="113.317017">
        <ele>2.98</ele>
        <time>2026-04-27T14:40:03Z</time>
        <extensions>
          <gpxtpx:TrackPointExtension></gpxtpx:TrackPointExtension>
        </extensions>
      </trkpt>
      <trkpt lat="23.116936" lon="113.316906">
        <ele>2.92</ele>
        <time>2026-04-27T14:40:08Z</time>
        <extensions>
          <gpxtpx:TrackPointExtension></gpxtpx:TrackPointExtension>
        </extensions>
      </trkpt>
      <trkpt lat="23.116965" lon="113.316759">
        <ele>2.85</ele>
        <time>2026-04-27T14:40:13Z</time>
        <extensions>
          <gpxtpx:TrackPointExtension></gpxtpx:TrackPointExtension>
        </extensions>
      </trkpt>
      <trkpt lat="23.116981" lon="113.316642">
        <ele>2.8</ele>
        <time>2026-04-27T14:40:18Z</time>
        <extensions>
          <gpxtpx:TrackPointExtension></gpxtpx:TrackPointExtension>
        </extensions>
      </trkpt>
      <trkpt lat="23.116987" lon="113.316513">
        <ele>2.74</ele>
        <time>2026-04-27T14:40:23Z</time>
        <extensions>
          <gpxtpx:TrackPointExtension></gpxtpx:TrackPointExtension>
        </extensions>
      </trkpt>
      <trkpt lat="23.116997" lon="113.316412">
        <ele>2.64</ele>
        <time>2026-04-27T14:40:28Z</time>
        <extensions>
          <gpxtpx:TrackPointExtension></gpxtpx:TrackPointExtension>
        </extensions>
      </trkpt>
      <trkpt lat="23.11699" lon="113.316289">
        <ele>2.54</ele>
        <time>2026-04-27T14:40:33Z</time>
        <extensions>
          <gpxtpx:TrackPointExtension></gpxtpx:TrackPointExtension>
        </extensions>
      </trkpt>
      <trkpt lat="23.116963" lon="113.316174">
        <ele>2.28</ele>
        <time>2026-04-27T14:40:38Z</time>
        <extensions>
          <gpxtpx:TrackPointExtension></gpxtpx:TrackPointExtension>
        </extensions>
      </trkpt>
      <trkpt lat="23.116946" lon="113.316032">
        <ele>1.99</ele>
        <time>2026-04-27T14:40:43Z</time>
        <extensions>
          <gpxtpx:TrackPointExtension></gpxtpx:TrackPointExtension>
        </extensions>
      </trkpt>
      <trkpt lat="23.116925" lon="113.315909">
        <ele>1.86</ele>
        <time>2026-04-27T14:40:48Z</time>
        <extensions>
          <gpxtpx:TrackPointExtension></gpxtpx:TrackPointExtension>
        </extensions>
      </trkpt>
      <trkpt lat="23.11685" lon="113.315816">
        <ele>1.94</ele>
        <time>2026-04-27T14:40:53Z</time>
        <extensions>
          <gpxtpx:TrackPointExtension></gpxtpx:TrackPointExtension>
        </extensions>
      </trkpt>
      <trkpt lat="23.116843" lon="113.315719">
        <ele>1.97</ele>
        <time>2026-04-27T14:40:58Z</time>
        <extensions>
          <gpxtpx:TrackPointExtension></gpxtpx:TrackPointExtension>
        </extensions>
      </trkpt>
      <trkpt lat="23.116887" lon="113.315613">
        <ele>1.85</ele>
        <time>2026-04-27T14:41:03Z</time>
        <extensions>
          <gpxtpx:TrackPointExtension></gpxtpx:TrackPointExtension>
        </extensions>
      </trkpt>
      <trkpt lat="23.116943" lon="113.315508">
        <ele>1.54</ele>
        <time>2026-04-27T14:41:08Z</time>
        <extensions>
          <gpxtpx:TrackPointExtension></gpxtpx:TrackPointExtension>
        </extensions>
      </trkpt>
      <trkpt lat="23.117046" lon="113.31542">
        <ele>1.46</ele>
        <time>2026-04-27T14:41:13Z</time>
        <extensions>
          <gpxtpx:TrackPointExtension></gpxtpx:TrackPointExtension>
        </extensions>
      </trkpt>
      <trkpt lat="23.117142" lon="113.31545">
        <ele>1.87</ele>
        <time>2026-04-27T14:41:18Z</time>
        <extensions>
          <gpxtpx:TrackPointExtension></gpxtpx:TrackPointExtension>
        </extensions>
      </trkpt>
      <trkpt lat="23.117263" lon="113.315431">
        <ele>2.05</ele>
        <time>2026-04-27T14:41:23Z</time>
        <extensions>
          <gpxtpx:TrackPointExtension></gpxtpx:TrackPointExtension>
        </extensions>
      </trkpt>
      <trkpt lat="23.117384" lon="113.315402">
        <ele>2.08</ele>
        <time>2026-04-27T14:41:28Z</time>
        <extensions>
          <gpxtpx:TrackPointExtension></gpxtpx:TrackPointExtension>
        </extensions>
      </trkpt>
      <trkpt lat="23.117511" lon="113.315383">
        <ele>2.08</ele>
        <time>2026-04-27T14:41:33Z</time>
        <extensions>
          <gpxtpx:TrackPointExtension></gpxtpx:TrackPointExtension>
        </extensions>
      </trkpt>
      <trkpt lat="23.117616" lon="113.31537">
        <ele>2.11</ele>
        <time>2026-04-27T14:41:38Z</time>
        <extensions>
          <gpxtpx:TrackPointExtension></gpxtpx:TrackPointExtension>
        </extensions>
      </trkpt>
      <trkpt lat="23.117733" lon="113.315389">
        <ele>2.1</ele>
        <time>2026-04-27T14:41:43Z</time>
        <extensions>
          <gpxtpx:TrackPointExtension></gpxtpx:TrackPointExtension>
        </extensions>
      </trkpt>
      <trkpt lat="23.11777" lon="113.315282">
        <ele>2.23</ele>
        <time>2026-04-27T14:41:48Z</time>
        <extensions>
          <gpxtpx:TrackPointExtension></gpxtpx:TrackPointExtension>
        </extensions>
      </trkpt>
      <trkpt lat="23.117759" lon="113.315147">
        <ele>2.29</ele>
        <time>2026-04-27T14:41:53Z</time>
        <extensions>
          <gpxtpx:TrackPointExtension></gpxtpx:TrackPointExtension>
        </extensions>
      </trkpt>
      <trkpt lat="23.117751" lon="113.315035">
        <ele>2.34</ele>
        <time>2026-04-27T14:42:03Z</time>
        <extensions>
          <gpxtpx:TrackPointExtension></gpxtpx:TrackPointExtension>
        </extensions>
      </trkpt>
    </trkseg>
  </trk>
</gpx>