<?xml version="1.0" encoding="UTF-8"?>
<gpx xmlns="http://www.topografix.com/GPX/1/1" xmlns:gpxtpx="http://www.garmin.com/xmlschemas/TrackPointExtension/v1" xmlns:xsi="http://www.w3.org/2001/XMLSchema-instance" xsi:schemaLocation="http://www.topografix.com/GPX/1/1 http://www.topografix.com/GPX/1/1/gpx.xsd" version="1.1" creator="gpx.py -- https://github.com/tkrajina/gpxpy">
  <trk>
    <name>gpx from joyrun 1778490508</name>
    <trkseg>
      <trkpt lat="23.133745" lon="113.317198">
        <ele>6.57</ele>
        <time>2026-05-11T09:08:28Z</time>
        <extensions>
          <gpxtpx:TrackPointExtension></gpxtpx:TrackPointExtension>
        </extensions>
      </trkpt>
      <trkpt lat="23.13374" lon="113.317185">
        <ele>6.56</ele>
        <time>2026-05-11T09:08:33Z</time>
        <extensions>
          <gpxtpx:TrackPointExtension></gpxtpx:TrackPointExtension>
        </extensions>
      </trkpt>
      <trkpt lat="23.133735" lon="113.317077">
        <ele>6.64</ele>
        <time>2026-05-11T09:08:38Z</time>
        <extensions>
          <gpxtpx:TrackPointExtension></gpxtpx:TrackPointExtension>
        </extensions>
      </trkpt>
      <trkpt lat="23.133743" lon="113.316955">
        <ele>6.65</ele>
        <time>2026-05-11T09:08:43Z</time>
        <extensions>
          <gpxtpx:TrackPointExtension></gpxtpx:TrackPointExtension>
        </extensions>
      </trkpt>
      <trkpt lat="23.13379" lon="113.316861">
        <ele>6.57</ele>
        <time>2026-05-11T09:08:48Z</time>
        <extensions>
          <gpxtpx:TrackPointExtension></gpxtpx:TrackPointExtension>
        </extensions>
      </trkpt>
      <trkpt lat="23.133806" lon="113.316856">
        <ele>6.58</ele>
        <time>2026-05-11T09:08:53Z</time>
        <extensions>
          <gpxtpx:TrackPointExtension></gpxtpx:TrackPointExtension>
        </extensions>
      </trkpt>
      <trkpt lat="23.133822" lon="113.316778">
        <ele>6.49</ele>
        <time>2026-05-11T09:08:58Z</time>
        <extensions>
          <gpxtpx:TrackPointExtension></gpxtpx:TrackPointExtension>
        </extensions>
      </trkpt>
      <trkpt lat="23.133762" lon="113.316576">
        <ele>6.46</ele>
        <time>2026-05-11T09:09:03Z</time>
        <extensions>
          <gpxtpx:TrackPointExtension></gpxtpx:TrackPointExtension>
        </extensions>
      </trkpt>
      <trkpt lat="23.133616" lon="113.316409">
        <ele>6.43</ele>
        <time>2026-05-11T09:09:08Z</time>
        <extensions>
          <gpxtpx:TrackPointExtension></gpxtpx:TrackPointExtension>
        </extensions>
      </trkpt>
      <trkpt lat="23.133496" lon="113.316371">
        <ele>6.38</ele>
        <time>2026-05-11T09:09:13Z</time>
        <extensions>
          <gpxtpx:TrackPointExtension></gpxtpx:TrackPointExtension>
        </extensions>
      </trkpt>
      <trkpt lat="23.133382" lon="113.316394">
        <ele>6.22</ele>
        <time>2026-05-11T09:09:18Z</time>
        <extensions>
          <gpxtpx:TrackPointExtension></gpxtpx:TrackPointExtension>
        </extensions>
      </trkpt>
      <trkpt lat="23.133257" lon="113.316352">
        <ele>6.31</ele>
        <time>2026-05-11T09:09:23Z</time>
        <extensions>
          <gpxtpx:TrackPointExtension></gpxtpx:TrackPointExtension>
        </extensions>
      </trkpt>
      <trkpt lat="23.133133" lon="113.31635">
        <ele>6.26</ele>
        <time>2026-05-11T09:09:28Z</time>
        <extensions>
          <gpxtpx:TrackPointExtension></gpxtpx:TrackPointExtension>
        </extensions>
      </trkpt>
      <trkpt lat="23.133021" lon="113.316351">
        <ele>6.17</ele>
        <time>2026-05-11T09:09:33Z</time>
        <extensions>
          <gpxtpx:TrackPointExtension></gpxtpx:TrackPointExtension>
        </extensions>
      </trkpt>
      <trkpt lat="23.132902" lon="113.316329">
        <ele>6.13</ele>
        <time>2026-05-11T09:09:38Z</time>
        <extensions>
          <gpxtpx:TrackPointExtension></gpxtpx:TrackPointExtension>
        </extensions>
      </trkpt>
      <trkpt lat="23.132786" lon="113.316307">
        <ele>6.07</ele>
        <time>2026-05-11T09:09:43Z</time>
        <extensions>
          <gpxtpx:TrackPointExtension></gpxtpx:TrackPointExtension>
        </extensions>
      </trkpt>
      <trkpt lat="23.132667" lon="113.316297">
        <ele>5.99</ele>
        <time>2026-05-11T09:09:48Z</time>
        <extensions>
          <gpxtpx:TrackPointExtension></gpxtpx:TrackPointExtension>
        </extensions>
      </trkpt>
      <trkpt lat="23.132555" lon="113.316272">
        <ele>5.92</ele>
        <time>2026-05-11T09:09:53Z</time>
        <extensions>
          <gpxtpx:TrackPointExtension></gpxtpx:TrackPointExtension>
        </extensions>
      </trkpt>
      <trkpt lat="23.13244" lon="113.316207">
        <ele>5.89</ele>
        <time>2026-05-11T09:09:58Z</time>
        <extensions>
          <gpxtpx:TrackPointExtension></gpxtpx:TrackPointExtension>
        </extensions>
      </trkpt>
      <trkpt lat="23.132331" lon="113.316201">
        <ele>5.88</ele>
        <time>2026-05-11T09:10:03Z</time>
        <extensions>
          <gpxtpx:TrackPointExtension></gpxtpx:TrackPointExtension>
        </extensions>
      </trkpt>
      <trkpt lat="23.132203" lon="113.3162">
        <ele>5.76</ele>
        <time>2026-05-11T09:10:08Z</time>
        <extensions>
          <gpxtpx:TrackPointExtension></gpxtpx:TrackPointExtension>
        </extensions>
      </trkpt>
      <trkpt lat="23.132082" lon="113.316231">
        <ele>5.74</ele>
        <time>2026-05-11T09:10:13Z</time>
        <extensions>
          <gpxtpx:TrackPointExtension></gpxtpx:TrackPointExtension>
        </extensions>
      </trkpt>
      <trkpt lat="23.131925" lon="113.316213">
        <ele>5.94</ele>
        <time>2026-05-11T09:10:18Z</time>
        <extensions>
          <gpxtpx:TrackPointExtension></gpxtpx:TrackPointExtension>
        </extensions>
      </trkpt>
      <trkpt lat="23.131799" lon="113.316218">
        <ele>5.98</ele>
        <time>2026-05-11T09:10:23Z</time>
        <extensions>
          <gpxtpx:TrackPointExtension></gpxtpx:TrackPointExtension>
        </extensions>
      </trkpt>
      <trkpt lat="23.131676" lon="113.316227">
        <ele>5.95</ele>
        <time>2026-05-11T09:10:28Z</time>
        <extensions>
          <gpxtpx:TrackPointExtension></gpxtpx:TrackPointExtension>
        </extensions>
      </trkpt>
      <trkpt lat="23.131561" lon="113.316247">
        <ele>5.86</ele>
        <time>2026-05-11T09:10:33Z</time>
        <extensions>
          <gpxtpx:TrackPointExtension></gpxtpx:TrackPointExtension>
        </extensions>
      </trkpt>
      <trkpt lat="23.131449" lon="113.31627">
        <ele>5.71</ele>
        <time>2026-05-11T09:10:38Z</time>
        <extensions>
          <gpxtpx:TrackPointExtension></gpxtpx:TrackPointExtension>
        </extensions>
      </trkpt>
      <trkpt lat="23.131327" lon="113.316231">
        <ele>5.69</ele>
        <time>2026-05-11T09:10:43Z</time>
        <extensions>
          <gpxtpx:TrackPointExtension></gpxtpx:TrackPointExtension>
        </extensions>
      </trkpt>
      <trkpt lat="23.131222" lon="113.316192">
        <ele>5.71</ele>
        <time>2026-05-11T09:10:48Z</time>
        <extensions>
          <gpxtpx:TrackPointExtension></gpxtpx:TrackPointExtension>
        </extensions>
      </trkpt>
      <trkpt lat="23.131113" lon="113.3162">
        <ele>5.63</ele>
        <time>2026-05-11T09:10:53Z</time>
        <extensions>
          <gpxtpx:TrackPointExtension></gpxtpx:TrackPointExtension>
        </extensions>
      </trkpt>
      <trkpt lat="23.130996" lon="113.316185">
        <ele>5.65</ele>
        <time>2026-05-11T09:10:58Z</time>
        <extensions>
          <gpxtpx:TrackPointExtension></gpxtpx:TrackPointExtension>
        </extensions>
      </trkpt>
      <trkpt lat="23.130852" lon="113.316153">
        <ele>5.66</ele>
        <time>2026-05-11T09:11:03Z</time>
        <extensions>
          <gpxtpx:TrackPointExtension></gpxtpx:TrackPointExtension>
        </extensions>
      </trkpt>
      <trkpt lat="23.130709" lon="113.316151">
        <ele>5.74</ele>
        <time>2026-05-11T09:11:08Z</time>
        <extensions>
          <gpxtpx:TrackPointExtension></gpxtpx:TrackPointExtension>
        </extensions>
      </trkpt>
      <trkpt lat="23.130581" lon="113.316262">
        <ele>5.68</ele>
        <time>2026-05-11T09:11:13Z</time>
        <extensions>
          <gpxtpx:TrackPointExtension></gpxtpx:TrackPointExtension>
        </extensions>
      </trkpt>
      <trkpt lat="23.13054" lon="113.316372">
        <ele>5.83</ele>
        <time>2026-05-11T09:11:18Z</time>
        <extensions>
          <gpxtpx:TrackPointExtension></gpxtpx:TrackPointExtension>
        </extensions>
      </trkpt>
      <trkpt lat="23.130533" lon="113.316477">
        <ele>5.91</ele>
        <time>2026-05-11T09:11:23Z</time>
        <extensions>
          <gpxtpx:TrackPointExtension></gpxtpx:TrackPointExtension>
        </extensions>
      </trkpt>
      <trkpt lat="23.130644" lon="113.316557">
        <ele>5.94</ele>
        <time>2026-05-11T09:11:28Z</time>
        <extensions>
          <gpxtpx:TrackPointExtension></gpxtpx:TrackPointExtension>
        </extensions>
      </trkpt>
      <trkpt lat="23.130665" lon="113.316687">
        <ele>5.99</ele>
        <time>2026-05-11T09:11:33Z</time>
        <extensions>
          <gpxtpx:TrackPointExtension></gpxtpx:TrackPointExtension>
        </extensions>
      </trkpt>
      <trkpt lat="23.130714" lon="113.31681">
        <ele>5.93</ele>
        <time>2026-05-11T09:11:38Z</time>
        <extensions>
          <gpxtpx:TrackPointExtension></gpxtpx:TrackPointExtension>
        </extensions>
      </trkpt>
      <trkpt lat="23.130717" lon="113.316892">
        <ele>5.88</ele>
        <time>2026-05-11T09:11:43Z</time>
        <extensions>
          <gpxtpx:TrackPointExtension></gpxtpx:TrackPointExtension>
        </extensions>
      </trkpt>
      <trkpt lat="23.130766" lon="113.316976">
        <ele>5.64</ele>
        <time>2026-05-11T09:11:48Z</time>
        <extensions>
          <gpxtpx:TrackPointExtension></gpxtpx:TrackPointExtension>
        </extensions>
      </trkpt>
      <trkpt lat="23.13066" lon="113.317139">
        <ele>5.52</ele>
        <time>2026-05-11T09:11:53Z</time>
        <extensions>
          <gpxtpx:TrackPointExtension></gpxtpx:TrackPointExtension>
        </extensions>
      </trkpt>
      <trkpt lat="23.130563" lon="113.317238">
        <ele>5.6</ele>
        <time>2026-05-11T09:11:58Z</time>
        <extensions>
          <gpxtpx:TrackPointExtension></gpxtpx:TrackPointExtension>
        </extensions>
      </trkpt>
      <trkpt lat="23.130477" lon="113.317334">
        <ele>5.66</ele>
        <time>2026-05-11T09:12:03Z</time>
        <extensions>
          <gpxtpx:TrackPointExtension></gpxtpx:TrackPointExtension>
        </extensions>
      </trkpt>
      <trkpt lat="23.130384" lon="113.317416">
        <ele>5.62</ele>
        <time>2026-05-11T09:12:08Z</time>
        <extensions>
          <gpxtpx:TrackPointExtension></gpxtpx:TrackPointExtension>
        </extensions>
      </trkpt>
      <trkpt lat="23.130451" lon="113.317615">
        <ele>5.75</ele>
        <time>2026-05-11T09:12:13Z</time>
        <extensions>
          <gpxtpx:TrackPointExtension></gpxtpx:TrackPointExtension>
        </extensions>
      </trkpt>
      <trkpt lat="23.130518" lon="113.317814">
        <ele>5.85</ele>
        <time>2026-05-11T09:12:18Z</time>
        <extensions>
          <gpxtpx:TrackPointExtension></gpxtpx:TrackPointExtension>
        </extensions>
      </trkpt>
      <trkpt lat="23.130487" lon="113.317939">
        <ele>5.83</ele>
        <time>2026-05-11T09:12:23Z</time>
        <extensions>
          <gpxtpx:TrackPointExtension></gpxtpx:TrackPointExtension>
        </extensions>
      </trkpt>
      <trkpt lat="23.130566" lon="113.318119">
        <ele>5.79</ele>
        <time>2026-05-11T09:12:28Z</time>
        <extensions>
          <gpxtpx:TrackPointExtension></gpxtpx:TrackPointExtension>
        </extensions>
      </trkpt>
      <trkpt lat="23.130565" lon="113.318207">
        <ele>5.6</ele>
        <time>2026-05-11T09:12:33Z</time>
        <extensions>
          <gpxtpx:TrackPointExtension></gpxtpx:TrackPointExtension>
        </extensions>
      </trkpt>
      <trkpt lat="23.130554" lon="113.318365">
        <ele>5.6</ele>
        <time>2026-05-11T09:12:38Z</time>
        <extensions>
          <gpxtpx:TrackPointExtension></gpxtpx:TrackPointExtension>
        </extensions>
      </trkpt>
      <trkpt lat="23.130594" lon="113.318474">
        <ele>5.65</ele>
        <time>2026-05-11T09:12:43Z</time>
        <extensions>
          <gpxtpx:TrackPointExtension></gpxtpx:TrackPointExtension>
        </extensions>
      </trkpt>
      <trkpt lat="23.13062" lon="113.318571">
        <ele>5.68</ele>
        <time>2026-05-11T09:12:48Z</time>
        <extensions>
          <gpxtpx:TrackPointExtension></gpxtpx:TrackPointExtension>
        </extensions>
      </trkpt>
      <trkpt lat="23.130568" lon="113.318733">
        <ele>5.64</ele>
        <time>2026-05-11T09:12:53Z</time>
        <extensions>
          <gpxtpx:TrackPointExtension></gpxtpx:TrackPointExtension>
        </extensions>
      </trkpt>
      <trkpt lat="23.130523" lon="113.318881">
        <ele>4.52</ele>
        <time>2026-05-11T09:12:58Z</time>
        <extensions>
          <gpxtpx:TrackPointExtension></gpxtpx:TrackPointExtension>
        </extensions>
      </trkpt>
      <trkpt lat="23.130486" lon="113.318975">
        <ele>2.4</ele>
        <time>2026-05-11T09:13:03Z</time>
        <extensions>
          <gpxtpx:TrackPointExtension></gpxtpx:TrackPointExtension>
        </extensions>
      </trkpt>
      <trkpt lat="23.130457" lon="113.318948">
        <ele>0.47</ele>
        <time>2026-05-11T09:13:08Z</time>
        <extensions>
          <gpxtpx:TrackPointExtension></gpxtpx:TrackPointExtension>
        </extensions>
      </trkpt>
      <trkpt lat="23.13048" lon="113.318947">
        <ele>-0.67</ele>
        <time>2026-05-11T09:13:13Z</time>
        <extensions>
          <gpxtpx:TrackPointExtension></gpxtpx:TrackPointExtension>
        </extensions>
      </trkpt>
      <trkpt lat="23.130467" lon="113.31903">
        <ele>-0.94</ele>
        <time>2026-05-11T09:13:18Z</time>
        <extensions>
          <gpxtpx:TrackPointExtension></gpxtpx:TrackPointExtension>
        </extensions>
      </trkpt>
      <trkpt lat="23.130442" lon="113.319103">
        <ele>-2.79</ele>
        <time>2026-05-11T09:13:23Z</time>
        <extensions>
          <gpxtpx:TrackPointExtension></gpxtpx:TrackPointExtension>
        </extensions>
      </trkpt>
      <trkpt lat="23.130442" lon="113.319103">
        <ele>-3.52</ele>
        <time>2026-05-11T09:13:28Z</time>
        <extensions>
          <gpxtpx:TrackPointExtension></gpxtpx:TrackPointExtension>
        </extensions>
      </trkpt>
      <trkpt lat="23.130442" lon="113.319103">
        <ele>-2.97</ele>
        <time>2026-05-11T09:13:33Z</time>
        <extensions>
          <gpxtpx:TrackPointExtension></gpxtpx:TrackPointExtension>
        </extensions>
      </trkpt>
      <trkpt lat="23.130442" lon="113.319103">
        <ele>-2.36</ele>
        <time>2026-05-11T09:13:38Z</time>
        <extensions>
          <gpxtpx:TrackPointExtension></gpxtpx:TrackPointExtension>
        </extensions>
      </trkpt>
      <trkpt lat="23.130442" lon="113.319103">
        <ele>-1.72</ele>
        <time>2026-05-11T09:13:43Z</time>
        <extensions>
          <gpxtpx:TrackPointExtension></gpxtpx:TrackPointExtension>
        </extensions>
      </trkpt>
      <trkpt lat="23.130086" lon="113.319184">
        <ele>-1.53</ele>
        <time>2026-05-11T09:13:48Z</time>
        <extensions>
          <gpxtpx:TrackPointExtension></gpxtpx:TrackPointExtension>
        </extensions>
      </trkpt>
      <trkpt lat="23.12973" lon="113.319265">
        <ele>-1.37</ele>
        <time>2026-05-11T09:13:53Z</time>
        <extensions>
          <gpxtpx:TrackPointExtension></gpxtpx:TrackPointExtension>
        </extensions>
      </trkpt>
      <trkpt lat="23.129523" lon="113.31923">
        <ele>-1.37</ele>
        <time>2026-05-11T09:13:58Z</time>
        <extensions>
          <gpxtpx:TrackPointExtension></gpxtpx:TrackPointExtension>
        </extensions>
      </trkpt>
      <trkpt lat="23.12934" lon="113.319262">
        <ele>-1.38</ele>
        <time>2026-05-11T09:14:03Z</time>
        <extensions>
          <gpxtpx:TrackPointExtension></gpxtpx:TrackPointExtension>
        </extensions>
      </trkpt>
      <trkpt lat="23.12951" lon="113.319299">
        <ele>-1.39</ele>
        <time>2026-05-11T09:14:08Z</time>
        <extensions>
          <gpxtpx:TrackPointExtension></gpxtpx:TrackPointExtension>
        </extensions>
      </trkpt>
      <trkpt lat="23.129401" lon="113.319265">
        <ele>-1.41</ele>
        <time>2026-05-11T09:14:13Z</time>
        <extensions>
          <gpxtpx:TrackPointExtension></gpxtpx:TrackPointExtension>
        </extensions>
      </trkpt>
      <trkpt lat="23.129273" lon="113.319254">
        <ele>-1.37</ele>
        <time>2026-05-11T09:14:18Z</time>
        <extensions>
          <gpxtpx:TrackPointExtension></gpxtpx:TrackPointExtension>
        </extensions>
      </trkpt>
      <trkpt lat="23.129154" lon="113.319269">
        <ele>-1.25</ele>
        <time>2026-05-11T09:14:23Z</time>
        <extensions>
          <gpxtpx:TrackPointExtension></gpxtpx:TrackPointExtension>
        </extensions>
      </trkpt>
      <trkpt lat="23.129064" lon="113.319286">
        <ele>0.32</ele>
        <time>2026-05-11T09:14:28Z</time>
        <extensions>
          <gpxtpx:TrackPointExtension></gpxtpx:TrackPointExtension>
        </extensions>
      </trkpt>
      <trkpt lat="23.128933" lon="113.31928">
        <ele>2.07</ele>
        <time>2026-05-11T09:14:33Z</time>
        <extensions>
          <gpxtpx:TrackPointExtension></gpxtpx:TrackPointExtension>
        </extensions>
      </trkpt>
      <trkpt lat="23.128857" lon="113.319315">
        <ele>3.8</ele>
        <time>2026-05-11T09:14:38Z</time>
        <extensions>
          <gpxtpx:TrackPointExtension></gpxtpx:TrackPointExtension>
        </extensions>
      </trkpt>
      <trkpt lat="23.128751" lon="113.319318">
        <ele>5.17</ele>
        <time>2026-05-11T09:14:43Z</time>
        <extensions>
          <gpxtpx:TrackPointExtension></gpxtpx:TrackPointExtension>
        </extensions>
      </trkpt>
      <trkpt lat="23.12867" lon="113.319298">
        <ele>5.84</ele>
        <time>2026-05-11T09:14:48Z</time>
        <extensions>
          <gpxtpx:TrackPointExtension></gpxtpx:TrackPointExtension>
        </extensions>
      </trkpt>
      <trkpt lat="23.128545" lon="113.319233">
        <ele>5.75</ele>
        <time>2026-05-11T09:14:53Z</time>
        <extensions>
          <gpxtpx:TrackPointExtension></gpxtpx:TrackPointExtension>
        </extensions>
      </trkpt>
      <trkpt lat="23.128434" lon="113.319218">
        <ele>5.72</ele>
        <time>2026-05-11T09:14:58Z</time>
        <extensions>
          <gpxtpx:TrackPointExtension></gpxtpx:TrackPointExtension>
        </extensions>
      </trkpt>
      <trkpt lat="23.128317" lon="113.319165">
        <ele>5.77</ele>
        <time>2026-05-11T09:15:03Z</time>
        <extensions>
          <gpxtpx:TrackPointExtension></gpxtpx:TrackPointExtension>
        </extensions>
      </trkpt>
      <trkpt lat="23.128207" lon="113.319149">
        <ele>5.8</ele>
        <time>2026-05-11T09:15:08Z</time>
        <extensions>
          <gpxtpx:TrackPointExtension></gpxtpx:TrackPointExtension>
        </extensions>
      </trkpt>
      <trkpt lat="23.128116" lon="113.319097">
        <ele>5.81</ele>
        <time>2026-05-11T09:15:13Z</time>
        <extensions>
          <gpxtpx:TrackPointExtension></gpxtpx:TrackPointExtension>
        </extensions>
      </trkpt>
      <trkpt lat="23.128038" lon="113.319041">
        <ele>5.76</ele>
        <time>2026-05-11T09:15:18Z</time>
        <extensions>
          <gpxtpx:TrackPointExtension></gpxtpx:TrackPointExtension>
        </extensions>
      </trkpt>
      <trkpt lat="23.127973" lon="113.318994">
        <ele>5.75</ele>
        <time>2026-05-11T09:15:23Z</time>
        <extensions>
          <gpxtpx:TrackPointExtension></gpxtpx:TrackPointExtension>
        </extensions>
      </trkpt>
      <trkpt lat="23.127936" lon="113.318878">
        <ele>5.75</ele>
        <time>2026-05-11T09:15:28Z</time>
        <extensions>
          <gpxtpx:TrackPointExtension></gpxtpx:TrackPointExtension>
        </extensions>
      </trkpt>
      <trkpt lat="23.127898" lon="113.318806">
        <ele>5.76</ele>
        <time>2026-05-11T09:15:33Z</time>
        <extensions>
          <gpxtpx:TrackPointExtension></gpxtpx:TrackPointExtension>
        </extensions>
      </trkpt>
      <trkpt lat="23.127772" lon="113.318799">
        <ele>5.85</ele>
        <time>2026-05-11T09:15:38Z</time>
        <extensions>
          <gpxtpx:TrackPointExtension></gpxtpx:TrackPointExtension>
        </extensions>
      </trkpt>
      <trkpt lat="23.127703" lon="113.318724">
        <ele>5.87</ele>
        <time>2026-05-11T09:15:43Z</time>
        <extensions>
          <gpxtpx:TrackPointExtension></gpxtpx:TrackPointExtension>
        </extensions>
      </trkpt>
      <trkpt lat="23.127544" lon="113.318814">
        <ele>5.89</ele>
        <time>2026-05-11T09:15:48Z</time>
        <extensions>
          <gpxtpx:TrackPointExtension></gpxtpx:TrackPointExtension>
        </extensions>
      </trkpt>
      <trkpt lat="23.127423" lon="113.318802">
        <ele>5.94</ele>
        <time>2026-05-11T09:15:53Z</time>
        <extensions>
          <gpxtpx:TrackPointExtension></gpxtpx:TrackPointExtension>
        </extensions>
      </trkpt>
      <trkpt lat="23.127248" lon="113.318789">
        <ele>5.92</ele>
        <time>2026-05-11T09:15:58Z</time>
        <extensions>
          <gpxtpx:TrackPointExtension></gpxtpx:TrackPointExtension>
        </extensions>
      </trkpt>
      <trkpt lat="23.127061" lon="113.318719">
        <ele>5.95</ele>
        <time>2026-05-11T09:16:03Z</time>
        <extensions>
          <gpxtpx:TrackPointExtension></gpxtpx:TrackPointExtension>
        </extensions>
      </trkpt>
      <trkpt lat="23.126945" lon="113.318701">
        <ele>5.96</ele>
        <time>2026-05-11T09:16:08Z</time>
        <extensions>
          <gpxtpx:TrackPointExtension></gpxtpx:TrackPointExtension>
        </extensions>
      </trkpt>
      <trkpt lat="23.126793" lon="113.318743">
        <ele>5.98</ele>
        <time>2026-05-11T09:16:13Z</time>
        <extensions>
          <gpxtpx:TrackPointExtension></gpxtpx:TrackPointExtension>
        </extensions>
      </trkpt>
      <trkpt lat="23.126654" lon="113.318759">
        <ele>6.05</ele>
        <time>2026-05-11T09:16:18Z</time>
        <extensions>
          <gpxtpx:TrackPointExtension></gpxtpx:TrackPointExtension>
        </extensions>
      </trkpt>
      <trkpt lat="23.126518" lon="113.318745">
        <ele>6.07</ele>
        <time>2026-05-11T09:16:23Z</time>
        <extensions>
          <gpxtpx:TrackPointExtension></gpxtpx:TrackPointExtension>
        </extensions>
      </trkpt>
      <trkpt lat="23.126383" lon="113.318758">
        <ele>6.11</ele>
        <time>2026-05-11T09:16:28Z</time>
        <extensions>
          <gpxtpx:TrackPointExtension></gpxtpx:TrackPointExtension>
        </extensions>
      </trkpt>
      <trkpt lat="23.126231" lon="113.318698">
        <ele>6.17</ele>
        <time>2026-05-11T09:16:33Z</time>
        <extensions>
          <gpxtpx:TrackPointExtension></gpxtpx:TrackPointExtension>
        </extensions>
      </trkpt>
      <trkpt lat="23.126089" lon="113.318666">
        <ele>6.16</ele>
        <time>2026-05-11T09:16:38Z</time>
        <extensions>
          <gpxtpx:TrackPointExtension></gpxtpx:TrackPointExtension>
        </extensions>
      </trkpt>
      <trkpt lat="23.12596" lon="113.318707">
        <ele>6.14</ele>
        <time>2026-05-11T09:16:43Z</time>
        <extensions>
          <gpxtpx:TrackPointExtension></gpxtpx:TrackPointExtension>
        </extensions>
      </trkpt>
      <trkpt lat="23.12582" lon="113.31863">
        <ele>6.19</ele>
        <time>2026-05-11T09:16:48Z</time>
        <extensions>
          <gpxtpx:TrackPointExtension></gpxtpx:TrackPointExtension>
        </extensions>
      </trkpt>
      <trkpt lat="23.125706" lon="113.318672">
        <ele>6.24</ele>
        <time>2026-05-11T09:16:53Z</time>
        <extensions>
          <gpxtpx:TrackPointExtension></gpxtpx:TrackPointExtension>
        </extensions>
      </trkpt>
      <trkpt lat="23.125593" lon="113.318728">
        <ele>6.13</ele>
        <time>2026-05-11T09:16:58Z</time>
        <extensions>
          <gpxtpx:TrackPointExtension></gpxtpx:TrackPointExtension>
        </extensions>
      </trkpt>
      <trkpt lat="23.125495" lon="113.318762">
        <ele>6.09</ele>
        <time>2026-05-11T09:17:03Z</time>
        <extensions>
          <gpxtpx:TrackPointExtension></gpxtpx:TrackPointExtension>
        </extensions>
      </trkpt>
      <trkpt lat="23.125376" lon="113.318744">
        <ele>6.07</ele>
        <time>2026-05-11T09:17:08Z</time>
        <extensions>
          <gpxtpx:TrackPointExtension></gpxtpx:TrackPointExtension>
        </extensions>
      </trkpt>
      <trkpt lat="23.125256" lon="113.318753">
        <ele>6.07</ele>
        <time>2026-05-11T09:17:13Z</time>
        <extensions>
          <gpxtpx:TrackPointExtension></gpxtpx:TrackPointExtension>
        </extensions>
      </trkpt>
      <trkpt lat="23.125132" lon="113.318769">
        <ele>6.04</ele>
        <time>2026-05-11T09:17:18Z</time>
        <extensions>
          <gpxtpx:TrackPointExtension></gpxtpx:TrackPointExtension>
        </extensions>
      </trkpt>
      <trkpt lat="23.125008" lon="113.318781">
        <ele>6.01</ele>
        <time>2026-05-11T09:17:23Z</time>
        <extensions>
          <gpxtpx:TrackPointExtension></gpxtpx:TrackPointExtension>
        </extensions>
      </trkpt>
      <trkpt lat="23.124886" lon="113.318797">
        <ele>5.99</ele>
        <time>2026-05-11T09:17:28Z</time>
        <extensions>
          <gpxtpx:TrackPointExtension></gpxtpx:TrackPointExtension>
        </extensions>
      </trkpt>
      <trkpt lat="23.124747" lon="113.318806">
        <ele>5.97</ele>
        <time>2026-05-11T09:17:33Z</time>
        <extensions>
          <gpxtpx:TrackPointExtension></gpxtpx:TrackPointExtension>
        </extensions>
      </trkpt>
      <trkpt lat="23.124638" lon="113.318847">
        <ele>5.91</ele>
        <time>2026-05-11T09:17:38Z</time>
        <extensions>
          <gpxtpx:TrackPointExtension></gpxtpx:TrackPointExtension>
        </extensions>
      </trkpt>
      <trkpt lat="23.124547" lon="113.318902">
        <ele>5.9</ele>
        <time>2026-05-11T09:17:43Z</time>
        <extensions>
          <gpxtpx:TrackPointExtension></gpxtpx:TrackPointExtension>
        </extensions>
      </trkpt>
      <trkpt lat="23.124441" lon="113.318934">
        <ele>5.88</ele>
        <time>2026-05-11T09:17:48Z</time>
        <extensions>
          <gpxtpx:TrackPointExtension></gpxtpx:TrackPointExtension>
        </extensions>
      </trkpt>
      <trkpt lat="23.124335" lon="113.318959">
        <ele>5.91</ele>
        <time>2026-05-11T09:17:53Z</time>
        <extensions>
          <gpxtpx:TrackPointExtension></gpxtpx:TrackPointExtension>
        </extensions>
      </trkpt>
      <trkpt lat="23.124215" lon="113.318984">
        <ele>5.94</ele>
        <time>2026-05-11T09:17:58Z</time>
        <extensions>
          <gpxtpx:TrackPointExtension></gpxtpx:TrackPointExtension>
        </extensions>
      </trkpt>
      <trkpt lat="23.124073" lon="113.31896">
        <ele>5.91</ele>
        <time>2026-05-11T09:18:03Z</time>
        <extensions>
          <gpxtpx:TrackPointExtension></gpxtpx:TrackPointExtension>
        </extensions>
      </trkpt>
      <trkpt lat="23.123973" lon="113.318965">
        <ele>5.88</ele>
        <time>2026-05-11T09:18:08Z</time>
        <extensions>
          <gpxtpx:TrackPointExtension></gpxtpx:TrackPointExtension>
        </extensions>
      </trkpt>
      <trkpt lat="23.123862" lon="113.319001">
        <ele>5.94</ele>
        <time>2026-05-11T09:18:13Z</time>
        <extensions>
          <gpxtpx:TrackPointExtension></gpxtpx:TrackPointExtension>
        </extensions>
      </trkpt>
      <trkpt lat="23.12374" lon="113.319013">
        <ele>5.93</ele>
        <time>2026-05-11T09:18:18Z</time>
        <extensions>
          <gpxtpx:TrackPointExtension></gpxtpx:TrackPointExtension>
        </extensions>
      </trkpt>
      <trkpt lat="23.123618" lon="113.319026">
        <ele>5.9</ele>
        <time>2026-05-11T09:18:23Z</time>
        <extensions>
          <gpxtpx:TrackPointExtension></gpxtpx:TrackPointExtension>
        </extensions>
      </trkpt>
      <trkpt lat="23.123511" lon="113.319075">
        <ele>5.88</ele>
        <time>2026-05-11T09:18:28Z</time>
        <extensions>
          <gpxtpx:TrackPointExtension></gpxtpx:TrackPointExtension>
        </extensions>
      </trkpt>
      <trkpt lat="23.123395" lon="113.319086">
        <ele>5.81</ele>
        <time>2026-05-11T09:18:33Z</time>
        <extensions>
          <gpxtpx:TrackPointExtension></gpxtpx:TrackPointExtension>
        </extensions>
      </trkpt>
      <trkpt lat="23.123268" lon="113.31908">
        <ele>5.82</ele>
        <time>2026-05-11T09:18:38Z</time>
        <extensions>
          <gpxtpx:TrackPointExtension></gpxtpx:TrackPointExtension>
        </extensions>
      </trkpt>
      <trkpt lat="23.123146" lon="113.319071">
        <ele>5.8</ele>
        <time>2026-05-11T09:18:43Z</time>
        <extensions>
          <gpxtpx:TrackPointExtension></gpxtpx:TrackPointExtension>
        </extensions>
      </trkpt>
      <trkpt lat="23.123032" lon="113.319099">
        <ele>5.8</ele>
        <time>2026-05-11T09:18:48Z</time>
        <extensions>
          <gpxtpx:TrackPointExtension></gpxtpx:TrackPointExtension>
        </extensions>
      </trkpt>
      <trkpt lat="23.122943" lon="113.319102">
        <ele>5.9</ele>
        <time>2026-05-11T09:18:53Z</time>
        <extensions>
          <gpxtpx:TrackPointExtension></gpxtpx:TrackPointExtension>
        </extensions>
      </trkpt>
      <trkpt lat="23.122841" lon="113.319109">
        <ele>5.85</ele>
        <time>2026-05-11T09:18:58Z</time>
        <extensions>
          <gpxtpx:TrackPointExtension></gpxtpx:TrackPointExtension>
        </extensions>
      </trkpt>
      <trkpt lat="23.122724" lon="113.319094">
        <ele>5.8</ele>
        <time>2026-05-11T09:19:03Z</time>
        <extensions>
          <gpxtpx:TrackPointExtension></gpxtpx:TrackPointExtension>
        </extensions>
      </trkpt>
      <trkpt lat="23.122599" lon="113.319073">
        <ele>5.76</ele>
        <time>2026-05-11T09:19:08Z</time>
        <extensions>
          <gpxtpx:TrackPointExtension></gpxtpx:TrackPointExtension>
        </extensions>
      </trkpt>
      <trkpt lat="23.122489" lon="113.319021">
        <ele>5.71</ele>
        <time>2026-05-11T09:19:13Z</time>
        <extensions>
          <gpxtpx:TrackPointExtension></gpxtpx:TrackPointExtension>
        </extensions>
      </trkpt>
      <trkpt lat="23.122366" lon="113.318979">
        <ele>5.63</ele>
        <time>2026-05-11T09:19:18Z</time>
        <extensions>
          <gpxtpx:TrackPointExtension></gpxtpx:TrackPointExtension>
        </extensions>
      </trkpt>
      <trkpt lat="23.122227" lon="113.318966">
        <ele>5.59</ele>
        <time>2026-05-11T09:19:23Z</time>
        <extensions>
          <gpxtpx:TrackPointExtension></gpxtpx:TrackPointExtension>
        </extensions>
      </trkpt>
      <trkpt lat="23.122094" lon="113.318973">
        <ele>5.5</ele>
        <time>2026-05-11T09:19:28Z</time>
        <extensions>
          <gpxtpx:TrackPointExtension></gpxtpx:TrackPointExtension>
        </extensions>
      </trkpt>
      <trkpt lat="23.121963" lon="113.318974">
        <ele>5.49</ele>
        <time>2026-05-11T09:19:33Z</time>
        <extensions>
          <gpxtpx:TrackPointExtension></gpxtpx:TrackPointExtension>
        </extensions>
      </trkpt>
      <trkpt lat="23.121842" lon="113.318962">
        <ele>5.59</ele>
        <time>2026-05-11T09:19:38Z</time>
        <extensions>
          <gpxtpx:TrackPointExtension></gpxtpx:TrackPointExtension>
        </extensions>
      </trkpt>
      <trkpt lat="23.121706" lon="113.318968">
        <ele>5.53</ele>
        <time>2026-05-11T09:19:43Z</time>
        <extensions>
          <gpxtpx:TrackPointExtension></gpxtpx:TrackPointExtension>
        </extensions>
      </trkpt>
      <trkpt lat="23.121581" lon="113.318962">
        <ele>5.46</ele>
        <time>2026-05-11T09:19:48Z</time>
        <extensions>
          <gpxtpx:TrackPointExtension></gpxtpx:TrackPointExtension>
        </extensions>
      </trkpt>
      <trkpt lat="23.121459" lon="113.318959">
        <ele>5.5</ele>
        <time>2026-05-11T09:19:53Z</time>
        <extensions>
          <gpxtpx:TrackPointExtension></gpxtpx:TrackPointExtension>
        </extensions>
      </trkpt>
      <trkpt lat="23.121378" lon="113.318958">
        <ele>5.47</ele>
        <time>2026-05-11T09:19:58Z</time>
        <extensions>
          <gpxtpx:TrackPointExtension></gpxtpx:TrackPointExtension>
        </extensions>
      </trkpt>
      <trkpt lat="23.121283" lon="113.318974">
        <ele>5.43</ele>
        <time>2026-05-11T09:20:03Z</time>
        <extensions>
          <gpxtpx:TrackPointExtension></gpxtpx:TrackPointExtension>
        </extensions>
      </trkpt>
      <trkpt lat="23.121183" lon="113.318958">
        <ele>5.43</ele>
        <time>2026-05-11T09:20:08Z</time>
        <extensions>
          <gpxtpx:TrackPointExtension></gpxtpx:TrackPointExtension>
        </extensions>
      </trkpt>
      <trkpt lat="23.121057" lon="113.318969">
        <ele>5.42</ele>
        <time>2026-05-11T09:20:13Z</time>
        <extensions>
          <gpxtpx:TrackPointExtension></gpxtpx:TrackPointExtension>
        </extensions>
      </trkpt>
      <trkpt lat="23.120923" lon="113.318993">
        <ele>5.43</ele>
        <time>2026-05-11T09:20:18Z</time>
        <extensions>
          <gpxtpx:TrackPointExtension></gpxtpx:TrackPointExtension>
        </extensions>
      </trkpt>
      <trkpt lat="23.120803" lon="113.318973">
        <ele>5.42</ele>
        <time>2026-05-11T09:20:23Z</time>
        <extensions>
          <gpxtpx:TrackPointExtension></gpxtpx:TrackPointExtension>
        </extensions>
      </trkpt>
      <trkpt lat="23.120723" lon="113.318972">
        <ele>5.5</ele>
        <time>2026-05-11T09:20:28Z</time>
        <extensions>
          <gpxtpx:TrackPointExtension></gpxtpx:TrackPointExtension>
        </extensions>
      </trkpt>
      <trkpt lat="23.120688" lon="113.318983">
        <ele>5.56</ele>
        <time>2026-05-11T09:20:33Z</time>
        <extensions>
          <gpxtpx:TrackPointExtension></gpxtpx:TrackPointExtension>
        </extensions>
      </trkpt>
      <trkpt lat="23.120536" lon="113.319005">
        <ele>5.52</ele>
        <time>2026-05-11T09:20:38Z</time>
        <extensions>
          <gpxtpx:TrackPointExtension></gpxtpx:TrackPointExtension>
        </extensions>
      </trkpt>
      <trkpt lat="23.120393" lon="113.318987">
        <ele>5.38</ele>
        <time>2026-05-11T09:20:43Z</time>
        <extensions>
          <gpxtpx:TrackPointExtension></gpxtpx:TrackPointExtension>
        </extensions>
      </trkpt>
      <trkpt lat="23.12025" lon="113.318972">
        <ele>5.34</ele>
        <time>2026-05-11T09:20:48Z</time>
        <extensions>
          <gpxtpx:TrackPointExtension></gpxtpx:TrackPointExtension>
        </extensions>
      </trkpt>
      <trkpt lat="23.120121" lon="113.318968">
        <ele>5.29</ele>
        <time>2026-05-11T09:20:53Z</time>
        <extensions>
          <gpxtpx:TrackPointExtension></gpxtpx:TrackPointExtension>
        </extensions>
      </trkpt>
      <trkpt lat="23.119993" lon="113.318969">
        <ele>5.3</ele>
        <time>2026-05-11T09:20:58Z</time>
        <extensions>
          <gpxtpx:TrackPointExtension></gpxtpx:TrackPointExtension>
        </extensions>
      </trkpt>
      <trkpt lat="23.119875" lon="113.31896">
        <ele>5.31</ele>
        <time>2026-05-11T09:21:03Z</time>
        <extensions>
          <gpxtpx:TrackPointExtension></gpxtpx:TrackPointExtension>
        </extensions>
      </trkpt>
      <trkpt lat="23.119759" lon="113.318961">
        <ele>5.35</ele>
        <time>2026-05-11T09:21:08Z</time>
        <extensions>
          <gpxtpx:TrackPointExtension></gpxtpx:TrackPointExtension>
        </extensions>
      </trkpt>
      <trkpt lat="23.119664" lon="113.318964">
        <ele>5.4</ele>
        <time>2026-05-11T09:21:13Z</time>
        <extensions>
          <gpxtpx:TrackPointExtension></gpxtpx:TrackPointExtension>
        </extensions>
      </trkpt>
      <trkpt lat="23.119562" lon="113.318984">
        <ele>5.48</ele>
        <time>2026-05-11T09:21:18Z</time>
        <extensions>
          <gpxtpx:TrackPointExtension></gpxtpx:TrackPointExtension>
        </extensions>
      </trkpt>
      <trkpt lat="23.119448" lon="113.318981">
        <ele>5.63</ele>
        <time>2026-05-11T09:21:23Z</time>
        <extensions>
          <gpxtpx:TrackPointExtension></gpxtpx:TrackPointExtension>
        </extensions>
      </trkpt>
      <trkpt lat="23.119325" lon="113.318973">
        <ele>5.9</ele>
        <time>2026-05-11T09:21:28Z</time>
        <extensions>
          <gpxtpx:TrackPointExtension></gpxtpx:TrackPointExtension>
        </extensions>
      </trkpt>
      <trkpt lat="23.119216" lon="113.318972">
        <ele>5.85</ele>
        <time>2026-05-11T09:21:33Z</time>
        <extensions>
          <gpxtpx:TrackPointExtension></gpxtpx:TrackPointExtension>
        </extensions>
      </trkpt>
      <trkpt lat="23.119089" lon="113.318979">
        <ele>5.81</ele>
        <time>2026-05-11T09:21:38Z</time>
        <extensions>
          <gpxtpx:TrackPointExtension></gpxtpx:TrackPointExtension>
        </extensions>
      </trkpt>
      <trkpt lat="23.118898" lon="113.318918">
        <ele>5.61</ele>
        <time>2026-05-11T09:21:43Z</time>
        <extensions>
          <gpxtpx:TrackPointExtension></gpxtpx:TrackPointExtension>
        </extensions>
      </trkpt>
      <trkpt lat="23.118774" lon="113.318879">
        <ele>5.54</ele>
        <time>2026-05-11T09:21:48Z</time>
        <extensions>
          <gpxtpx:TrackPointExtension></gpxtpx:TrackPointExtension>
        </extensions>
      </trkpt>
      <trkpt lat="23.11866" lon="113.318883">
        <ele>5.43</ele>
        <time>2026-05-11T09:21:53Z</time>
        <extensions>
          <gpxtpx:TrackPointExtension></gpxtpx:TrackPointExtension>
        </extensions>
      </trkpt>
      <trkpt lat="23.118535" lon="113.318887">
        <ele>5.32</ele>
        <time>2026-05-11T09:21:58Z</time>
        <extensions>
          <gpxtpx:TrackPointExtension></gpxtpx:TrackPointExtension>
        </extensions>
      </trkpt>
      <trkpt lat="23.11842" lon="113.318902">
        <ele>5.31</ele>
        <time>2026-05-11T09:22:03Z</time>
        <extensions>
          <gpxtpx:TrackPointExtension></gpxtpx:TrackPointExtension>
        </extensions>
      </trkpt>
      <trkpt lat="23.118297" lon="113.318902">
        <ele>5.37</ele>
        <time>2026-05-11T09:22:08Z</time>
        <extensions>
          <gpxtpx:TrackPointExtension></gpxtpx:TrackPointExtension>
        </extensions>
      </trkpt>
      <trkpt lat="23.118202" lon="113.318916">
        <ele>5.37</ele>
        <time>2026-05-11T09:22:13Z</time>
        <extensions>
          <gpxtpx:TrackPointExtension></gpxtpx:TrackPointExtension>
        </extensions>
      </trkpt>
      <trkpt lat="23.118094" lon="113.318904">
        <ele>5.41</ele>
        <time>2026-05-11T09:22:18Z</time>
        <extensions>
          <gpxtpx:TrackPointExtension></gpxtpx:TrackPointExtension>
        </extensions>
      </trkpt>
      <trkpt lat="23.11797" lon="113.318919">
        <ele>5.38</ele>
        <time>2026-05-11T09:22:23Z</time>
        <extensions>
          <gpxtpx:TrackPointExtension></gpxtpx:TrackPointExtension>
        </extensions>
      </trkpt>
      <trkpt lat="23.117822" lon="113.318911">
        <ele>5.43</ele>
        <time>2026-05-11T09:22:28Z</time>
        <extensions>
          <gpxtpx:TrackPointExtension></gpxtpx:TrackPointExtension>
        </extensions>
      </trkpt>
      <trkpt lat="23.117733" lon="113.318898">
        <ele>5.52</ele>
        <time>2026-05-11T09:22:33Z</time>
        <extensions>
          <gpxtpx:TrackPointExtension></gpxtpx:TrackPointExtension>
        </extensions>
      </trkpt>
      <trkpt lat="23.117614" lon="113.318899">
        <ele>5.52</ele>
        <time>2026-05-11T09:22:38Z</time>
        <extensions>
          <gpxtpx:TrackPointExtension></gpxtpx:TrackPointExtension>
        </extensions>
      </trkpt>
      <trkpt lat="23.117485" lon="113.318915">
        <ele>5.52</ele>
        <time>2026-05-11T09:22:43Z</time>
        <extensions>
          <gpxtpx:TrackPointExtension></gpxtpx:TrackPointExtension>
        </extensions>
      </trkpt>
      <trkpt lat="23.117356" lon="113.31892">
        <ele>5.54</ele>
        <time>2026-05-11T09:22:48Z</time>
        <extensions>
          <gpxtpx:TrackPointExtension></gpxtpx:TrackPointExtension>
        </extensions>
      </trkpt>
      <trkpt lat="23.117243" lon="113.31892">
        <ele>5.67</ele>
        <time>2026-05-11T09:22:53Z</time>
        <extensions>
          <gpxtpx:TrackPointExtension></gpxtpx:TrackPointExtension>
        </extensions>
      </trkpt>
      <trkpt lat="23.117111" lon="113.318914">
        <ele>5.66</ele>
        <time>2026-05-11T09:22:58Z</time>
        <extensions>
          <gpxtpx:TrackPointExtension></gpxtpx:TrackPointExtension>
        </extensions>
      </trkpt>
      <trkpt lat="23.116983" lon="113.31893">
        <ele>5.67</ele>
        <time>2026-05-11T09:23:03Z</time>
        <extensions>
          <gpxtpx:TrackPointExtension></gpxtpx:TrackPointExtension>
        </extensions>
      </trkpt>
      <trkpt lat="23.116871" lon="113.318907">
        <ele>5.84</ele>
        <time>2026-05-11T09:23:08Z</time>
        <extensions>
          <gpxtpx:TrackPointExtension></gpxtpx:TrackPointExtension>
        </extensions>
      </trkpt>
      <trkpt lat="23.116747" lon="113.318906">
        <ele>5.94</ele>
        <time>2026-05-11T09:23:13Z</time>
        <extensions>
          <gpxtpx:TrackPointExtension></gpxtpx:TrackPointExtension>
        </extensions>
      </trkpt>
      <trkpt lat="23.116646" lon="113.318893">
        <ele>5.97</ele>
        <time>2026-05-11T09:23:18Z</time>
        <extensions>
          <gpxtpx:TrackPointExtension></gpxtpx:TrackPointExtension>
        </extensions>
      </trkpt>
      <trkpt lat="23.116558" lon="113.318859">
        <ele>6.04</ele>
        <time>2026-05-11T09:23:23Z</time>
        <extensions>
          <gpxtpx:TrackPointExtension></gpxtpx:TrackPointExtension>
        </extensions>
      </trkpt>
      <trkpt lat="23.116423" lon="113.318876">
        <ele>6.14</ele>
        <time>2026-05-11T09:23:28Z</time>
        <extensions>
          <gpxtpx:TrackPointExtension></gpxtpx:TrackPointExtension>
        </extensions>
      </trkpt>
      <trkpt lat="23.116296" lon="113.318884">
        <ele>6.06</ele>
        <time>2026-05-11T09:23:33Z</time>
        <extensions>
          <gpxtpx:TrackPointExtension></gpxtpx:TrackPointExtension>
        </extensions>
      </trkpt>
      <trkpt lat="23.116197" lon="113.318964">
        <ele>5.91</ele>
        <time>2026-05-11T09:23:38Z</time>
        <extensions>
          <gpxtpx:TrackPointExtension></gpxtpx:TrackPointExtension>
        </extensions>
      </trkpt>
      <trkpt lat="23.116152" lon="113.319086">
        <ele>5.89</ele>
        <time>2026-05-11T09:23:43Z</time>
        <extensions>
          <gpxtpx:TrackPointExtension></gpxtpx:TrackPointExtension>
        </extensions>
      </trkpt>
      <trkpt lat="23.116165" lon="113.319199">
        <ele>5.92</ele>
        <time>2026-05-11T09:23:48Z</time>
        <extensions>
          <gpxtpx:TrackPointExtension></gpxtpx:TrackPointExtension>
        </extensions>
      </trkpt>
      <trkpt lat="23.116249" lon="113.319302">
        <ele>5.91</ele>
        <time>2026-05-11T09:23:53Z</time>
        <extensions>
          <gpxtpx:TrackPointExtension></gpxtpx:TrackPointExtension>
        </extensions>
      </trkpt>
      <trkpt lat="23.116345" lon="113.319328">
        <ele>5.91</ele>
        <time>2026-05-11T09:23:58Z</time>
        <extensions>
          <gpxtpx:TrackPointExtension></gpxtpx:TrackPointExtension>
        </extensions>
      </trkpt>
      <trkpt lat="23.116457" lon="113.31933">
        <ele>5.8</ele>
        <time>2026-05-11T09:24:03Z</time>
        <extensions>
          <gpxtpx:TrackPointExtension></gpxtpx:TrackPointExtension>
        </extensions>
      </trkpt>
      <trkpt lat="23.116567" lon="113.31932">
        <ele>5.77</ele>
        <time>2026-05-11T09:24:08Z</time>
        <extensions>
          <gpxtpx:TrackPointExtension></gpxtpx:TrackPointExtension>
        </extensions>
      </trkpt>
      <trkpt lat="23.116673" lon="113.319317">
        <ele>5.68</ele>
        <time>2026-05-11T09:24:13Z</time>
        <extensions>
          <gpxtpx:TrackPointExtension></gpxtpx:TrackPointExtension>
        </extensions>
      </trkpt>
      <trkpt lat="23.116806" lon="113.319316">
        <ele>5.61</ele>
        <time>2026-05-11T09:24:18Z</time>
        <extensions>
          <gpxtpx:TrackPointExtension></gpxtpx:TrackPointExtension>
        </extensions>
      </trkpt>
      <trkpt lat="23.116932" lon="113.319325">
        <ele>5.6</ele>
        <time>2026-05-11T09:24:23Z</time>
        <extensions>
          <gpxtpx:TrackPointExtension></gpxtpx:TrackPointExtension>
        </extensions>
      </trkpt>
      <trkpt lat="23.117051" lon="113.31934">
        <ele>5.65</ele>
        <time>2026-05-11T09:24:28Z</time>
        <extensions>
          <gpxtpx:TrackPointExtension></gpxtpx:TrackPointExtension>
        </extensions>
      </trkpt>
      <trkpt lat="23.117189" lon="113.319372">
        <ele>5.53</ele>
        <time>2026-05-11T09:24:33Z</time>
        <extensions>
          <gpxtpx:TrackPointExtension></gpxtpx:TrackPointExtension>
        </extensions>
      </trkpt>
      <trkpt lat="23.117313" lon="113.31937">
        <ele>5.5</ele>
        <time>2026-05-11T09:24:38Z</time>
        <extensions>
          <gpxtpx:TrackPointExtension></gpxtpx:TrackPointExtension>
        </extensions>
      </trkpt>
      <trkpt lat="23.117421" lon="113.319366">
        <ele>5.41</ele>
        <time>2026-05-11T09:24:43Z</time>
        <extensions>
          <gpxtpx:TrackPointExtension></gpxtpx:TrackPointExtension>
        </extensions>
      </trkpt>
      <trkpt lat="23.11754" lon="113.319365">
        <ele>5.42</ele>
        <time>2026-05-11T09:24:48Z</time>
        <extensions>
          <gpxtpx:TrackPointExtension></gpxtpx:TrackPointExtension>
        </extensions>
      </trkpt>
      <trkpt lat="23.117636" lon="113.319368">
        <ele>5.27</ele>
        <time>2026-05-11T09:24:53Z</time>
        <extensions>
          <gpxtpx:TrackPointExtension></gpxtpx:TrackPointExtension>
        </extensions>
      </trkpt>
      <trkpt lat="23.117741" lon="113.319361">
        <ele>5.27</ele>
        <time>2026-05-11T09:24:58Z</time>
        <extensions>
          <gpxtpx:TrackPointExtension></gpxtpx:TrackPointExtension>
        </extensions>
      </trkpt>
      <trkpt lat="23.117837" lon="113.319361">
        <ele>5.21</ele>
        <time>2026-05-11T09:25:03Z</time>
        <extensions>
          <gpxtpx:TrackPointExtension></gpxtpx:TrackPointExtension>
        </extensions>
      </trkpt>
      <trkpt lat="23.11796" lon="113.31936">
        <ele>5.17</ele>
        <time>2026-05-11T09:25:08Z</time>
        <extensions>
          <gpxtpx:TrackPointExtension></gpxtpx:TrackPointExtension>
        </extensions>
      </trkpt>
      <trkpt lat="23.118088" lon="113.319344">
        <ele>5.17</ele>
        <time>2026-05-11T09:25:13Z</time>
        <extensions>
          <gpxtpx:TrackPointExtension></gpxtpx:TrackPointExtension>
        </extensions>
      </trkpt>
      <trkpt lat="23.118235" lon="113.319347">
        <ele>5.11</ele>
        <time>2026-05-11T09:25:18Z</time>
        <extensions>
          <gpxtpx:TrackPointExtension></gpxtpx:TrackPointExtension>
        </extensions>
      </trkpt>
      <trkpt lat="23.118352" lon="113.319339">
        <ele>5.11</ele>
        <time>2026-05-11T09:25:23Z</time>
        <extensions>
          <gpxtpx:TrackPointExtension></gpxtpx:TrackPointExtension>
        </extensions>
      </trkpt>
      <trkpt lat="23.118475" lon="113.319352">
        <ele>5.22</ele>
        <time>2026-05-11T09:25:28Z</time>
        <extensions>
          <gpxtpx:TrackPointExtension></gpxtpx:TrackPointExtension>
        </extensions>
      </trkpt>
      <trkpt lat="23.118611" lon="113.319348">
        <ele>5.3</ele>
        <time>2026-05-11T09:25:33Z</time>
        <extensions>
          <gpxtpx:TrackPointExtension></gpxtpx:TrackPointExtension>
        </extensions>
      </trkpt>
      <trkpt lat="23.118729" lon="113.319347">
        <ele>5.37</ele>
        <time>2026-05-11T09:25:38Z</time>
        <extensions>
          <gpxtpx:TrackPointExtension></gpxtpx:TrackPointExtension>
        </extensions>
      </trkpt>
      <trkpt lat="23.118862" lon="113.319348">
        <ele>5.49</ele>
        <time>2026-05-11T09:25:43Z</time>
        <extensions>
          <gpxtpx:TrackPointExtension></gpxtpx:TrackPointExtension>
        </extensions>
      </trkpt>
      <trkpt lat="23.119008" lon="113.319365">
        <ele>5.43</ele>
        <time>2026-05-11T09:25:48Z</time>
        <extensions>
          <gpxtpx:TrackPointExtension></gpxtpx:TrackPointExtension>
        </extensions>
      </trkpt>
      <trkpt lat="23.119115" lon="113.319362">
        <ele>5.43</ele>
        <time>2026-05-11T09:25:53Z</time>
        <extensions>
          <gpxtpx:TrackPointExtension></gpxtpx:TrackPointExtension>
        </extensions>
      </trkpt>
      <trkpt lat="23.119221" lon="113.319354">
        <ele>5.41</ele>
        <time>2026-05-11T09:25:58Z</time>
        <extensions>
          <gpxtpx:TrackPointExtension></gpxtpx:TrackPointExtension>
        </extensions>
      </trkpt>
      <trkpt lat="23.119357" lon="113.319346">
        <ele>5.33</ele>
        <time>2026-05-11T09:26:03Z</time>
        <extensions>
          <gpxtpx:TrackPointExtension></gpxtpx:TrackPointExtension>
        </extensions>
      </trkpt>
      <trkpt lat="23.1195" lon="113.319362">
        <ele>5.4</ele>
        <time>2026-05-11T09:26:08Z</time>
        <extensions>
          <gpxtpx:TrackPointExtension></gpxtpx:TrackPointExtension>
        </extensions>
      </trkpt>
      <trkpt lat="23.119629" lon="113.319368">
        <ele>5.3</ele>
        <time>2026-05-11T09:26:13Z</time>
        <extensions>
          <gpxtpx:TrackPointExtension></gpxtpx:TrackPointExtension>
        </extensions>
      </trkpt>
      <trkpt lat="23.119763" lon="113.319373">
        <ele>5.28</ele>
        <time>2026-05-11T09:26:18Z</time>
        <extensions>
          <gpxtpx:TrackPointExtension></gpxtpx:TrackPointExtension>
        </extensions>
      </trkpt>
      <trkpt lat="23.119887" lon="113.319365">
        <ele>5.23</ele>
        <time>2026-05-11T09:26:23Z</time>
        <extensions>
          <gpxtpx:TrackPointExtension></gpxtpx:TrackPointExtension>
        </extensions>
      </trkpt>
      <trkpt lat="23.120024" lon="113.319377">
        <ele>5.23</ele>
        <time>2026-05-11T09:26:28Z</time>
        <extensions>
          <gpxtpx:TrackPointExtension></gpxtpx:TrackPointExtension>
        </extensions>
      </trkpt>
      <trkpt lat="23.120125" lon="113.319361">
        <ele>5.19</ele>
        <time>2026-05-11T09:26:33Z</time>
        <extensions>
          <gpxtpx:TrackPointExtension></gpxtpx:TrackPointExtension>
        </extensions>
      </trkpt>
      <trkpt lat="23.120247" lon="113.31936">
        <ele>5.35</ele>
        <time>2026-05-11T09:26:38Z</time>
        <extensions>
          <gpxtpx:TrackPointExtension></gpxtpx:TrackPointExtension>
        </extensions>
      </trkpt>
      <trkpt lat="23.120333" lon="113.319375">
        <ele>5.48</ele>
        <time>2026-05-11T09:26:43Z</time>
        <extensions>
          <gpxtpx:TrackPointExtension></gpxtpx:TrackPointExtension>
        </extensions>
      </trkpt>
      <trkpt lat="23.120437" lon="113.319378">
        <ele>5.44</ele>
        <time>2026-05-11T09:26:48Z</time>
        <extensions>
          <gpxtpx:TrackPointExtension></gpxtpx:TrackPointExtension>
        </extensions>
      </trkpt>
      <trkpt lat="23.120549" lon="113.319373">
        <ele>5.01</ele>
        <time>2026-05-11T09:26:53Z</time>
        <extensions>
          <gpxtpx:TrackPointExtension></gpxtpx:TrackPointExtension>
        </extensions>
      </trkpt>
      <trkpt lat="23.120646" lon="113.319355">
        <ele>5.04</ele>
        <time>2026-05-11T09:26:58Z</time>
        <extensions>
          <gpxtpx:TrackPointExtension></gpxtpx:TrackPointExtension>
        </extensions>
      </trkpt>
      <trkpt lat="23.120722" lon="113.319355">
        <ele>5.14</ele>
        <time>2026-05-11T09:27:03Z</time>
        <extensions>
          <gpxtpx:TrackPointExtension></gpxtpx:TrackPointExtension>
        </extensions>
      </trkpt>
      <trkpt lat="23.120747" lon="113.319346">
        <ele>5.2</ele>
        <time>2026-05-11T09:27:08Z</time>
        <extensions>
          <gpxtpx:TrackPointExtension></gpxtpx:TrackPointExtension>
        </extensions>
      </trkpt>
      <trkpt lat="23.120756" lon="113.319354">
        <ele>5.26</ele>
        <time>2026-05-11T09:27:13Z</time>
        <extensions>
          <gpxtpx:TrackPointExtension></gpxtpx:TrackPointExtension>
        </extensions>
      </trkpt>
      <trkpt lat="23.120757" lon="113.319352">
        <ele>5.22</ele>
        <time>2026-05-11T09:27:18Z</time>
        <extensions>
          <gpxtpx:TrackPointExtension></gpxtpx:TrackPointExtension>
        </extensions>
      </trkpt>
      <trkpt lat="23.120683" lon="113.319372">
        <ele>5.29</ele>
        <time>2026-05-11T09:27:23Z</time>
        <extensions>
          <gpxtpx:TrackPointExtension></gpxtpx:TrackPointExtension>
        </extensions>
      </trkpt>
      <trkpt lat="23.120751" lon="113.319314">
        <ele>5.3</ele>
        <time>2026-05-11T09:27:28Z</time>
        <extensions>
          <gpxtpx:TrackPointExtension></gpxtpx:TrackPointExtension>
        </extensions>
      </trkpt>
      <trkpt lat="23.120904" lon="113.31932">
        <ele>5.33</ele>
        <time>2026-05-11T09:27:33Z</time>
        <extensions>
          <gpxtpx:TrackPointExtension></gpxtpx:TrackPointExtension>
        </extensions>
      </trkpt>
      <trkpt lat="23.121147" lon="113.3193">
        <ele>5.39</ele>
        <time>2026-05-11T09:27:38Z</time>
        <extensions>
          <gpxtpx:TrackPointExtension></gpxtpx:TrackPointExtension>
        </extensions>
      </trkpt>
      <trkpt lat="23.121346" lon="113.319282">
        <ele>5.55</ele>
        <time>2026-05-11T09:27:43Z</time>
        <extensions>
          <gpxtpx:TrackPointExtension></gpxtpx:TrackPointExtension>
        </extensions>
      </trkpt>
      <trkpt lat="23.121515" lon="113.319313">
        <ele>5.4</ele>
        <time>2026-05-11T09:27:48Z</time>
        <extensions>
          <gpxtpx:TrackPointExtension></gpxtpx:TrackPointExtension>
        </extensions>
      </trkpt>
      <trkpt lat="23.121694" lon="113.319367">
        <ele>5.43</ele>
        <time>2026-05-11T09:27:53Z</time>
        <extensions>
          <gpxtpx:TrackPointExtension></gpxtpx:TrackPointExtension>
        </extensions>
      </trkpt>
      <trkpt lat="23.12186" lon="113.31933">
        <ele>5.45</ele>
        <time>2026-05-11T09:27:58Z</time>
        <extensions>
          <gpxtpx:TrackPointExtension></gpxtpx:TrackPointExtension>
        </extensions>
      </trkpt>
      <trkpt lat="23.122005" lon="113.31935">
        <ele>5.43</ele>
        <time>2026-05-11T09:28:03Z</time>
        <extensions>
          <gpxtpx:TrackPointExtension></gpxtpx:TrackPointExtension>
        </extensions>
      </trkpt>
      <trkpt lat="23.122228" lon="113.319384">
        <ele>5.49</ele>
        <time>2026-05-11T09:28:08Z</time>
        <extensions>
          <gpxtpx:TrackPointExtension></gpxtpx:TrackPointExtension>
        </extensions>
      </trkpt>
      <trkpt lat="23.122384" lon="113.319364">
        <ele>5.65</ele>
        <time>2026-05-11T09:28:13Z</time>
        <extensions>
          <gpxtpx:TrackPointExtension></gpxtpx:TrackPointExtension>
        </extensions>
      </trkpt>
      <trkpt lat="23.122526" lon="113.319347">
        <ele>5.75</ele>
        <time>2026-05-11T09:28:18Z</time>
        <extensions>
          <gpxtpx:TrackPointExtension></gpxtpx:TrackPointExtension>
        </extensions>
      </trkpt>
      <trkpt lat="23.122614" lon="113.319286">
        <ele>5.86</ele>
        <time>2026-05-11T09:28:23Z</time>
        <extensions>
          <gpxtpx:TrackPointExtension></gpxtpx:TrackPointExtension>
        </extensions>
      </trkpt>
      <trkpt lat="23.122688" lon="113.319226">
        <ele>5.78</ele>
        <time>2026-05-11T09:28:28Z</time>
        <extensions>
          <gpxtpx:TrackPointExtension></gpxtpx:TrackPointExtension>
        </extensions>
      </trkpt>
      <trkpt lat="23.122776" lon="113.319203">
        <ele>5.8</ele>
        <time>2026-05-11T09:28:33Z</time>
        <extensions>
          <gpxtpx:TrackPointExtension></gpxtpx:TrackPointExtension>
        </extensions>
      </trkpt>
      <trkpt lat="23.122889" lon="113.319213">
        <ele>5.84</ele>
        <time>2026-05-11T09:28:38Z</time>
        <extensions>
          <gpxtpx:TrackPointExtension></gpxtpx:TrackPointExtension>
        </extensions>
      </trkpt>
      <trkpt lat="23.123026" lon="113.319298">
        <ele>5.91</ele>
        <time>2026-05-11T09:28:43Z</time>
        <extensions>
          <gpxtpx:TrackPointExtension></gpxtpx:TrackPointExtension>
        </extensions>
      </trkpt>
      <trkpt lat="23.123143" lon="113.319347">
        <ele>5.9</ele>
        <time>2026-05-11T09:28:48Z</time>
        <extensions>
          <gpxtpx:TrackPointExtension></gpxtpx:TrackPointExtension>
        </extensions>
      </trkpt>
      <trkpt lat="23.123265" lon="113.319365">
        <ele>5.95</ele>
        <time>2026-05-11T09:28:53Z</time>
        <extensions>
          <gpxtpx:TrackPointExtension></gpxtpx:TrackPointExtension>
        </extensions>
      </trkpt>
      <trkpt lat="23.123342" lon="113.319388">
        <ele>5.98</ele>
        <time>2026-05-11T09:28:58Z</time>
        <extensions>
          <gpxtpx:TrackPointExtension></gpxtpx:TrackPointExtension>
        </extensions>
      </trkpt>
      <trkpt lat="23.123454" lon="113.319339">
        <ele>6.02</ele>
        <time>2026-05-11T09:29:03Z</time>
        <extensions>
          <gpxtpx:TrackPointExtension></gpxtpx:TrackPointExtension>
        </extensions>
      </trkpt>
      <trkpt lat="23.123581" lon="113.319324">
        <ele>6.06</ele>
        <time>2026-05-11T09:29:08Z</time>
        <extensions>
          <gpxtpx:TrackPointExtension></gpxtpx:TrackPointExtension>
        </extensions>
      </trkpt>
      <trkpt lat="23.123708" lon="113.319355">
        <ele>6.03</ele>
        <time>2026-05-11T09:29:13Z</time>
        <extensions>
          <gpxtpx:TrackPointExtension></gpxtpx:TrackPointExtension>
        </extensions>
      </trkpt>
      <trkpt lat="23.123833" lon="113.319403">
        <ele>6.02</ele>
        <time>2026-05-11T09:29:18Z</time>
        <extensions>
          <gpxtpx:TrackPointExtension></gpxtpx:TrackPointExtension>
        </extensions>
      </trkpt>
      <trkpt lat="23.123939" lon="113.319492">
        <ele>6.03</ele>
        <time>2026-05-11T09:29:23Z</time>
        <extensions>
          <gpxtpx:TrackPointExtension></gpxtpx:TrackPointExtension>
        </extensions>
      </trkpt>
      <trkpt lat="23.124078" lon="113.319513">
        <ele>5.96</ele>
        <time>2026-05-11T09:29:28Z</time>
        <extensions>
          <gpxtpx:TrackPointExtension></gpxtpx:TrackPointExtension>
        </extensions>
      </trkpt>
      <trkpt lat="23.124197" lon="113.319526">
        <ele>6.0</ele>
        <time>2026-05-11T09:29:33Z</time>
        <extensions>
          <gpxtpx:TrackPointExtension></gpxtpx:TrackPointExtension>
        </extensions>
      </trkpt>
      <trkpt lat="23.124317" lon="113.319545">
        <ele>6.03</ele>
        <time>2026-05-11T09:29:38Z</time>
        <extensions>
          <gpxtpx:TrackPointExtension></gpxtpx:TrackPointExtension>
        </extensions>
      </trkpt>
      <trkpt lat="23.124482" lon="113.319541">
        <ele>6.04</ele>
        <time>2026-05-11T09:29:43Z</time>
        <extensions>
          <gpxtpx:TrackPointExtension></gpxtpx:TrackPointExtension>
        </extensions>
      </trkpt>
      <trkpt lat="23.124638" lon="113.319571">
        <ele>5.99</ele>
        <time>2026-05-11T09:29:48Z</time>
        <extensions>
          <gpxtpx:TrackPointExtension></gpxtpx:TrackPointExtension>
        </extensions>
      </trkpt>
      <trkpt lat="23.124775" lon="113.319593">
        <ele>5.99</ele>
        <time>2026-05-11T09:29:53Z</time>
        <extensions>
          <gpxtpx:TrackPointExtension></gpxtpx:TrackPointExtension>
        </extensions>
      </trkpt>
      <trkpt lat="23.124883" lon="113.319613">
        <ele>5.96</ele>
        <time>2026-05-11T09:29:58Z</time>
        <extensions>
          <gpxtpx:TrackPointExtension></gpxtpx:TrackPointExtension>
        </extensions>
      </trkpt>
      <trkpt lat="23.124994" lon="113.31965">
        <ele>5.93</ele>
        <time>2026-05-11T09:30:03Z</time>
        <extensions>
          <gpxtpx:TrackPointExtension></gpxtpx:TrackPointExtension>
        </extensions>
      </trkpt>
      <trkpt lat="23.125131" lon="113.319684">
        <ele>5.99</ele>
        <time>2026-05-11T09:30:08Z</time>
        <extensions>
          <gpxtpx:TrackPointExtension></gpxtpx:TrackPointExtension>
        </extensions>
      </trkpt>
      <trkpt lat="23.125276" lon="113.319737">
        <ele>6.08</ele>
        <time>2026-05-11T09:30:13Z</time>
        <extensions>
          <gpxtpx:TrackPointExtension></gpxtpx:TrackPointExtension>
        </extensions>
      </trkpt>
      <trkpt lat="23.125393" lon="113.319714">
        <ele>6.11</ele>
        <time>2026-05-11T09:30:18Z</time>
        <extensions>
          <gpxtpx:TrackPointExtension></gpxtpx:TrackPointExtension>
        </extensions>
      </trkpt>
      <trkpt lat="23.125541" lon="113.319758">
        <ele>6.17</ele>
        <time>2026-05-11T09:30:23Z</time>
        <extensions>
          <gpxtpx:TrackPointExtension></gpxtpx:TrackPointExtension>
        </extensions>
      </trkpt>
      <trkpt lat="23.125703" lon="113.319824">
        <ele>6.28</ele>
        <time>2026-05-11T09:30:28Z</time>
        <extensions>
          <gpxtpx:TrackPointExtension></gpxtpx:TrackPointExtension>
        </extensions>
      </trkpt>
      <trkpt lat="23.125851" lon="113.3198">
        <ele>6.35</ele>
        <time>2026-05-11T09:30:33Z</time>
        <extensions>
          <gpxtpx:TrackPointExtension></gpxtpx:TrackPointExtension>
        </extensions>
      </trkpt>
      <trkpt lat="23.126" lon="113.319805">
        <ele>6.47</ele>
        <time>2026-05-11T09:30:38Z</time>
        <extensions>
          <gpxtpx:TrackPointExtension></gpxtpx:TrackPointExtension>
        </extensions>
      </trkpt>
      <trkpt lat="23.126078" lon="113.319756">
        <ele>6.36</ele>
        <time>2026-05-11T09:30:43Z</time>
        <extensions>
          <gpxtpx:TrackPointExtension></gpxtpx:TrackPointExtension>
        </extensions>
      </trkpt>
      <trkpt lat="23.126223" lon="113.319757">
        <ele>6.31</ele>
        <time>2026-05-11T09:30:48Z</time>
        <extensions>
          <gpxtpx:TrackPointExtension></gpxtpx:TrackPointExtension>
        </extensions>
      </trkpt>
      <trkpt lat="23.126333" lon="113.319805">
        <ele>6.17</ele>
        <time>2026-05-11T09:30:53Z</time>
        <extensions>
          <gpxtpx:TrackPointExtension></gpxtpx:TrackPointExtension>
        </extensions>
      </trkpt>
      <trkpt lat="23.126459" lon="113.319872">
        <ele>6.14</ele>
        <time>2026-05-11T09:30:58Z</time>
        <extensions>
          <gpxtpx:TrackPointExtension></gpxtpx:TrackPointExtension>
        </extensions>
      </trkpt>
      <trkpt lat="23.126561" lon="113.319891">
        <ele>6.01</ele>
        <time>2026-05-11T09:31:03Z</time>
        <extensions>
          <gpxtpx:TrackPointExtension></gpxtpx:TrackPointExtension>
        </extensions>
      </trkpt>
      <trkpt lat="23.126614" lon="113.319914">
        <ele>6.03</ele>
        <time>2026-05-11T09:31:08Z</time>
        <extensions>
          <gpxtpx:TrackPointExtension></gpxtpx:TrackPointExtension>
        </extensions>
      </trkpt>
      <trkpt lat="23.126725" lon="113.319771">
        <ele>6.11</ele>
        <time>2026-05-11T09:31:13Z</time>
        <extensions>
          <gpxtpx:TrackPointExtension></gpxtpx:TrackPointExtension>
        </extensions>
      </trkpt>
      <trkpt lat="23.126815" lon="113.319727">
        <ele>6.14</ele>
        <time>2026-05-11T09:31:18Z</time>
        <extensions>
          <gpxtpx:TrackPointExtension></gpxtpx:TrackPointExtension>
        </extensions>
      </trkpt>
      <trkpt lat="23.126847" lon="113.319591">
        <ele>6.18</ele>
        <time>2026-05-11T09:31:23Z</time>
        <extensions>
          <gpxtpx:TrackPointExtension></gpxtpx:TrackPointExtension>
        </extensions>
      </trkpt>
      <trkpt lat="23.126825" lon="113.319445">
        <ele>6.15</ele>
        <time>2026-05-11T09:31:28Z</time>
        <extensions>
          <gpxtpx:TrackPointExtension></gpxtpx:TrackPointExtension>
        </extensions>
      </trkpt>
      <trkpt lat="23.127095" lon="113.31948">
        <ele>6.03</ele>
        <time>2026-05-11T09:31:33Z</time>
        <extensions>
          <gpxtpx:TrackPointExtension></gpxtpx:TrackPointExtension>
        </extensions>
      </trkpt>
      <trkpt lat="23.127333" lon="113.319529">
        <ele>6.01</ele>
        <time>2026-05-11T09:31:38Z</time>
        <extensions>
          <gpxtpx:TrackPointExtension></gpxtpx:TrackPointExtension>
        </extensions>
      </trkpt>
      <trkpt lat="23.127507" lon="113.319524">
        <ele>5.94</ele>
        <time>2026-05-11T09:31:43Z</time>
        <extensions>
          <gpxtpx:TrackPointExtension></gpxtpx:TrackPointExtension>
        </extensions>
      </trkpt>
      <trkpt lat="23.127636" lon="113.319524">
        <ele>5.92</ele>
        <time>2026-05-11T09:31:48Z</time>
        <extensions>
          <gpxtpx:TrackPointExtension></gpxtpx:TrackPointExtension>
        </extensions>
      </trkpt>
      <trkpt lat="23.127752" lon="113.319449">
        <ele>5.94</ele>
        <time>2026-05-11T09:31:53Z</time>
        <extensions>
          <gpxtpx:TrackPointExtension></gpxtpx:TrackPointExtension>
        </extensions>
      </trkpt>
      <trkpt lat="23.127871" lon="113.319393">
        <ele>5.96</ele>
        <time>2026-05-11T09:31:58Z</time>
        <extensions>
          <gpxtpx:TrackPointExtension></gpxtpx:TrackPointExtension>
        </extensions>
      </trkpt>
      <trkpt lat="23.128005" lon="113.319375">
        <ele>5.92</ele>
        <time>2026-05-11T09:32:03Z</time>
        <extensions>
          <gpxtpx:TrackPointExtension></gpxtpx:TrackPointExtension>
        </extensions>
      </trkpt>
      <trkpt lat="23.12812" lon="113.319472">
        <ele>5.94</ele>
        <time>2026-05-11T09:32:08Z</time>
        <extensions>
          <gpxtpx:TrackPointExtension></gpxtpx:TrackPointExtension>
        </extensions>
      </trkpt>
      <trkpt lat="23.128228" lon="113.319491">
        <ele>5.98</ele>
        <time>2026-05-11T09:32:13Z</time>
        <extensions>
          <gpxtpx:TrackPointExtension></gpxtpx:TrackPointExtension>
        </extensions>
      </trkpt>
      <trkpt lat="23.128357" lon="113.319506">
        <ele>6.18</ele>
        <time>2026-05-11T09:32:18Z</time>
        <extensions>
          <gpxtpx:TrackPointExtension></gpxtpx:TrackPointExtension>
        </extensions>
      </trkpt>
      <trkpt lat="23.128635" lon="113.319436">
        <ele>6.26</ele>
        <time>2026-05-11T09:32:23Z</time>
        <extensions>
          <gpxtpx:TrackPointExtension></gpxtpx:TrackPointExtension>
        </extensions>
      </trkpt>
      <trkpt lat="23.128774" lon="113.319461">
        <ele>6.2</ele>
        <time>2026-05-11T09:32:28Z</time>
        <extensions>
          <gpxtpx:TrackPointExtension></gpxtpx:TrackPointExtension>
        </extensions>
      </trkpt>
      <trkpt lat="23.128886" lon="113.319491">
        <ele>6.25</ele>
        <time>2026-05-11T09:32:33Z</time>
        <extensions>
          <gpxtpx:TrackPointExtension></gpxtpx:TrackPointExtension>
        </extensions>
      </trkpt>
      <trkpt lat="23.128997" lon="113.31949">
        <ele>6.13</ele>
        <time>2026-05-11T09:32:38Z</time>
        <extensions>
          <gpxtpx:TrackPointExtension></gpxtpx:TrackPointExtension>
        </extensions>
      </trkpt>
      <trkpt lat="23.129079" lon="113.319467">
        <ele>5.94</ele>
        <time>2026-05-11T09:32:43Z</time>
        <extensions>
          <gpxtpx:TrackPointExtension></gpxtpx:TrackPointExtension>
        </extensions>
      </trkpt>
      <trkpt lat="23.129154" lon="113.319503">
        <ele>6.01</ele>
        <time>2026-05-11T09:32:48Z</time>
        <extensions>
          <gpxtpx:TrackPointExtension></gpxtpx:TrackPointExtension>
        </extensions>
      </trkpt>
      <trkpt lat="23.129248" lon="113.319532">
        <ele>6.0</ele>
        <time>2026-05-11T09:32:53Z</time>
        <extensions>
          <gpxtpx:TrackPointExtension></gpxtpx:TrackPointExtension>
        </extensions>
      </trkpt>
      <trkpt lat="23.129379" lon="113.319538">
        <ele>5.97</ele>
        <time>2026-05-11T09:32:58Z</time>
        <extensions>
          <gpxtpx:TrackPointExtension></gpxtpx:TrackPointExtension>
        </extensions>
      </trkpt>
      <trkpt lat="23.129509" lon="113.31941">
        <ele>6.02</ele>
        <time>2026-05-11T09:33:03Z</time>
        <extensions>
          <gpxtpx:TrackPointExtension></gpxtpx:TrackPointExtension>
        </extensions>
      </trkpt>
      <trkpt lat="23.12954" lon="113.319287">
        <ele>6.07</ele>
        <time>2026-05-11T09:33:08Z</time>
        <extensions>
          <gpxtpx:TrackPointExtension></gpxtpx:TrackPointExtension>
        </extensions>
      </trkpt>
      <trkpt lat="23.129536" lon="113.319196">
        <ele>6.15</ele>
        <time>2026-05-11T09:33:13Z</time>
        <extensions>
          <gpxtpx:TrackPointExtension></gpxtpx:TrackPointExtension>
        </extensions>
      </trkpt>
      <trkpt lat="23.129413" lon="113.31915">
        <ele>6.18</ele>
        <time>2026-05-11T09:33:18Z</time>
        <extensions>
          <gpxtpx:TrackPointExtension></gpxtpx:TrackPointExtension>
        </extensions>
      </trkpt>
      <trkpt lat="23.129286" lon="113.319151">
        <ele>6.19</ele>
        <time>2026-05-11T09:33:23Z</time>
        <extensions>
          <gpxtpx:TrackPointExtension></gpxtpx:TrackPointExtension>
        </extensions>
      </trkpt>
      <trkpt lat="23.129171" lon="113.319143">
        <ele>6.2</ele>
        <time>2026-05-11T09:33:28Z</time>
        <extensions>
          <gpxtpx:TrackPointExtension></gpxtpx:TrackPointExtension>
        </extensions>
      </trkpt>
      <trkpt lat="23.129055" lon="113.319146">
        <ele>6.24</ele>
        <time>2026-05-11T09:33:33Z</time>
        <extensions>
          <gpxtpx:TrackPointExtension></gpxtpx:TrackPointExtension>
        </extensions>
      </trkpt>
      <trkpt lat="23.128945" lon="113.31915">
        <ele>6.27</ele>
        <time>2026-05-11T09:33:38Z</time>
        <extensions>
          <gpxtpx:TrackPointExtension></gpxtpx:TrackPointExtension>
        </extensions>
      </trkpt>
      <trkpt lat="23.128794" lon="113.319161">
        <ele>6.27</ele>
        <time>2026-05-11T09:33:43Z</time>
        <extensions>
          <gpxtpx:TrackPointExtension></gpxtpx:TrackPointExtension>
        </extensions>
      </trkpt>
      <trkpt lat="23.128665" lon="113.319179">
        <ele>6.24</ele>
        <time>2026-05-11T09:33:48Z</time>
        <extensions>
          <gpxtpx:TrackPointExtension></gpxtpx:TrackPointExtension>
        </extensions>
      </trkpt>
      <trkpt lat="23.128544" lon="113.319187">
        <ele>6.24</ele>
        <time>2026-05-11T09:33:53Z</time>
        <extensions>
          <gpxtpx:TrackPointExtension></gpxtpx:TrackPointExtension>
        </extensions>
      </trkpt>
      <trkpt lat="23.128407" lon="113.319187">
        <ele>6.07</ele>
        <time>2026-05-11T09:33:58Z</time>
        <extensions>
          <gpxtpx:TrackPointExtension></gpxtpx:TrackPointExtension>
        </extensions>
      </trkpt>
      <trkpt lat="23.128288" lon="113.319173">
        <ele>6.12</ele>
        <time>2026-05-11T09:34:03Z</time>
        <extensions>
          <gpxtpx:TrackPointExtension></gpxtpx:TrackPointExtension>
        </extensions>
      </trkpt>
      <trkpt lat="23.12817" lon="113.319152">
        <ele>6.21</ele>
        <time>2026-05-11T09:34:08Z</time>
        <extensions>
          <gpxtpx:TrackPointExtension></gpxtpx:TrackPointExtension>
        </extensions>
      </trkpt>
      <trkpt lat="23.128053" lon="113.319116">
        <ele>6.24</ele>
        <time>2026-05-11T09:34:13Z</time>
        <extensions>
          <gpxtpx:TrackPointExtension></gpxtpx:TrackPointExtension>
        </extensions>
      </trkpt>
      <trkpt lat="23.127925" lon="113.31908">
        <ele>6.17</ele>
        <time>2026-05-11T09:34:18Z</time>
        <extensions>
          <gpxtpx:TrackPointExtension></gpxtpx:TrackPointExtension>
        </extensions>
      </trkpt>
      <trkpt lat="23.127884" lon="113.31904">
        <ele>6.07</ele>
        <time>2026-05-11T09:34:23Z</time>
        <extensions>
          <gpxtpx:TrackPointExtension></gpxtpx:TrackPointExtension>
        </extensions>
      </trkpt>
      <trkpt lat="23.127788" lon="113.319009">
        <ele>5.93</ele>
        <time>2026-05-11T09:34:28Z</time>
        <extensions>
          <gpxtpx:TrackPointExtension></gpxtpx:TrackPointExtension>
        </extensions>
      </trkpt>
      <trkpt lat="23.127688" lon="113.319044">
        <ele>5.96</ele>
        <time>2026-05-11T09:34:33Z</time>
        <extensions>
          <gpxtpx:TrackPointExtension></gpxtpx:TrackPointExtension>
        </extensions>
      </trkpt>
      <trkpt lat="23.127586" lon="113.319022">
        <ele>6.07</ele>
        <time>2026-05-11T09:34:38Z</time>
        <extensions>
          <gpxtpx:TrackPointExtension></gpxtpx:TrackPointExtension>
        </extensions>
      </trkpt>
      <trkpt lat="23.127455" lon="113.319005">
        <ele>6.15</ele>
        <time>2026-05-11T09:34:43Z</time>
        <extensions>
          <gpxtpx:TrackPointExtension></gpxtpx:TrackPointExtension>
        </extensions>
      </trkpt>
      <trkpt lat="23.127327" lon="113.318977">
        <ele>6.27</ele>
        <time>2026-05-11T09:34:48Z</time>
        <extensions>
          <gpxtpx:TrackPointExtension></gpxtpx:TrackPointExtension>
        </extensions>
      </trkpt>
      <trkpt lat="23.127172" lon="113.318862">
        <ele>6.23</ele>
        <time>2026-05-11T09:34:53Z</time>
        <extensions>
          <gpxtpx:TrackPointExtension></gpxtpx:TrackPointExtension>
        </extensions>
      </trkpt>
      <trkpt lat="23.126999" lon="113.318811">
        <ele>6.2</ele>
        <time>2026-05-11T09:34:58Z</time>
        <extensions>
          <gpxtpx:TrackPointExtension></gpxtpx:TrackPointExtension>
        </extensions>
      </trkpt>
      <trkpt lat="23.126872" lon="113.318764">
        <ele>6.19</ele>
        <time>2026-05-11T09:35:03Z</time>
        <extensions>
          <gpxtpx:TrackPointExtension></gpxtpx:TrackPointExtension>
        </extensions>
      </trkpt>
      <trkpt lat="23.126721" lon="113.318766">
        <ele>6.14</ele>
        <time>2026-05-11T09:35:08Z</time>
        <extensions>
          <gpxtpx:TrackPointExtension></gpxtpx:TrackPointExtension>
        </extensions>
      </trkpt>
      <trkpt lat="23.126626" lon="113.318762">
        <ele>6.17</ele>
        <time>2026-05-11T09:35:13Z</time>
        <extensions>
          <gpxtpx:TrackPointExtension></gpxtpx:TrackPointExtension>
        </extensions>
      </trkpt>
      <trkpt lat="23.126504" lon="113.318751">
        <ele>6.21</ele>
        <time>2026-05-11T09:35:18Z</time>
        <extensions>
          <gpxtpx:TrackPointExtension></gpxtpx:TrackPointExtension>
        </extensions>
      </trkpt>
      <trkpt lat="23.126382" lon="113.318724">
        <ele>6.18</ele>
        <time>2026-05-11T09:35:23Z</time>
        <extensions>
          <gpxtpx:TrackPointExtension></gpxtpx:TrackPointExtension>
        </extensions>
      </trkpt>
      <trkpt lat="23.126261" lon="113.31868">
        <ele>6.29</ele>
        <time>2026-05-11T09:35:28Z</time>
        <extensions>
          <gpxtpx:TrackPointExtension></gpxtpx:TrackPointExtension>
        </extensions>
      </trkpt>
      <trkpt lat="23.126129" lon="113.31866">
        <ele>6.35</ele>
        <time>2026-05-11T09:35:33Z</time>
        <extensions>
          <gpxtpx:TrackPointExtension></gpxtpx:TrackPointExtension>
        </extensions>
      </trkpt>
      <trkpt lat="23.126041" lon="113.318692">
        <ele>6.38</ele>
        <time>2026-05-11T09:35:38Z</time>
        <extensions>
          <gpxtpx:TrackPointExtension></gpxtpx:TrackPointExtension>
        </extensions>
      </trkpt>
      <trkpt lat="23.125917" lon="113.318659">
        <ele>6.42</ele>
        <time>2026-05-11T09:35:43Z</time>
        <extensions>
          <gpxtpx:TrackPointExtension></gpxtpx:TrackPointExtension>
        </extensions>
      </trkpt>
      <trkpt lat="23.125764" lon="113.318658">
        <ele>6.45</ele>
        <time>2026-05-11T09:35:48Z</time>
        <extensions>
          <gpxtpx:TrackPointExtension></gpxtpx:TrackPointExtension>
        </extensions>
      </trkpt>
      <trkpt lat="23.125623" lon="113.318678">
        <ele>6.4</ele>
        <time>2026-05-11T09:35:53Z</time>
        <extensions>
          <gpxtpx:TrackPointExtension></gpxtpx:TrackPointExtension>
        </extensions>
      </trkpt>
      <trkpt lat="23.12547" lon="113.318716">
        <ele>6.36</ele>
        <time>2026-05-11T09:35:58Z</time>
        <extensions>
          <gpxtpx:TrackPointExtension></gpxtpx:TrackPointExtension>
        </extensions>
      </trkpt>
      <trkpt lat="23.12533" lon="113.318727">
        <ele>6.37</ele>
        <time>2026-05-11T09:36:03Z</time>
        <extensions>
          <gpxtpx:TrackPointExtension></gpxtpx:TrackPointExtension>
        </extensions>
      </trkpt>
      <trkpt lat="23.12521" lon="113.318768">
        <ele>6.36</ele>
        <time>2026-05-11T09:36:08Z</time>
        <extensions>
          <gpxtpx:TrackPointExtension></gpxtpx:TrackPointExtension>
        </extensions>
      </trkpt>
      <trkpt lat="23.125085" lon="113.318778">
        <ele>6.34</ele>
        <time>2026-05-11T09:36:13Z</time>
        <extensions>
          <gpxtpx:TrackPointExtension></gpxtpx:TrackPointExtension>
        </extensions>
      </trkpt>
      <trkpt lat="23.124982" lon="113.318846">
        <ele>6.38</ele>
        <time>2026-05-11T09:36:18Z</time>
        <extensions>
          <gpxtpx:TrackPointExtension></gpxtpx:TrackPointExtension>
        </extensions>
      </trkpt>
      <trkpt lat="23.124863" lon="113.318865">
        <ele>6.32</ele>
        <time>2026-05-11T09:36:23Z</time>
        <extensions>
          <gpxtpx:TrackPointExtension></gpxtpx:TrackPointExtension>
        </extensions>
      </trkpt>
      <trkpt lat="23.124756" lon="113.318929">
        <ele>6.3</ele>
        <time>2026-05-11T09:36:28Z</time>
        <extensions>
          <gpxtpx:TrackPointExtension></gpxtpx:TrackPointExtension>
        </extensions>
      </trkpt>
      <trkpt lat="23.124605" lon="113.318883">
        <ele>6.25</ele>
        <time>2026-05-11T09:36:33Z</time>
        <extensions>
          <gpxtpx:TrackPointExtension></gpxtpx:TrackPointExtension>
        </extensions>
      </trkpt>
      <trkpt lat="23.124486" lon="113.31891">
        <ele>6.2</ele>
        <time>2026-05-11T09:36:38Z</time>
        <extensions>
          <gpxtpx:TrackPointExtension></gpxtpx:TrackPointExtension>
        </extensions>
      </trkpt>
      <trkpt lat="23.12434" lon="113.318896">
        <ele>6.23</ele>
        <time>2026-05-11T09:36:43Z</time>
        <extensions>
          <gpxtpx:TrackPointExtension></gpxtpx:TrackPointExtension>
        </extensions>
      </trkpt>
      <trkpt lat="23.124208" lon="113.318922">
        <ele>6.22</ele>
        <time>2026-05-11T09:36:48Z</time>
        <extensions>
          <gpxtpx:TrackPointExtension></gpxtpx:TrackPointExtension>
        </extensions>
      </trkpt>
      <trkpt lat="23.124092" lon="113.318971">
        <ele>6.24</ele>
        <time>2026-05-11T09:36:53Z</time>
        <extensions>
          <gpxtpx:TrackPointExtension></gpxtpx:TrackPointExtension>
        </extensions>
      </trkpt>
      <trkpt lat="23.123961" lon="113.319007">
        <ele>6.26</ele>
        <time>2026-05-11T09:36:58Z</time>
        <extensions>
          <gpxtpx:TrackPointExtension></gpxtpx:TrackPointExtension>
        </extensions>
      </trkpt>
      <trkpt lat="23.123824" lon="113.319">
        <ele>6.28</ele>
        <time>2026-05-11T09:37:03Z</time>
        <extensions>
          <gpxtpx:TrackPointExtension></gpxtpx:TrackPointExtension>
        </extensions>
      </trkpt>
      <trkpt lat="23.123689" lon="113.319023">
        <ele>6.29</ele>
        <time>2026-05-11T09:37:08Z</time>
        <extensions>
          <gpxtpx:TrackPointExtension></gpxtpx:TrackPointExtension>
        </extensions>
      </trkpt>
      <trkpt lat="23.123554" lon="113.319055">
        <ele>6.22</ele>
        <time>2026-05-11T09:37:13Z</time>
        <extensions>
          <gpxtpx:TrackPointExtension></gpxtpx:TrackPointExtension>
        </extensions>
      </trkpt>
      <trkpt lat="23.123444" lon="113.319072">
        <ele>6.2</ele>
        <time>2026-05-11T09:37:18Z</time>
        <extensions>
          <gpxtpx:TrackPointExtension></gpxtpx:TrackPointExtension>
        </extensions>
      </trkpt>
      <trkpt lat="23.12331" lon="113.319092">
        <ele>6.15</ele>
        <time>2026-05-11T09:37:23Z</time>
        <extensions>
          <gpxtpx:TrackPointExtension></gpxtpx:TrackPointExtension>
        </extensions>
      </trkpt>
      <trkpt lat="23.123185" lon="113.319089">
        <ele>6.14</ele>
        <time>2026-05-11T09:37:28Z</time>
        <extensions>
          <gpxtpx:TrackPointExtension></gpxtpx:TrackPointExtension>
        </extensions>
      </trkpt>
      <trkpt lat="23.12307" lon="113.319086">
        <ele>6.15</ele>
        <time>2026-05-11T09:37:33Z</time>
        <extensions>
          <gpxtpx:TrackPointExtension></gpxtpx:TrackPointExtension>
        </extensions>
      </trkpt>
      <trkpt lat="23.122901" lon="113.319062">
        <ele>6.15</ele>
        <time>2026-05-11T09:37:38Z</time>
        <extensions>
          <gpxtpx:TrackPointExtension></gpxtpx:TrackPointExtension>
        </extensions>
      </trkpt>
      <trkpt lat="23.122777" lon="113.319095">
        <ele>6.16</ele>
        <time>2026-05-11T09:37:43Z</time>
        <extensions>
          <gpxtpx:TrackPointExtension></gpxtpx:TrackPointExtension>
        </extensions>
      </trkpt>
      <trkpt lat="23.12266" lon="113.319066">
        <ele>6.16</ele>
        <time>2026-05-11T09:37:48Z</time>
        <extensions>
          <gpxtpx:TrackPointExtension></gpxtpx:TrackPointExtension>
        </extensions>
      </trkpt>
      <trkpt lat="23.122548" lon="113.319071">
        <ele>6.1</ele>
        <time>2026-05-11T09:37:53Z</time>
        <extensions>
          <gpxtpx:TrackPointExtension></gpxtpx:TrackPointExtension>
        </extensions>
      </trkpt>
      <trkpt lat="23.122434" lon="113.319062">
        <ele>6.06</ele>
        <time>2026-05-11T09:37:58Z</time>
        <extensions>
          <gpxtpx:TrackPointExtension></gpxtpx:TrackPointExtension>
        </extensions>
      </trkpt>
      <trkpt lat="23.122275" lon="113.31899">
        <ele>6.1</ele>
        <time>2026-05-11T09:38:03Z</time>
        <extensions>
          <gpxtpx:TrackPointExtension></gpxtpx:TrackPointExtension>
        </extensions>
      </trkpt>
      <trkpt lat="23.12215" lon="113.318986">
        <ele>6.06</ele>
        <time>2026-05-11T09:38:08Z</time>
        <extensions>
          <gpxtpx:TrackPointExtension></gpxtpx:TrackPointExtension>
        </extensions>
      </trkpt>
      <trkpt lat="23.122014" lon="113.31898">
        <ele>5.92</ele>
        <time>2026-05-11T09:38:13Z</time>
        <extensions>
          <gpxtpx:TrackPointExtension></gpxtpx:TrackPointExtension>
        </extensions>
      </trkpt>
      <trkpt lat="23.121854" lon="113.318979">
        <ele>5.94</ele>
        <time>2026-05-11T09:38:18Z</time>
        <extensions>
          <gpxtpx:TrackPointExtension></gpxtpx:TrackPointExtension>
        </extensions>
      </trkpt>
      <trkpt lat="23.12173" lon="113.318967">
        <ele>5.99</ele>
        <time>2026-05-11T09:38:23Z</time>
        <extensions>
          <gpxtpx:TrackPointExtension></gpxtpx:TrackPointExtension>
        </extensions>
      </trkpt>
      <trkpt lat="23.121611" lon="113.318993">
        <ele>5.97</ele>
        <time>2026-05-11T09:38:28Z</time>
        <extensions>
          <gpxtpx:TrackPointExtension></gpxtpx:TrackPointExtension>
        </extensions>
      </trkpt>
      <trkpt lat="23.121487" lon="113.318998">
        <ele>5.91</ele>
        <time>2026-05-11T09:38:33Z</time>
        <extensions>
          <gpxtpx:TrackPointExtension></gpxtpx:TrackPointExtension>
        </extensions>
      </trkpt>
      <trkpt lat="23.121407" lon="113.319003">
        <ele>5.92</ele>
        <time>2026-05-11T09:38:38Z</time>
        <extensions>
          <gpxtpx:TrackPointExtension></gpxtpx:TrackPointExtension>
        </extensions>
      </trkpt>
      <trkpt lat="23.121315" lon="113.318992">
        <ele>5.89</ele>
        <time>2026-05-11T09:38:43Z</time>
        <extensions>
          <gpxtpx:TrackPointExtension></gpxtpx:TrackPointExtension>
        </extensions>
      </trkpt>
      <trkpt lat="23.121134" lon="113.318964">
        <ele>5.89</ele>
        <time>2026-05-11T09:38:48Z</time>
        <extensions>
          <gpxtpx:TrackPointExtension></gpxtpx:TrackPointExtension>
        </extensions>
      </trkpt>
      <trkpt lat="23.121007" lon="113.318974">
        <ele>5.83</ele>
        <time>2026-05-11T09:38:53Z</time>
        <extensions>
          <gpxtpx:TrackPointExtension></gpxtpx:TrackPointExtension>
        </extensions>
      </trkpt>
      <trkpt lat="23.120884" lon="113.318986">
        <ele>5.93</ele>
        <time>2026-05-11T09:38:58Z</time>
        <extensions>
          <gpxtpx:TrackPointExtension></gpxtpx:TrackPointExtension>
        </extensions>
      </trkpt>
      <trkpt lat="23.120751" lon="113.319027">
        <ele>5.89</ele>
        <time>2026-05-11T09:39:03Z</time>
        <extensions>
          <gpxtpx:TrackPointExtension></gpxtpx:TrackPointExtension>
        </extensions>
      </trkpt>
      <trkpt lat="23.120646" lon="113.318989">
        <ele>6.0</ele>
        <time>2026-05-11T09:39:08Z</time>
        <extensions>
          <gpxtpx:TrackPointExtension></gpxtpx:TrackPointExtension>
        </extensions>
      </trkpt>
      <trkpt lat="23.120523" lon="113.318974">
        <ele>6.25</ele>
        <time>2026-05-11T09:39:13Z</time>
        <extensions>
          <gpxtpx:TrackPointExtension></gpxtpx:TrackPointExtension>
        </extensions>
      </trkpt>
      <trkpt lat="23.12036" lon="113.318967">
        <ele>6.18</ele>
        <time>2026-05-11T09:39:18Z</time>
        <extensions>
          <gpxtpx:TrackPointExtension></gpxtpx:TrackPointExtension>
        </extensions>
      </trkpt>
      <trkpt lat="23.120201" lon="113.31895">
        <ele>6.08</ele>
        <time>2026-05-11T09:39:23Z</time>
        <extensions>
          <gpxtpx:TrackPointExtension></gpxtpx:TrackPointExtension>
        </extensions>
      </trkpt>
      <trkpt lat="23.12006" lon="113.318937">
        <ele>5.93</ele>
        <time>2026-05-11T09:39:28Z</time>
        <extensions>
          <gpxtpx:TrackPointExtension></gpxtpx:TrackPointExtension>
        </extensions>
      </trkpt>
      <trkpt lat="23.119934" lon="113.318927">
        <ele>5.99</ele>
        <time>2026-05-11T09:39:33Z</time>
        <extensions>
          <gpxtpx:TrackPointExtension></gpxtpx:TrackPointExtension>
        </extensions>
      </trkpt>
      <trkpt lat="23.119824" lon="113.31895">
        <ele>5.92</ele>
        <time>2026-05-11T09:39:38Z</time>
        <extensions>
          <gpxtpx:TrackPointExtension></gpxtpx:TrackPointExtension>
        </extensions>
      </trkpt>
      <trkpt lat="23.119724" lon="113.318971">
        <ele>6.02</ele>
        <time>2026-05-11T09:39:43Z</time>
        <extensions>
          <gpxtpx:TrackPointExtension></gpxtpx:TrackPointExtension>
        </extensions>
      </trkpt>
      <trkpt lat="23.119615" lon="113.318996">
        <ele>6.05</ele>
        <time>2026-05-11T09:39:48Z</time>
        <extensions>
          <gpxtpx:TrackPointExtension></gpxtpx:TrackPointExtension>
        </extensions>
      </trkpt>
      <trkpt lat="23.119507" lon="113.319039">
        <ele>6.09</ele>
        <time>2026-05-11T09:39:53Z</time>
        <extensions>
          <gpxtpx:TrackPointExtension></gpxtpx:TrackPointExtension>
        </extensions>
      </trkpt>
      <trkpt lat="23.119313" lon="113.318975">
        <ele>6.1</ele>
        <time>2026-05-11T09:39:58Z</time>
        <extensions>
          <gpxtpx:TrackPointExtension></gpxtpx:TrackPointExtension>
        </extensions>
      </trkpt>
      <trkpt lat="23.119174" lon="113.318954">
        <ele>6.14</ele>
        <time>2026-05-11T09:40:03Z</time>
        <extensions>
          <gpxtpx:TrackPointExtension></gpxtpx:TrackPointExtension>
        </extensions>
      </trkpt>
      <trkpt lat="23.119043" lon="113.318939">
        <ele>6.21</ele>
        <time>2026-05-11T09:40:08Z</time>
        <extensions>
          <gpxtpx:TrackPointExtension></gpxtpx:TrackPointExtension>
        </extensions>
      </trkpt>
      <trkpt lat="23.118919" lon="113.318917">
        <ele>6.22</ele>
        <time>2026-05-11T09:40:13Z</time>
        <extensions>
          <gpxtpx:TrackPointExtension></gpxtpx:TrackPointExtension>
        </extensions>
      </trkpt>
      <trkpt lat="23.118772" lon="113.3189">
        <ele>6.17</ele>
        <time>2026-05-11T09:40:18Z</time>
        <extensions>
          <gpxtpx:TrackPointExtension></gpxtpx:TrackPointExtension>
        </extensions>
      </trkpt>
      <trkpt lat="23.118624" lon="113.318901">
        <ele>6.14</ele>
        <time>2026-05-11T09:40:23Z</time>
        <extensions>
          <gpxtpx:TrackPointExtension></gpxtpx:TrackPointExtension>
        </extensions>
      </trkpt>
      <trkpt lat="23.118481" lon="113.318902">
        <ele>6.07</ele>
        <time>2026-05-11T09:40:28Z</time>
        <extensions>
          <gpxtpx:TrackPointExtension></gpxtpx:TrackPointExtension>
        </extensions>
      </trkpt>
      <trkpt lat="23.118339" lon="113.318912">
        <ele>6.1</ele>
        <time>2026-05-11T09:40:33Z</time>
        <extensions>
          <gpxtpx:TrackPointExtension></gpxtpx:TrackPointExtension>
        </extensions>
      </trkpt>
      <trkpt lat="23.118201" lon="113.318916">
        <ele>6.1</ele>
        <time>2026-05-11T09:40:38Z</time>
        <extensions>
          <gpxtpx:TrackPointExtension></gpxtpx:TrackPointExtension>
        </extensions>
      </trkpt>
      <trkpt lat="23.11807" lon="113.318903">
        <ele>6.15</ele>
        <time>2026-05-11T09:40:43Z</time>
        <extensions>
          <gpxtpx:TrackPointExtension></gpxtpx:TrackPointExtension>
        </extensions>
      </trkpt>
      <trkpt lat="23.117941" lon="113.318915">
        <ele>6.18</ele>
        <time>2026-05-11T09:40:48Z</time>
        <extensions>
          <gpxtpx:TrackPointExtension></gpxtpx:TrackPointExtension>
        </extensions>
      </trkpt>
      <trkpt lat="23.117827" lon="113.318919">
        <ele>6.17</ele>
        <time>2026-05-11T09:40:53Z</time>
        <extensions>
          <gpxtpx:TrackPointExtension></gpxtpx:TrackPointExtension>
        </extensions>
      </trkpt>
      <trkpt lat="23.117678" lon="113.318901">
        <ele>6.31</ele>
        <time>2026-05-11T09:40:58Z</time>
        <extensions>
          <gpxtpx:TrackPointExtension></gpxtpx:TrackPointExtension>
        </extensions>
      </trkpt>
      <trkpt lat="23.117553" lon="113.318918">
        <ele>6.39</ele>
        <time>2026-05-11T09:41:03Z</time>
        <extensions>
          <gpxtpx:TrackPointExtension></gpxtpx:TrackPointExtension>
        </extensions>
      </trkpt>
      <trkpt lat="23.117425" lon="113.318914">
        <ele>6.44</ele>
        <time>2026-05-11T09:41:08Z</time>
        <extensions>
          <gpxtpx:TrackPointExtension></gpxtpx:TrackPointExtension>
        </extensions>
      </trkpt>
      <trkpt lat="23.117266" lon="113.318918">
        <ele>6.42</ele>
        <time>2026-05-11T09:41:13Z</time>
        <extensions>
          <gpxtpx:TrackPointExtension></gpxtpx:TrackPointExtension>
        </extensions>
      </trkpt>
      <trkpt lat="23.117138" lon="113.318905">
        <ele>6.45</ele>
        <time>2026-05-11T09:41:18Z</time>
        <extensions>
          <gpxtpx:TrackPointExtension></gpxtpx:TrackPointExtension>
        </extensions>
      </trkpt>
      <trkpt lat="23.117" lon="113.318899">
        <ele>6.52</ele>
        <time>2026-05-11T09:41:23Z</time>
        <extensions>
          <gpxtpx:TrackPointExtension></gpxtpx:TrackPointExtension>
        </extensions>
      </trkpt>
      <trkpt lat="23.11687" lon="113.318924">
        <ele>6.69</ele>
        <time>2026-05-11T09:41:28Z</time>
        <extensions>
          <gpxtpx:TrackPointExtension></gpxtpx:TrackPointExtension>
        </extensions>
      </trkpt>
      <trkpt lat="23.116762" lon="113.318893">
        <ele>6.73</ele>
        <time>2026-05-11T09:41:33Z</time>
        <extensions>
          <gpxtpx:TrackPointExtension></gpxtpx:TrackPointExtension>
        </extensions>
      </trkpt>
      <trkpt lat="23.116683" lon="113.318734">
        <ele>6.57</ele>
        <time>2026-05-11T09:41:38Z</time>
        <extensions>
          <gpxtpx:TrackPointExtension></gpxtpx:TrackPointExtension>
        </extensions>
      </trkpt>
      <trkpt lat="23.116718" lon="113.318571">
        <ele>6.53</ele>
        <time>2026-05-11T09:41:43Z</time>
        <extensions>
          <gpxtpx:TrackPointExtension></gpxtpx:TrackPointExtension>
        </extensions>
      </trkpt>
      <trkpt lat="23.116826" lon="113.318451">
        <ele>6.29</ele>
        <time>2026-05-11T09:41:48Z</time>
        <extensions>
          <gpxtpx:TrackPointExtension></gpxtpx:TrackPointExtension>
        </extensions>
      </trkpt>
      <trkpt lat="23.116911" lon="113.318332">
        <ele>6.13</ele>
        <time>2026-05-11T09:41:53Z</time>
        <extensions>
          <gpxtpx:TrackPointExtension></gpxtpx:TrackPointExtension>
        </extensions>
      </trkpt>
      <trkpt lat="23.116895" lon="113.318225">
        <ele>6.32</ele>
        <time>2026-05-11T09:41:58Z</time>
        <extensions>
          <gpxtpx:TrackPointExtension></gpxtpx:TrackPointExtension>
        </extensions>
      </trkpt>
      <trkpt lat="23.116924" lon="113.318107">
        <ele>6.37</ele>
        <time>2026-05-11T09:42:03Z</time>
        <extensions>
          <gpxtpx:TrackPointExtension></gpxtpx:TrackPointExtension>
        </extensions>
      </trkpt>
      <trkpt lat="23.116941" lon="113.317976">
        <ele>6.26</ele>
        <time>2026-05-11T09:42:08Z</time>
        <extensions>
          <gpxtpx:TrackPointExtension></gpxtpx:TrackPointExtension>
        </extensions>
      </trkpt>
      <trkpt lat="23.116939" lon="113.31781">
        <ele>6.22</ele>
        <time>2026-05-11T09:42:13Z</time>
        <extensions>
          <gpxtpx:TrackPointExtension></gpxtpx:TrackPointExtension>
        </extensions>
      </trkpt>
      <trkpt lat="23.116953" lon="113.317652">
        <ele>6.03</ele>
        <time>2026-05-11T09:42:18Z</time>
        <extensions>
          <gpxtpx:TrackPointExtension></gpxtpx:TrackPointExtension>
        </extensions>
      </trkpt>
      <trkpt lat="23.116939" lon="113.317522">
        <ele>5.98</ele>
        <time>2026-05-11T09:42:23Z</time>
        <extensions>
          <gpxtpx:TrackPointExtension></gpxtpx:TrackPointExtension>
        </extensions>
      </trkpt>
      <trkpt lat="23.116921" lon="113.317386">
        <ele>5.75</ele>
        <time>2026-05-11T09:42:28Z</time>
        <extensions>
          <gpxtpx:TrackPointExtension></gpxtpx:TrackPointExtension>
        </extensions>
      </trkpt>
      <trkpt lat="23.116912" lon="113.317258">
        <ele>5.6</ele>
        <time>2026-05-11T09:42:33Z</time>
        <extensions>
          <gpxtpx:TrackPointExtension></gpxtpx:TrackPointExtension>
        </extensions>
      </trkpt>
      <trkpt lat="23.116927" lon="113.317141">
        <ele>5.56</ele>
        <time>2026-05-11T09:42:38Z</time>
        <extensions>
          <gpxtpx:TrackPointExtension></gpxtpx:TrackPointExtension>
        </extensions>
      </trkpt>
      <trkpt lat="23.116912" lon="113.317021">
        <ele>5.55</ele>
        <time>2026-05-11T09:42:43Z</time>
        <extensions>
          <gpxtpx:TrackPointExtension></gpxtpx:TrackPointExtension>
        </extensions>
      </trkpt>
      <trkpt lat="23.11693" lon="113.316877">
        <ele>5.49</ele>
        <time>2026-05-11T09:42:48Z</time>
        <extensions>
          <gpxtpx:TrackPointExtension></gpxtpx:TrackPointExtension>
        </extensions>
      </trkpt>
      <trkpt lat="23.116947" lon="113.316724">
        <ele>5.48</ele>
        <time>2026-05-11T09:42:53Z</time>
        <extensions>
          <gpxtpx:TrackPointExtension></gpxtpx:TrackPointExtension>
        </extensions>
      </trkpt>
      <trkpt lat="23.116966" lon="113.316609">
        <ele>5.49</ele>
        <time>2026-05-11T09:42:58Z</time>
        <extensions>
          <gpxtpx:TrackPointExtension></gpxtpx:TrackPointExtension>
        </extensions>
      </trkpt>
      <trkpt lat="23.116976" lon="113.316467">
        <ele>5.44</ele>
        <time>2026-05-11T09:43:03Z</time>
        <extensions>
          <gpxtpx:TrackPointExtension></gpxtpx:TrackPointExtension>
        </extensions>
      </trkpt>
      <trkpt lat="23.116978" lon="113.316318">
        <ele>5.32</ele>
        <time>2026-05-11T09:43:08Z</time>
        <extensions>
          <gpxtpx:TrackPointExtension></gpxtpx:TrackPointExtension>
        </extensions>
      </trkpt>
      <trkpt lat="23.116977" lon="113.316165">
        <ele>5.13</ele>
        <time>2026-05-11T09:43:13Z</time>
        <extensions>
          <gpxtpx:TrackPointExtension></gpxtpx:TrackPointExtension>
        </extensions>
      </trkpt>
      <trkpt lat="23.116963" lon="113.316042">
        <ele>4.74</ele>
        <time>2026-05-11T09:43:18Z</time>
        <extensions>
          <gpxtpx:TrackPointExtension></gpxtpx:TrackPointExtension>
        </extensions>
      </trkpt>
      <trkpt lat="23.116916" lon="113.315903">
        <ele>4.72</ele>
        <time>2026-05-11T09:43:23Z</time>
        <extensions>
          <gpxtpx:TrackPointExtension></gpxtpx:TrackPointExtension>
        </extensions>
      </trkpt>
      <trkpt lat="23.116871" lon="113.31577">
        <ele>4.91</ele>
        <time>2026-05-11T09:43:28Z</time>
        <extensions>
          <gpxtpx:TrackPointExtension></gpxtpx:TrackPointExtension>
        </extensions>
      </trkpt>
      <trkpt lat="23.116898" lon="113.315594">
        <ele>4.85</ele>
        <time>2026-05-11T09:43:33Z</time>
        <extensions>
          <gpxtpx:TrackPointExtension></gpxtpx:TrackPointExtension>
        </extensions>
      </trkpt>
      <trkpt lat="23.116962" lon="113.315465">
        <ele>4.56</ele>
        <time>2026-05-11T09:43:38Z</time>
        <extensions>
          <gpxtpx:TrackPointExtension></gpxtpx:TrackPointExtension>
        </extensions>
      </trkpt>
      <trkpt lat="23.117062" lon="113.315341">
        <ele>4.59</ele>
        <time>2026-05-11T09:43:43Z</time>
        <extensions>
          <gpxtpx:TrackPointExtension></gpxtpx:TrackPointExtension>
        </extensions>
      </trkpt>
      <trkpt lat="23.11705" lon="113.31517">
        <ele>4.93</ele>
        <time>2026-05-11T09:43:48Z</time>
        <extensions>
          <gpxtpx:TrackPointExtension></gpxtpx:TrackPointExtension>
        </extensions>
      </trkpt>
      <trkpt lat="23.117042" lon="113.315053">
        <ele>5.08</ele>
        <time>2026-05-11T09:43:53Z</time>
        <extensions>
          <gpxtpx:TrackPointExtension></gpxtpx:TrackPointExtension>
        </extensions>
      </trkpt>
      <trkpt lat="23.117035" lon="113.314932">
        <ele>4.92</ele>
        <time>2026-05-11T09:43:58Z</time>
        <extensions>
          <gpxtpx:TrackPointExtension></gpxtpx:TrackPointExtension>
        </extensions>
      </trkpt>
      <trkpt lat="23.117087" lon="113.31486">
        <ele>4.85</ele>
        <time>2026-05-11T09:44:03Z</time>
        <extensions>
          <gpxtpx:TrackPointExtension></gpxtpx:TrackPointExtension>
        </extensions>
      </trkpt>
      <trkpt lat="23.117082" lon="113.314741">
        <ele>4.84</ele>
        <time>2026-05-11T09:44:08Z</time>
        <extensions>
          <gpxtpx:TrackPointExtension></gpxtpx:TrackPointExtension>
        </extensions>
      </trkpt>
      <trkpt lat="23.117074" lon="113.314577">
        <ele>4.88</ele>
        <time>2026-05-11T09:44:13Z</time>
        <extensions>
          <gpxtpx:TrackPointExtension></gpxtpx:TrackPointExtension>
        </extensions>
      </trkpt>
      <trkpt lat="23.117026" lon="113.314446">
        <ele>4.84</ele>
        <time>2026-05-11T09:44:18Z</time>
        <extensions>
          <gpxtpx:TrackPointExtension></gpxtpx:TrackPointExtension>
        </extensions>
      </trkpt>
      <trkpt lat="23.11704" lon="113.314302">
        <ele>4.89</ele>
        <time>2026-05-11T09:44:23Z</time>
        <extensions>
          <gpxtpx:TrackPointExtension></gpxtpx:TrackPointExtension>
        </extensions>
      </trkpt>
      <trkpt lat="23.11701" lon="113.314176">
        <ele>4.86</ele>
        <time>2026-05-11T09:44:28Z</time>
        <extensions>
          <gpxtpx:TrackPointExtension></gpxtpx:TrackPointExtension>
        </extensions>
      </trkpt>
      <trkpt lat="23.117054" lon="113.314017">
        <ele>4.86</ele>
        <time>2026-05-11T09:44:33Z</time>
        <extensions>
          <gpxtpx:TrackPointExtension></gpxtpx:TrackPointExtension>
        </extensions>
      </trkpt>
      <trkpt lat="23.117062" lon="113.313883">
        <ele>4.89</ele>
        <time>2026-05-11T09:44:38Z</time>
        <extensions>
          <gpxtpx:TrackPointExtension></gpxtpx:TrackPointExtension>
        </extensions>
      </trkpt>
      <trkpt lat="23.117036" lon="113.313735">
        <ele>4.89</ele>
        <time>2026-05-11T09:44:43Z</time>
        <extensions>
          <gpxtpx:TrackPointExtension></gpxtpx:TrackPointExtension>
        </extensions>
      </trkpt>
      <trkpt lat="23.117047" lon="113.313576">
        <ele>4.88</ele>
        <time>2026-05-11T09:44:48Z</time>
        <extensions>
          <gpxtpx:TrackPointExtension></gpxtpx:TrackPointExtension>
        </extensions>
      </trkpt>
      <trkpt lat="23.117042" lon="113.313396">
        <ele>4.92</ele>
        <time>2026-05-11T09:44:53Z</time>
        <extensions>
          <gpxtpx:TrackPointExtension></gpxtpx:TrackPointExtension>
        </extensions>
      </trkpt>
      <trkpt lat="23.117056" lon="113.313234">
        <ele>4.9</ele>
        <time>2026-05-11T09:44:58Z</time>
        <extensions>
          <gpxtpx:TrackPointExtension></gpxtpx:TrackPointExtension>
        </extensions>
      </trkpt>
      <trkpt lat="23.117092" lon="113.313096">
        <ele>4.88</ele>
        <time>2026-05-11T09:45:03Z</time>
        <extensions>
          <gpxtpx:TrackPointExtension></gpxtpx:TrackPointExtension>
        </extensions>
      </trkpt>
      <trkpt lat="23.117092" lon="113.312997">
        <ele>5.01</ele>
        <time>2026-05-11T09:45:08Z</time>
        <extensions>
          <gpxtpx:TrackPointExtension></gpxtpx:TrackPointExtension>
        </extensions>
      </trkpt>
      <trkpt lat="23.117096" lon="113.312881">
        <ele>5.03</ele>
        <time>2026-05-11T09:45:18Z</time>
        <extensions>
          <gpxtpx:TrackPointExtension></gpxtpx:TrackPointExtension>
        </extensions>
      </trkpt>
    </trkseg>
  </trk>
</gpx>